id,title,selftext,score,created_utc,subreddit
1nqz43z,Open AI will be the loser in the end as all AI becomes like internet providers or cell phone providers,"In the final days all of the major AI players will be able to offer the same services. And, the consumer always wins. It will be a price war. Meta, Alphabet, Microsoft, Apple, Amazon, Xia/Tesla all offer something else to make money off and will win the price war for pure play AI as it turns into a commodity like access to the internet

I will add that in the end everything gets commoditized unless you have monopoly power. With the hyperscalers, China, India, and smaller US operations doing it you can switch and churn in an out of each of the AI chatbots. Again the consumer always wins.

And, the power needs 10GW for stargate is insane, we are talking 100s of millions of dollars for electricity if not more since they will have to subsidize the build out. Cooling is another massive cost. How will they make money charging people $200 per month. There will be a price war as they will have to charge closer to $2000 per month but then Apple will come out with its in phone AI that doesnt touch the cloud as much for an extra $400 and these hyperscalers will pull there hair out.

  
As for the stocks they will work near term but irrational exuberance always ends badly. CNBC and Bloomberg dont even understand AI's business model but its all they talk about.",180,1758887021.0,
1o2gfpp,PE ratio of top 20 market cap 1999 vs 2025,"
With all the bubble talk, I wondered what the top 20 market cap companies' P/E looked like in 1999 compared to the top 20 today. I also included the rate of return through 2006, so this avoids the 2007–08 crash.

Take this for what you will.

 

Notable:

Average P/E in 1999: 54
Average P/E in 2025: 48
4 Companies from 1999 had a positive return through 2006. 
5 companies from 1999 are still in the top 20 today: Exxon, Walmart, Microsoft, J&J, and Oracle
In 1999, 3 companies had P/Es over 100. Today, only Tesla is above 100.
Tesla stands out with the highest PE of the 40 data points and continues to confound me. 
 

1999 Top 20                       7-Year Return (1999–2006) and P/E Ratio

1.  ExxonMobil                  +28%     P/E: 15

2.  Citigroup                       +25%   P/E: 23

3.  Walmart                        +14%    P/E: 40

4.  Procter & Gamble     +7%      P/E: 30

5.  Microsoft                      +0%       P/E: 75

6.  Johnson & Johnson   +0%      P/E: 28

7.  Home Depot               -7%        P/E: 40

8.  IBM                                  -7%        P/E: 30

9.  Oracle                            -14%     P/E: 110

10. Merck                           -21%     P/E: 30

11. Bristol-Myers            -28%     P/E: 28

12. Pfizer                             -28%     P/E: 30

13. AT&T                              -35%     P/E: 20

14. Intel                               -35%     P/E: 45

15. General Electric       -42%     P/E: 30

16. Cisco Systems          -49%    P/E: 135

17. Dell                                -56%     P/E: 65

18. AOL                                -64%     P/E: 200

19. Lucent                          -68%     P/E: 90

20. American Intl. Group     -68%    P/E: 18

 

2025 Top 20 – Market Cap and P/E Ratio

 

1.  NVIDIA                           $4.5T    P/E: 52.7

2.  Microsoft                      $3.9T    P/E: 38.4

3.  Apple                              $3.8T    P/E: 38.9

4.  Alphabet                       $3.0T    P/E: 26.6

5.  Amazon                         $2.4T    P/E: 33.8

6.  Meta Platforms          $1.8T     P/E: 25.9

7.  Broadcom                    $1.6T    P/E: 85.8

8.  Tesla                               $1.5T  P/E: 250.3

9.  Taiwan Semiconductor     $1.1T  P/E: 31.5

10. Berkshire Hathaway       $1.1T  P/E: 17.0

11. Oracle                          $0.9T    P/E: 65.9

12. JPMorgan Chase       $0.8T   P/E: 15.8

13. Tencent                        $0.8T    P/E: 27.2

14. Walmart                      $0.8T    P/E: 38.8

15. Eli Lilly                          $0.8T    P/E: 55.1

16. Visa                               $0.7T    P/E: 34.8

17. Netflix                           $0.5T    P/E: 50.8

18. Mastercard               $0.5T      P/E: 39.1

19. ExxonMobil               $0.5T      P/E: 16.2

20. Johnson & Johnson  $0.4T  P/E: 20.4

 

",115,1760040603.0,
1nn2eed,Would you keep 40% of your portfolio in AMZN to avoid capital gains tax?,"I've vested Amazon shares over the years and I sell to cover then leave them in AMZN. I have that portfolio of 100% AMZN, and another one that I actively manage which is about 40% SPY, 20% bonds and gold, and 40% in individual stocks. 

I ran the numbers and, when both portfolios are combined, 40% of my holdings are AMZN. 

My AMZN portfolio is +30% overall. I know I'm overweight in AMZN due to the shares given to me. I want to sell about half of the AMZN shares and put that money into SPY and bonds. 

About half of the AMZN shares have been held over a year so its short term capital tax, the other half last than a year. That doesn't really matter as I would sell ""first in first out"" if I redistributed some of AMZN shares. 

Given the tax implications, what's a sound strategy I should do? Continue holding all AMZN in my one port? Sell a portion and redistribute?

Thank you ",57,1758485747.0,
1nufyxd,"Honeywell, spin off, next General Electric? Opportunity? Division into 3 new companies: Materials, Automation and Aviation.","In 2021, General Electric decided to dismantle its historic conglomerate by dividing it into three autonomous companies: GE Aerospace, GE Vernova and GE HealthCare.

The overall capitalization of the three companies rose to around 474 billion dollars, compared to 290 billion before the split. In other words, the market recognized over 180 billion in additional value thanks to the separation.

Why does this happen? There are three main reasons. First: conglomerates often suffer from a market ""discount"", because investors struggle to give the right value to very different businesses. By separating them, each company becomes more readable and comparable to direct competitors. Second: capital management improves, because each entity can invest without having to compromise with the needs of other divisions. Third: a dedicated board of directors and management can move with greater clarity and accountability.

Let's talk about Honeywell. Today the company is organized into four major areas: Aerospace, Safety and Productivity Solutions, Building Technologies and Energy and Sustainability. Translated into a post-spinoff scenario, we could imagine three companies: Honeywell Aerospace, Honeywell Automation (which would combine the first two non-aerospace divisions), and Solstice Advanced Materials, focused on specialty chemistry and decarbonization technologies.

The shareholder letter decided to give 1 share of solstice for each share of Honeywell. The split of the other 2 divisions is expected at the end of 2026.

The Aerospace segment is by far the strongest and represents the main source of revenue. Honeywell supplies avionics, engines and auxiliary systems to giants such as Boeing and Airbus, but also to military aircraft and even future eVTOLs such as those from Joby Aviation. In addition to this, a significant portion comes from after-sales services: maintenance, repairs and overhauls which guarantee recurring flows.

Honeywell Automation, on the other hand, would focus on industrial automation, intelligent warehouses and security solutions. Think of scanners, robotics and voice-picking systems in Amazon warehouses, gas detectors and PPE for industrial workers, or energy and fire management systems for complex buildings such as airports and university campuses.

Finally, Solstice Advanced Materials would represent the “greener” and more futuristic side: CO₂ capture, green hydrogen, advanced battery materials and sustainable chemical solutions. A reality in its own right, with a positioning perfectly in line with the ESG priorities of global investors.

For an investor there are three paths. The first is to buy Honeywell shares now and wait for the split, then deciding whether to keep all the companies or sell the less interesting ones. The second is to wait for the spin-off and bet directly on the most promising horse, which in all likelihood will be Aerospace. The third is to mix.",40,1759245431.0,
1ndmthq,Does Anyone Have Insight on The Trade Desk?,"The Trade Desk is an interesting stock. They are down 67% from ATH and fell 11% today due to a Morgan Stanley analyst downgrade and Netflix and Amazon inking an ad deal.

I looked into them a while ago and was interested in their approach to a cookie-less world with UID2. I stopped looking but saw that Google really pushed back on ending cookies and pretty much killed Privacy Sandbox.

I don’t know too much about TTD or what they do, so I’d love to hear from those who have knowledge of the stock or ad tech space.

EDIT: Also wanted to ask what everyone thinks about Amazon’s DSP and how much of a concern that is to TTD",25,1757530143.0,
1nly3z5,Protective puts on your portfolio,"Hi,
With valuations climbing sky high, and Main Street looking pretty bleak, do you buy cheap out of the money puts on your portfolio to protect from downturn

For example I have 100 shares Amazon at about a 180ish dca

Buy 1 put 3 months out for 30 bucks ish out of the money

Thoughts? ",11,1758374679.0,
1o2n78d,Amd buying/selling or holding,"Hi ladies and gentlemen what you all doing with ur AMD position buying, selling or holding. I m up over hundred percent jst lil confused about selling Amd but again longer horizon Amd should do well or not which is why I am at stage of trimming half 25 percent to put cash into something else. For example meli, unh even amazon I believe there are still undervalued names out there. Thanks 🙏 ",12,1760057957.0,
1nt5n8m,Sell stocks and put in ETFs?,"I am a new (late) investor (been about 15 months), and I don’t know anything about the stock market except time in the market beats timing the market. 
My brokerage portfolio is small, but half is in ETFs and half are individual stocks (Google, Nvidia, Amazon, BrkB). It’s the same for my Roth IRA. 
My question is, should I pull all the individual stocks and just put it all in ETFs and just sit and wait? I don’t watch the market, and I don’t have that kind of knowledge (or time) to keep tabs on everything. I have about 20 years until official retirement age. ",11,1759110018.0,
1nh5ai2,United Parcel Service (UPS). Long term play.,"Initiated a position in United Parcel Service (UPS). Interested in y'all's thoughts.

Attractions 1-11 below, BEAR flags beneath them, and my position at the end.

Dividend yield = 7.40% (approximately). UPS has either maintained or increased its dividend each year since going public in 1999.

Significant dip from all-time highs. Potential for mean reversion.

Growing internationally, Small and Medium-sized Business segment, and healthcare.

Reducing head count (voluntary driver separation program). Ending leases and selling facilities, which if I'm understanding this correctly are the ones associated with the Amazon business.

UPS plans to accelerate the ""Glide Down"" agreement that UPS reached with Amazon to reduce the volume UPS handles by more than 50% by June 2026. Amazon is 11% of it's business. UPS initiated this plan to focus on more profitable business channels. Video from CEO here -> https://youtu.be/v-dLQlt3qgY?feature=shared

S&P company operating in more than 200 countries.

Focusing on ""Network Reconfiguration and Efficiency Reimagined"" initiatives. Tip, review any Quarterly earnings (10-Q) reports on their investor relations page from 2025 and search for ""Network Reconfiguration and Efficiency Reimagined"" within the document.

Warning, I'm speculating here, but curious if there is a potential investment in Figure A.I.? 
""Our Network of the Future initiative is intended to enhance the efficiency of our network through automation..."". -> Sourced here -> https://investors.ups.com/news-events/press-releases/detail/2146/ups-releases-2q-2025-earnings

Insiders bought in late July and Early August 2025. -> https://www.nasdaq.com/market-activity/stocks/ups/insider-activity

Goldman Sachs issued a note to their clients to buy calls on a few companies, UPS was among the list, which also includes PLTR and AMD. -> https://www.cnbc.com/video/2025/08/13/goldman-sachs-meme-stock-resurgence-has-spread-into-broader-buying-of-large-cap-stocks.html

Form 13F filings for 2Q 2025 (June) seemed neutral to slightly bullish. -> https://whalewisdom.com/stock/ups

- BEARISH variables below -

1) Tariffs

2) President Donald Trump ended the de minimis exemption. Read more here -> https://thehill.com/homenews/state-watch/5491936-postal-shipments-to-us-down-by-80-after-de-minimis-ends/

- My position below -

100 shares at an average cost of $84.57.

I also have 10 $100 calls expiring 01/15/2027, with an average cost of $6.65.

- This is not investment advice.

! Bonus video below !
https://www.reddit.com/r/interestingasfuck/comments/1ny9kc5/bad_vs_good_delivery_drivers/?utm_source=share&utm_medium=mweb3x&utm_name=mweb3xcss&utm_term=1&utm_content=share_button",10,1757889899.0,
1nxmg5e,Pairing ticked strategy for the portfolio,"Hi guys has anyone tried pairing tickers strategy for long term investing
For example Sofi/hood
Amd/nvda
Or oscr/unh
Or root/lmnd
Uber/lyft/grab
Amazon/meli
If u guys have done something like that pls share some thoughts how did it go? I m talking about 10 percent concentration in each stock! Probably 8-10
Would love ur thoughts 





",5,1759558715.0,
1ntk8nk,Bankrupt/Closed businesses question?,"EDIT: Answer provided almost immediately- thanks! 

I've tried searching for the answer and am not finding it, so I'm hoping someone knows: 

When you invest in an index fund, what happens if one of the company disappears? 
(Eg it goes bankrupt or it closes) 
Especially if it is a higher percentage of the index fund? 

Does it differ if it's a mutual fund vs ETFs? 

Are the companies that compromise the index fund set in stone? 
Do you lose that percentage of your investment, or does it get reallocated into the other companies already in the index fund and the percentages for all get adjusted? 
Does the whole index fund get shut down, and money refunded or lost? 

Or does the manager/s of the index fund, find a different company to sub in for the company that no longer exists? 
Does this still happen if it's a passive fund? 
(Are they already swapping companies in and out if some are performing badly? I haven't been watching the complete makeup of funds I've already invested in to notice if they changed since I bought shares) 

I understand/assume there'd be a huge value loss immediately if this happened eap with large companies, so I'm not asking about the value per se, but what then happens with the fund? 



(I realised a lot of the index funds have the same couple of major companies making up a solid chunk of their allocation. I realise the likelihood of eg Amazon suddenly shutting down is incredibly minimal, and I do realise there are likely legal protections in place to prevent this occurring, but it made me very curious with ""but what if?!!"". When I've tried to search for the answer, the search engines keep only giving me information for if the broker/fund management company closes- which is NOT what I'm curious about)  ",4,1759157835.0,
1o2b1hk,What to Invest in with a Joint Account?,"Hi All, 

Looking on some ideas/advice of where to invest in a joint account with my wife. 

Little Background. 

My wife has a 401k through her employer

I have a state pension and a Roth IRA that I invest heavily into VOO and I have a large chunk of NVDA, some Amazon, MSFT, and a little PEG.

My Wife and I are saving upwards of $4k every month and I want to take a chunk of that and invest in a joint account so our money works for us a little more.

Do I just invest in more VOO or do invest in a different ETF, go Dividend heavy, or something else all together? 

I feel like VOO would be ok but that doesn't give us much diversity in our portfolio. 

What would you do? 

Thanks all! ",2,1760028277.0,
1o0u32j,Do any platforms let you sell $xx amount of stock every time it increases by $xx in value?,"For example, sell $10 of amazon every time my amazon stock goes up $100 ?

I want to have a profit taking strategy that is set and forget but that doesn't result in my totally exiting my position. I am looking at fidelity and it seems like I would have to define one conditional sell order per interval I want to sell at.

  
Is what I describe called a bracket order?",0,1759877886.0,
1nv2hff,𝙈𝙚𝙩𝙖 𝙞𝙣𝙫𝙚𝙨𝙩𝙨 𝙗𝙞𝙜 𝙞𝙣 𝘼𝙄 𝙞𝙣𝙛𝙧𝙖𝙨𝙩𝙧𝙪𝙘𝙩𝙪𝙧𝙚,"Meta just signed a **US$14 billion deal with CoreWeave** to secure huge amounts of cloud and AI capacity.

Here’s how I see it:

* Short term: it’s going to push costs higher. $14B isn’t pocket change, and I wouldn’t be surprised if this weighs on margins in upcoming quarters.
* Long term: this screams commitment to AI. Meta isn’t just playing around with chatbots or ads they’re building infrastructure that powers recommendation systems, future metaverse projects, and whatever comes next in large-scale AI.
* Competitive angle: it positions them to better compete with the giants already dominating cloud + AI Microsoft, Google, Amazon. Instead of renting capacity, Meta is basically locking down the horsepower they’ll need for the next decade.

Personally, I like seeing this move. It reminds me of when Amazon poured billions into AWS back in the day. Painful upfront, but it turned into one of their biggest growth engines.

What do you all think? Smart long-term play or reckless spending?

",0,1759306469.0,
1ntwo3a,1 year of investing: here is my outlook,"Hey guys I wanted to make a little list here of all of my wins and losses. My dos and donts of my personal finances.

So let's begin where ive been putting my money. Now im pretty happy with how I did it. I've had a huge sum just rotting (that's how you gotta see cash, as literally rotting) rotting in my bank account.

So step 1: get off your ass and put it in a mutual fund. ""Oh its not as good"" blah blah its better than just having it sit there and you do nothing about it. Procrastinate procrastinate... just do it.

Step 2: learn about ETFs. The more you learn about mutual funds the more you realize theyre ripping you off. So start putting your own money into a self directed investing account.

Step 2.5 (for canadians): Use TSFA or HSFA or RRSP. If you're young and make decent money, use HSFA. If you make very little money use TSFA. If you make a lot of money, use both. Remember there is a limit to how much you can put in and rules about them so go learn.

Step 3: dont start gambling. Basically you (me not you this is what I did) have no idea what youre doing and now youre just guessing what might go up or down. People on tik tok saying Costco is a buy or amazon or Google or whatever. I bought them all. I still have some but here's my rule right now: only hold what you're willing to lose. If you've got 1000 in your account then only holding 10 in Microsoft might seem like a failure since its up 19% so you might be tempted to put 200 in. But take it from me, im still holding onto stocks that ive over invested in and theyre losing. 

Step 4: go slow. You cant beat the market. Just put in money bit by bit. And if you have a big chunk of money, just put it into something safe and buy little by little every week. Set aside a reasonable amount from your paycheck and invest in the same reliable ETFs

Step 5: here is what i invest in:
40% S&P 500, (best option)
10% Gold and/or silver(market stablizer)
10% Uranium (betting on global turbulence)
20% Global markets (diversify)
20% China (risky wealth building) 

So my results after a year

My mutual fund with 60% of my money (in 1.5years) = +16%
My TSFA with 30% = +7.5%
My HSFA with 10% (8months) = +12.5%
S&P 500 = +19% (damn I really thought I did better than that) 

For all you experienced folks out there, (redected) I cannot ask you anything apparently ",0,1759186292.0,
1ngal7f,AMZN covered calls free money?!,"We have some vested AMZN RSUs that have been pretty stagnant but I’m bullish on the company and we’re plenty diversified so we’re holding. 




About a month ago I was reading some covered call strategies and AMZN stood out as a decent company to sell covered calls on. So I tried it weekly for the last month, on Friday I’d sell a CC for the next Friday from $130-248 each. After rolling the cost and putting aside some money for the tax man I came out with about $440. That’s just under 2% return for the month. 



If I do this every month and let the cash sit in a money market or reinvest I come out with a pretty healthy profit. Now I just have the 100 shares so it is a bit of effort for just $440/mn but we have more vesting soon and once we get 200-300 shares that’s not bad. 




Here’s where it’s free money:


1. I’ll get this out of the way: I’m completely fine if these get called and I have to sell. It’s been an underperformed and was “free” to begin with. I’m not expecting amzn to have a crazy week and I miss out on a double. 




2. I’ve been selling 232.5 and 235 calls. Amazon has struggled to pass the $240 and only a few times in the last year did it get to $235+ making it fairly unlikely for it then to be called.



3. AMZN shouldn’t have many unexpected upside moves, it’s just not historically likely. Making it somewhat safe. However it does tend to float between $215-230 meaning this should be a fairly sustainable approach for me to keep doing every week or two.




I’m not sure if I’m missing something obvious? Like the biggest risks are losing out on future gains of the shares if it gets called and taxes right? But the taxes are factored in and the return is still decent and the future gains I’m just not particularly worried about and it seems I’d be able to buy back in. I’m genuinely open to advice if I’m fucking something up, but I don’t think I am and it seems like a solid strategy. ",0,1757802340.0,
1nnytkk,My predictions for 2035 -what will be a goldmine and what will be a spectacular collapse,"
**1. Corporate jobs, white-collar, office jobs, working for corporations** -this has already been revealed as a scam career nobody thinks seriously about since how companies use AI to layoff people.

I would not invest my career path into being a cog in the corporate machine.
Layoffs, optimizing quarterly earnings by offshoring, and AI are taking over.
In my opinion, these jobs are too risky. The ultimate goal of corporations is to cut costs on employees, pay them as little as possible while keeping them from quitting, and maintain a constant large supply of workers (including migrants) to create endless competition and an employer’s market.

It’s very risky to invest in corporate jobs. I would stay away, even if today tech, finance, etc. offer good salarie because your job existence depends on whether the corporation wants you or not. It’s a pointless career in the era of AI.

**2. Independent career paths**

Jobs and professions where your clients are ordinary people and you control how much you work and who you work for. Dentists, nurses, hairdressers, car mechanics, builders, plumbers.
Services you provide directly to ordinary people, work independent from boss and managers.

**3. Small business owners**
Again, independent jobs outside the traditional 9-5 corporate slavery, without bullshit like time tracking and annual performance reviews. Local pizzerias, restaurants, beauty salons, electronic shops, food shops, etc.

**4. Marketing and influencing**

Having a large following userbase, being public and visible on the internet, building a community, being a YouTuber,  with 100k+ subscribers.
Why? Because it allows you to leverage that audience to create businesses you already have a ready user base.

**5. Innovations against capitalism and corporate culture**

Since the job market is terrible and will be even worse in the future, all innovation around fighting consumerism, anti-capitalism, and small alternatives (to McDonald’s, Amazon, Facebook etc.) will grow. 20 years ago, these companies were liked by people because they were innovative and helped improve people’s lives. Now they hoard all the profits for themselves and harm society, the economy, and the job market. People hate large companies now, and they will be seeking friendly, ethical, anticapitalistic alternatives who share profits with ordinary people and make their life better.

In the future, angry people who lost their jobs due to AI will also move away from large corporations. Just like iPhones will become outdated the way BlackBerry phones did, alternatives to Amazon and other corporate giants will emerge.

The next trend is anticonsumerism. All innovations that provide alternatives to AI, big corporations, and consumerism will grow. This is especially visible in Gen Z and Gen Alpha. Being poor and frugal will be cool. A few years ago, people admired influencers and celebrities now they hate them for flaunting luxury lives they’ll never have.

Previously, wearing Louis Vitton and rolex was considered impressive, but now people laugh at that. Wearing Temu clothes is seen as cooler because everyone knows buying overpriced products is for losers. Among the younger generation, wearing Louis vitton or riding a porsche isn’t a flex anymore, it’s cringe. People despise these status symbols, seeing them as losers tricked into buying overpriced corporate bullshit that’s worth $1 instead of the $10 000 they paid.

**6. Loneliness epidemic**

This is a huge problem. Right now people replace their social contact with tiktok and social media, but even though they use it, they still crave real human connections. Anything, businesses or innovations that solves this problem and unites the younger generation could be the next airbnb level innovation.

**7. Squeezing money from services for the middle class and rich**

All the work and services where the rich are consumers will provide a lot of money. Cleaning their houses, quality food for the wealthy, nannies, spas, luxury brands, etc. Prices for services targeting the rich will rise.
Just like corporations raise prices for products while cutting labor costs, people providing direct services for the rich (cleaning ladies, nannies, food delivery, spas, etc.) will raise their rates, squeezing money from the rich. People hate the rich and will overvalue these services as a way to get money back. 

**8. Investing in stocks**

I believe the UBI of our time will be investing in stocks guaranteed profit in the era of AI. On one hand, we can hate AI as corporate robbery used to lay off people. But on the other hand, we can ride the wave and invest in their stocks.

The recession isn’t coming in the next 10 years, corporations have everything in place now. The poor will struggle, but the capital market doesn’t care. Capital markets exist to make money.

Investing, especially in AI companies, is a safe bet. Ordinary people may dislike AI, but billionaires are already pouring money into it and will continue to. Large cap stocks at this point are like a safe UBI with 20-30% YoY gains.

What do the rich do if they want more money? They invest in stocks. Years ago, the stock market saw recessions, 20% drops, Black Mondays, banking crises, etc. Now the stock market doesn’t even react to that. The rich pour their money into stocks because they’re too lazy to create something new with real value they just click, buy stocks, and do nothing while their capital multiplies.

 


 
",0,1758575673.0,
1o2jrqm,Selling my 458 shares of Apple in 2020 probably my biggest investing regret,"Back in **2020**, I sold **458 shares of Apple (AAPL)**.  
At the time, I thought the stock had already run too far and I wanted to lock in some profits  
Looking back now… that was easily the **worst financial decision I’ve ever made**.  
If I had just held on, those shares would be worth **a lot more today**, not to mention all the dividends along the way  
It’s funny how emotions take over,I thought I was being “smart” and disciplined, but really I was just impatient.Anyone else have a “why did I sell that?” story?",475,1760048509.0,
1nsa2sl,You can't beat the market by buying good companies for the same reason you can’t get rich betting on the best football teams,"The idea that information is “priced in” is a notoriously tricky concept for new investors (I know I struggled with it for a while), and it occurred to me that a sports betting analogy might help.

You can go out and bet on who is going to win tomorrow's NFL games, but for most of those games, there's a lot of information out there that leads people to expect that one team is more likely to win. Take, for example, tomorrow's Bills-Saints game. There's a lot of information suggesting that the Bills are a much better team, and are much more likely than the Saints to win. As a result, if you want to bet that the Bills will win, you're not going to find someone who will take the other side of that bet straight up.

To get someone to take the other side of the bet, you have to concede something: either give them better odds (ie they get a bigger payout if their unlikely bet pays off), or a spread, meaning a number of points that the favored team must win by for the bet to pay out (in this example, the Bills have to win by at least 15 tomorrow, if they win by 7, the people who bet on the Saints get the money). The expectation that the Bills are going to win is priced in, the odds or spread adjust until equal numbers of people are willing to take either side of the bet.

The stock market works the same way. There's a lot of information that leads people to expect that Apple will continue to grow and perform much better than the average company. As a result, to get someone to agree to sell you an Apple share, you have to pay a high price: 35 times Apple's current earnings per share (compared to an average of about 26.6 times for the US stock market as a whole). If everyone expects Apple to do better as a company than the market in general, the price of the stock will rise until there's an equal number of buyers and sellers. The expectation that Apple will have above average earnings in the future is already priced in, just like the expectation that the Bills will beat the Saints.

Everyone agrees the Bills will probably beat the Saints. To bet on it, you need to have an *even higher conviction* than the consensus. Everyone agrees Apple will probably have better earnings than the average company. To bet on it (ie buying Apple shares instead of a total market index fund), you have to have an *even higher conviction* than the consensus. You can't get rich betting on teams that everyone knows are good, and you can't beat the market buying companies that everyone knows are good. Available information is priced in.

Edit: I stopped watching football a while back, so the fact that the Bills are -14.5 vs the Saints is wild to me.

Edit2: If you think you have a method for finding mispriced stocks, that’s not necessarily in conflict with my point here. The point is that it’s more complicated than simply buying companies widely regarded as good, in contrast to what new investors often assume. (That said I do tend to be skeptical that retail investors can expect to find a market-beating strategy)

Edit 3: the Bills won 31-19, meaning that they won the game but did not cover the spread, and people who put money on the Saints won.",163,1759017425.0,
1nrmhrf,Nvidia market cap looks kinda crazy maybe suppliers worth a look,"Nvidia passed 1 trillion market cap, everyone chasing AI story. i get it, gpu demand is huge, but from a value perspective maybe the suppliers have more reasonable entry.

Like with apple years ago, a lot of suppliers (foxconn, tsmc, luxshare etc) did well along the iphone cycle, sometimes with safer valuations than apple itself.

For nvidia chain there are smaller names too, e.g. won rong group, twowinit information, not famous, probably less hyped, but they also benefit directly from the gpu boom. 

Nvidia suppliers source: [https://xchainova.com/source/cmg15yx7g000pjl04gb6wesvp](https://xchainova.com/source/cmg15yx7g000pjl04gb6wesvp)

Just a thought. anyone here ever looked at supply chain plays instead of buying the main company?",101,1758948787.0,
1o26nbl,Rare earths soaring - get it now DD,"DD on UURAF, UUUU, CRML, WWR and more. 

This sector is going to explode. 

China tightens grip on rare earths supplies. Stocks involved are surging https://www.cnbc.com/2025/10/09/china-tightens-rare-earths-grip-stocks-surge.html?__source=iosappshare%7Ccom.apple.UIKit.activity.CopyToPasteboard
",32,1760018281.0,
1nr6nuj,"I think the Micron and Apple rally focus on distributed AI hardware, leaving the hyperscalers overbuilding - why power producers are reluctant to commit to building","Sam Altman has boasted his new Stargate or whatever its called will require 10GW of electricity. Thats what 70% of New York City needs. He knows power producers wont go there so he is overbuilding for 30-50 years from now thinking for some insane reason distributed AI hardware wont come around. If your laptops and phones can handle 40% of the AI load it grossly diminished what goes into the cloud and ultimately to the hyperscalers data centers. They are over building, IPPs (power producers) know it and are using it to build passion projects rather than on-site commitments. Altman knows his data centers will run at 10-20% usage for a decade or more thinking the whole world will run through his data centers. But, thats the thing, in business no one likes one company to have that much control over information. Will the hyperscalers get a positive return on invested capital - maybe - but this AI craze of shooting stocks up when they say they will burn more cash for demand 15 years from now - maybe - is a bubble.",20,1758905819.0,
1nog6f0,Weekly Semiconductor Brief - Confidence is rising,"I have an overview for myself on semiconductor companies stock prices and compare it with rest of the market and industry. I thought it might be interesting to you as well. I am open to suggestions to improvements. 

**Weekly overview (7 day change)**

* S&P500 +1.32%
* Semiconductor industry +4.23%

**Winners of the week**

* Synopsys SNPS          20.85%
* Teradyne TER              18.65%
* ACM Research ACMR 18.55%

**Losers of the week**

* MediaTek 2454         -10.42%
* Wolfspeed WOLF        -9.31%
* ARM Holdings ARM    -6.09%

**Most traded of the week**

* NVIDIA NVDA       $1,051,164,049
* Intel INTC.            $1,003,355,538
* Apple AAPL          $423,437,422

My comments: Semiconductor industry had a strong week. Nvidia’s $5 billion investment in Intel boosted confidence in future chip collaborations, while upgrades for Applied Materials and Lam Research highlighted stronger equipment orders tied to AI and memory recovery. Teradyne also surged on reports of increased adoption of its testers by TSMC.",5,1758630915.0,
1o143vg,thoughts on the stocks invested in ?,"I've saved $900 that I've invested 300 of into various stocks such as nvidia, pltr, btc depot, apple, alb, coin, dragonfly, gqg, key, meta, sonic healthcare and ups

Nvidia, apple and meta i invested in because they seem like strong long term companies that will stick around   
pltr due to their current drop in price and bc ive seen a lot of talk about it  
btc depot to try dip into the btc influence, i saw crypto rising so invested in coin  
shl, gqg was due to some prominent figures buying in (co-directors) or smth  
alb, ups, and key was due to some report that came out saying these were good, same report that talked about other stocks booming such as palantir, ea, and warner brothers  
dragonfly was solely based on some yahoo finance thing about like the biggest loser or something

and am funneling monthly 50 into voo, and 50 into a split of 30% open 30% rklb, 20% asts and 20% and 20% qs

i did simulation tradeing but tbh just copied what the top people did and shorted a lot of stuff that shot up the night before, im very new to trading but did some reserach into what i should buy into but mostly listened to the talk online that was happening.

can anybody give these a breakdown? im very eager to learn and would love to learn from those of you who are more experienced.  thank you.  im not looking for financial advice, i just want to hear about the discussion of these stocks.",0,1759909022.0,
1ns00s6,Riskiest short term gains?,"I know that for short term savings putting money into a government money fund is the safest and most secure way to make 4% interest. Set it and forget it. Auto buy. Go get it when you need it. 

What’s the opposite? What’s a super risky way to save money short term that could result in massive gains at the risk of losing it all, but also in a set it and forget it way. Not daytrading or buying options where you have to manage it but something passive yet zero to 10x spectrum of outcomes.

Edit:

I know this is a terrible idea. This is mostly just a thought experiment. The impetus is that I was paying for apple care for an iphone and never used it. I figured, what if instead I put that money into a fund and tried to multiply it without concern for loss.",1,1758991676.0,
1ntlfop,Micron (MU) has lots of room to grow,"Micron Technology is a global leader in memory and storage solutions, a foundational part of nearly all modern electronics. Over the past six months, Micron’s share price has surged by nearly 70 percent, and its year-to-date gain now stands at over 92 percent, surpassing Wall Street expectations.

Behind this rally lies Micron’s growing strategic importance in the AI and data center economy.
Its memory chips are increasingly essential for powering artificial intelligence applications, with top-tier customers like NVIDIA, Apple, Samsung, and Lenovo relying on Micron’s cutting-edge technology.

Top analysts from Citi, TDCowen, and Deutsche Bank remain bullish ahead of upcoming earnings, pointing to tailwinds from the expanding data center market, which is forecasted to grow by 33 percent annually through 2030. In Q4 2025 alone, analysts expect a staggering 109 percent year-over-year revenue increase.

With industry momentum, strong financials, and unmatched exposure to AI demand, Micron is shaping up to be one of the strongest long-term semiconductor bets of 2025.

Despite Micron’s impressive 2025 rally, many investors believe it still trades at a discount to its true value. The key reason is Micron's forward price-to-earnings ratio remains significantly lower than peers. Its 2026 forward P/E of just 9.72x is well below the semiconductor industry average.

This disconnect exists because much of Micron’s value lies in its exposure to high-bandwidth memory, a crucial technology for powering AI workloads. Micron’s HBM product lines are sold out through 2026 and the next-generation HBM4 chips are already generating buzz.

Micron is evolving from a cyclical chipmaker into a long-term growth story. With AI infrastructure booming, its undervaluation won’t last much longer.

Wall Street is focused on Micron ahead of its next earnings release. In recent weeks, Citi,
Mizuho, and Susquehanna all raised their price targets, with Citi and Susquehanna now
targeting $200 and Mizuho not far behind at $182.

Citi also reiterated its Buy rating, citing stronger-than-expected demand for AI-ready memory chips. Micron’s earnings per share expectations have risen accordingly, with investors anticipating continued upside surprises.

Micron already delivered an EPS of $3.03 in Q4 2025, significantly beating estimates, and
analysts expect the trend to continue. Key themes to watch in the upcoming report include AI product demand, margin guidance, and capacity updates for 2026.

The AI revolution is triggering a record wave of infrastructure investment. From Microsoft’s $30 billion supercomputer project in the UK to Nvidia’s backing of OpenAI with up to $100 billion in funding, the scale of global AI investment is massive.

Micron sits at the heart of this growth, supplying high-bandwidth DRAM and NAND memory required to keep AI models running. With OpenAI’s Stargate project planning
multi-gigawatt-scale data centers, Micron’s role as a memory provider is becoming even more critical.

Micron has even reorganized internally to reflect this shift, aligning its product roadmap to the growing demands of the AI and cloud markets.

Micron’s financial foundation is solid. The company continues to ramp up R&D investment, especially in AI-focused memory, while improving profitability. Recent quarters show operating margin expansion, and Micron’s R&D budget now exceeds historical averages, reflecting its strategy to stay ahead in HBM, DRAM, and NAND technology.

This combination of profitability improvements and innovation spending makes Micron uniquely well positioned to capitalize on future AI cycles.

Micron has built a strong track record of earnings performance, consistently delivering beats on EPS and revenue.

In Q4 2025, Micron reported an EPS of $3.03 compared to estimates ranging from $2.53 to
$2.86. Revenue was $11.3 billion, also above expectations. This marked the third consecutive quarter of double beats in fiscal 2025.

Micron has now beaten expectations for eight straight quarters. This consistency reflects both demand strength and operational execution and has been a key driver of investor confidence.

Micron remains attractively valued even after its run-up. Its forward P/E is 13.4x, well below the sector median of 19.2x. Its forward price-to-sales ratio near 3.7x is also lower than that of leading AI peers like Nvidia and AMD.
This valuation gap is notable, especially given Micron’s exposure to the same AI megatrends as its higher-multiple competitors. Even a re-rating to average sector multiples would imply a substantial upside, with some analysts suggesting prices well above $200 per share.
While the bullish case for Micron is strong, risks remain. 

Competition from Samsung and SK
Hynix is intensifying, particularly in high-bandwidth memory. The memory market itself is highly cyclical and could be affected by any slowdown in AI or cloud infrastructure spending.

There has also been regular insider selling and approximately $200 million in quarterly
stock-based compensation. Although much of this is standard practice in tech and not tied to
bearish sentiment, it still contributes to dilution. In addition, any missteps in yield, supply chains, or global trade could pressure margins.
Micron holds approximately $11.9 billion in cash and $14 billion in debt, resulting in low net
leverage. Its investment-grade profile gives it the flexibility to raise capital at favorable terms if needed. This reduces reliance on equity and helps limit shareholder dilution.

This financial strength provides a buffer against the memory industry’s inherent volatility and
supports Micron’s long-term strategy.
Looking further ahead, Micron’s FY2027 forward P/E projection is just 10.5x. This sets up an attractive long-term buying opportunity, particularly as AI spending is expected to grow
throughout the decade.

Micron is well positioned to benefit across multiple AI investment cycles, not just a short-term surge.

From a technical perspective, Micron’s RSI currently signals overbought conditions, suggesting the stock may cool off in the near term. However, its price remains well above the long-term simple moving average, confirming a strong bullish trend.

Crucially, the fundamentals support the technical momentum. Robust demand, earnings strength, and favorable industry trends provide a solid foundation, suggesting that any pullbacks may represent long-term buying opportunities.

Governments worldwide are investing heavily in AI infrastructure. The United States has
supported projects in Wisconsin, Arizona, and Norway, while other nations like the UK, UAE,
and Japan are also building next-gen AI facilities.

As a key supplier of high-performance memory, Micron stands to benefit from this global infrastructure buildout. Its products are necessary components in nearly every advanced AI deployment on the horizon.
Micron insiders, including CEO Sanjay Mehrotra, regularly sell shares through pre-scheduled trading plans. While the lack of insider buying may be seen as a mild negative, it is typical in the tech industry where executives are already highly exposed to company stock.

Micron also issues about $200 million in stock-based compensation each quarter. While this
contributes to modest dilution, it is not excessive compared to other major tech firms and is an accepted tool for attracting and retaining top talent.

Given Micron’s growing earnings and market position, this dilution is manageable and does not materially weaken the bullish case.

Micron offers a rare combination of explosive earnings growth, AI-driven product demand,
attractive valuation, and a strong balance sheet. While competition and market cycles require ongoing attention, the upside potential significantly outweighs the risks.

As Micron continues to execute and deliver results, it remains a strong buy ahead of earnings and into 2026.

Investor sentiment has been overwhelmingly positive. Retail traders view Micron as one of the leading beneficiaries of the AI boom, and institutional investors are showing strong conviction.

Hedge funds have increased their stakes and long-term investors like pension funds are holding steady.

With confidence from both Wall Street and Main Street, Micron is becoming one of the most widely embraced infrastructure plays in the AI space.

The semiconductor industry is undergoing a transformation powered by AI and data. Micron
Technology sits at the center of this shift. As covered throughout this report, Micron’s rising
earnings, leadership in next-gen memory, and robust financial position give it a powerful
long-term edge.

The company is positioning itself for the future of technology, from generative AI to cloud
computing and beyond. Even after a substantial run-up in 2025, Micron remains attractively valued with room to grow.

All signs point to Micron Technology being a top semiconductor pick for 2025 and the years
ahead.",0,1759160509.0,
1o25k1h,Should I trust an AI agent as an analyst?,"I’m am learning basics of investing and recently started experimenting by using an AI agent that acts like an equity research analyst. It’s called the Equity Investment Research Agent.  
  
Here’s what it did for me so far:  
  
Broke down earnings reports and explained the key drivers in plain English  
  
Filtered through news, market sentiment, and financial data to highlight what might actually move a stock  
  
Showed me how the “narrative” around companies like Apple has shifted over time  
  
Simplified financial statements (income, balance sheet, cash flow) into insights I could actually understand  
  
Applied analyst-style frameworks so I could see why a stock might rise/fall  
  
But since I am not very expert at this, so I am not sure how much of it can I trust.  
  
P.S Agent is on MuleRun Marketplace and I liked results of their other agents, the ones I understand.",0,1760015528.0,
1nfhk7y,Average Daily Range (ADR) indicator,"Anyone here use the Average Daily Range (ADR) indicator with hourly stats for Forex, crypto, metals or indices?

Does it actually help you time entries or avoid chasing stretched moves, or is it just another number on the chart?

I’ve been checking out the [ADR Tracker](https://apps.apple.com/us/app/adr-tracker/id6752336382) app, which shows today’s range vs the average and breaks it down by hour, but I’m mostly curious if the ADR approach itself is really useful.

What’s your take?",0,1757717770.0,
1nto9qg,Investment advice from a friend... WDYT?,"Imagine a situation. Jonny's portfolio is fully in stocks like PLTR, IONQ, OKLO, QUBT, etc... Jonny found them up on Reddit. He's happy with the portfolio being 5x in just a year, seeing how his 10k became 50k. What a deal! At night he dreams that the next year will bring another 5x and his 50k will turn into 250k. Power of compounding! He wonders if it's a good idea to take a loan and sell his girlfriend's jewels to invest in those ""5x"" stocks. When he's a millionaire, he will shower her with diamonds.

In search of advice, Jonny comes to a friend, Kattie, whom he respects for warning him about using leverage and teaching him the concept of volatility. That saved all his money in the past.

Jonny: Hey K! What do you think about that idea? I'm really afraid I'm missing a great opportunity to get rich. Those companies are sure to be the next Nvidia, Apple, and Google. I want to take a risk and go all in.

Kattie: Dude… why do you think these companies are great investments in the first place? Have you seen the financial results and checked the valuation? The P/E and P/S ratios are so insane that I wouldn't even bother looking deeper.

Jonny: You should see what people on Reddit are saying! This is the ultimate game, a once-in-a-lifetime opportunity. AI will replace all current jobs, and quantum will replace all modern computers. Just yesterday the CEO of that quantum stock said they're the next Nvidia. I'm already up 5x. It means something!

Kattie: Yeah, it means you're a gambler - and CEOs are really great at pumping hype and making themselves money. Look, successful businesses don't appear and disappear overnight. Take your beloved Apple, Nvidia, or Google and look at their history. In 2005, Google was already a business with world-class infrastructure - from their exceptional search and ads engine to tools like Gmail, Maps, Images, and more. Guess what? 2005 was just the beginning of Google's journey. In 2010, Apple had multiple successes with its products - from the Apple I to the Macintosh, iPod, and iPhone. In 2010 it still wasn't too late to buy Apple stock, right? In 2015, Nvidia was already a successful company loved by gamers, CG artists, and researchers. Their products were exceptional; everyone wanted the latest GeForce GPU in their setup. You'd think 2015 was too late? Ha!

Jonny: I don't get your point.

Kattie: Today's ""investors"" buy garbage businesses with questionable products, all because management is big on words, selling a ""we're the future"" story. Really? Then prove it first - in action, in product. With a great business, you don't need a middleman selling you a story; you can witness the impact yourself. A great business would tell you, in a confident voice: ""Don't be afraid. Do your research; take your time. Even after five years, we'll still offer a great opportunity."" They are not loud, because they have a moat! A scam business sells you a beautiful narrative, plays with your emotions, and gaslights you into buying their asset with the confidence of a professional narcissist. Do you really think those companies you invested in are the next Nvidia, Google, and Apple? Have they demonstrated excellence multiple times over the previous years? Did they really changing the world? Do you see it yourself?

Jonny: Well, I guess we need to wait and see if they'll really create a product that will change our lives. Now I see why you brought up Google in 2005 - it was already impacting everyone's life, but it wasn't a missed opportunity. It was just the beginning.

Kattie: Exactly! Great companies continue to be great and reinvest their talent into developing more great stuff.

Jonny: What should I do with my portfolio? Sell it? Buy Nvidia and Google?

Kattie: I won't tell what you should do. If I were in this situation, I'd first consider myself very lucky. I made good money on a blind gamble. Thanks, life! Then I'd be smarter with my investments. I'd take my gambling profit and reinvest it into an index fund by dividing it into 24 equal chunks and buying one chunk every month. That would benefit me if the stock market crashes because of all the insane gambling hype happening right now. I'd use those two years to learn financial analysis and how to interpret companies balance sheets. That would give me the tools to invest in the market.

Jonny: But 5x, I really afraid that I might miss the next round.

Kattie: Remember, 99% of start-ups fail, even if at some point their stock price rises 10x in a short period of time. That means you have a 99% chance of losing your money. Short-term gains != long-term success. In a gamble, it's better to take a profit and leave the table. 

Jonny: I guess you're right. I'll ask what folks on Reddit think about this situation.

WDYT, folks? Are you with Jonny or Kattie on this one?",0,1759166867.0,
1nxclpf,Is this Robinhood ID fraud?,"So two questions? One is i once invested 5 bucks into apple for shits and giggles. Left it in there didnt think about. Months later I see in my bank statement $250 deducted from my bank account and its a robinhood charge? I then open the app and $965 individual cash!? Where is this money from!? I see my apple stock is doing great going from 5 bucks to $5.81 for individual holdings but believe it or not I dont know shit about investing. Why was i charged $250, why do I have $965 in individual cash, am I being hacked or scammed? What should I do with the individual cash?",0,1759529022.0,
1npncdh,Be careful with quantum stocks,"I'm an engineer, and my sphere of competence is technology. I'm a believer in quantum computers. Here's why I think it's a bad idea to invest in quantum stocks.

You see, a successful business is not determined by how advanced the technology is, but by its ability to generate a pile of money. Business, first of all, is a cash generator. And we, as investors, want to own great cash generators. The problem with quantum stocks is that none of them are great businesses (aside from maybe IBM and Google, which aren't really ""quantum stocks"").

Let's put aside the complexity of quantum computing and how difficult it is to scale. Let's assume we've solved all technical issues. Do you know how much it costs to build and maintain a quantum solution? Do you know how much it would cost to develop commercialized mass-manufacturing? To educate the personnel? The answer: a freaking unimaginable amount.
  
There's no company in Taiwan that will print you quantum chips on demand. There aren't millions of quantum engineers and software programmers waiting to be employed. The infrastructure does not exist. Quantum technology won't be scalable for decades - maybe half a century.
  
You can't even compare quantum to the AI revolution. AI is still silicon-based and can reuse existing infrastructure. Quantum technology reimagines our entire approach to computing from scratch. And it costs a hell of a lot of money (tons of debt, none of profit).

None of the companies on the market will dominate the quantum space. They're not businesses - they're research labs (and some are scams). The companies that will eventually build infrastructure, hire engineers, and scale to the market don't exist yet.

Technology doesn't mean business. Research doesn't mean cash. And sadly, even established companies with fully built infrastructure and strong brands can fail as businesses (sorry, Intel, I'm talking about you).

See how absurd it is that current quantum stocks already have billions in market cap, sitting alongside successful businesses? These companies print flashy news releases and talk big about how quantum will change everything. They exploit public ignorance about technology to sell wet dreams stuffed with money bags. If it sounds too good to be true, it probably is. Your money will soon end up in the pockets of insiders and hedge funds.

This is a reality check not just for quantum stocks, but for tech hype in general. Think twice where you put your money. Maybe it's better to take your profit, consider yourself lucky, and buy your girlfriend flowers or a house?

Not investment advice, of course, but I'd rather put a smile on a girl's face than invest in quantum. ;)

P.S.
When in doubt, trust fundamentals, not your biases. Don't fool yourself into thinking you would've picked Nvidia in 2015 if you only had the information available in 2015. Today is the same - you don't know who's going to be the champ in 2035. It will surprise us all. ",762,1758746282.0,
1nzh7c5,"Goldman Sachs issued a note to their clients to buy calls on a few companies, and they've been right so far.","On Wednesday, August 13th, 2025, CNBC published that Goldman Sachs issued a note to their clients to buy calls on a few companies.
Story here-> https://www.cnbc.com/video/2025/08/13/goldman-sachs-meme-stock-resurgence-has-spread-into-broader-buying-of-large-cap-stocks.html 

Since then, some of those companies have won. Their bullish headlines are below: 

Electronic Arts $EA
-> https://www.google.com/amp/s/www.cnbc.com/amp/2025/10/03/eas-55-billion-deal-delivers-a-win-for-investors-but-raises-uncertainty-for-gamers.html

Warner Brothers Discovery Inc. $WBD
-> https://www.cnbc.com/2025/09/19/paramount-skydance-warner-bros-discovery-bid-update.html

Advanced Micro Devices $AMD
-> https://www.google.com/amp/s/www.cnbc.com/amp/2025/10/06/openai-amd-chip-deal-ai.html

Other names below with bullish headlines pending.

Palantir $PLTR

United Parcel Service $UPS

Interested in y'all's thoughts?
Are you in any of these?

I have outright $PLTR shares (sub $16 average) and bought some $UPS leaps a week ago. Not financial advice.
",715,1759752407.0,
1o06of3,Patent analysis reveals where smart money is actually betting on AI,"Went through this analysis of 2,398 generative AI patents filed globally from 2017 to 2023 breaks down into 6 categories. The biggest category was financial and information security applications at 22.8% of all patents. Image generation and processing comes second at 21.7% and medical applications comes after at 14.6%.

Conversational AI,  the chatbot offered by OpenAI/Antrhopic/Meta/Google etc actually came at fourth place.

Object detection, crucial for autonomous vehicles and robotics, is declining in patent activity (Not sure if tech has matured, or they can't see the ROI anymore). So is financial security despite being the largest category. Image generation peaked around 2021 and dipped after 2022.

On the other hand, medical applications and cyber physical systems are growing fast. 

What I want to say here is that if you're long on AI, the patent trends suggest medical and cyber physical applications have more room to run. The financial security space might be mature or hitting diminishing returns. Image generation looks like it's consolidating.

One last thing, the analysis found all correlations between application categories were negative. What this means is that innovation is siloed and not interrelated. In simpler terms, a breakthrough in medical imaging doesn't transfer to financial fraud detection even though both use similar neural network architectures. So GenAI isn't one market, it's 6 separate markets that happen to use related technology.

If you're investing in AI through geographic ETFs or regional indexes, this ranking tells you where actual innovation is concentrated versus where the headlines come from. Not investment advice obviously, but patent trend analysis is one of those alternative data sources that might give you an edge before quarterly reports catch up.

Source (Open Access) - [https://www.sciencedirect.com/science/article/pii/S2444569X24000702](https://www.sciencedirect.com/science/article/pii/S2444569X24000702)",393,1759816506.0,
1nrrne6,Is Google still cheap? 10 year expected returns,"Google went from “Search is dead” to “Google might be the most valuable company because of AI,” fueling a 70% rally in just half a year. Congrats to those who realized that search wasn’t dead and captured those fast gains. To me, this wasn’t a difficult call, quarter after quarter, it was clear that search was performing better and better.

However, is GOOGL still a bargain after a 70% rally? Lets look into it.

When I evaluate whether a stock is a bargain, I typically use discounted models for Free Cash Flow (FCF), Earnings Per Share (EPS), and revenue. I base these models on conservative growth rates and terminal valuations, which give me both an expected-case and worst-case fair value.  
After making the model, I can adjust the expected CAGR return, to determine the expected returns to justify the current market cap. So I will provide what we can expect Google stock will return every year (on average) the next 10 years.

From there, I look for at least a 12.5% compound annual growth rate (CAGR) over the next 10 years. That may sound aggressive, but it builds in a margin of safety while ensuring my returns are likely to outperform the S&P 500.

Once the model is built, I adjust the expected CAGR to see what kind of return the current market cap implies together with the expected growth rates and terminal valuations.

Anyways here are the results:

FCF: 6% to 7.5% CAGR  
EPS: 11.5% to 14.5% CAGR  
Revenue: 5% to 7% CAGR

So is GOOGL a bargain at today's price?  
Probably not.

Expecting annual returns of around 7%, or as low as 5% under worse assumptions, is not particularly exciting. Note that EPS return estimates are likely inflated due to share buy backs.

That said, this is not a case for selling. GOOGL remains my largest position. Google is one of the greatest businesses in the world, and apart from Saudi Aramco (big oil), it is the highest-earning company globally, while Google's margins and growth are outstanding.

Holding onto world-class businesses, even when they are trading at okay rather than great prices, is perfectly fine. But I will not be adding to my position at current levels.

For me this is a clear hold.",275,1758968221.0,
1nxpeth,"If investing into snp500 is common advice, with back tests and all, then why not 2x leveraged snp500?","[https://stockanalysis.com/stocks/compare/sso-vs-googl-vs-spxl-vs-spy/](https://stockanalysis.com/stocks/compare/sso-vs-googl-vs-spxl-vs-spy/) \[sso is 2x snp500, spxl is 3x\]

But as SSO is a in a way 500 stocks, then it is safer/more diversified than GOOGL which could be partially wiped out by a single court ruling even though one is leveraged while GOOGL or any magnificent 7 stock is not leveraged?

Shouldn't we just SSO retirement funds, by shifting money from SPY into SSO every time snp500 does say -10% or even just ""dollar cost average"" buy monthly SSO instead of SPY?

EDIT. Great discussion so far after initial downvotes. I hope for a quant type comments (probabilistic type approach to volatility/risk/returns or for links to academic studies)",189,1759569864.0,
1nzkmbi,I Don't Understand the AI Investment Cycle,"Around 5 years ago, I posted a similar thread about my lack of understanding on electric vehicles. It brought forward a lot of interesting perspectives on the bull and bear side and I learned a good bit.

[https://www.reddit.com/r/investing/comments/m60b98/i\_have\_to\_be\_missing\_something\_about\_the\_ev\_space/](https://www.reddit.com/r/investing/comments/m60b98/i_have_to_be_missing_something_about_the_ev_space/)

Today, I am posting a similar question about AI and how I dont understand the investments we are seeing in AI and more importantly, where does the ROI on this investment come from?

I dont think I am putting any opinion out there that isnt already known/debated, but my views on AI are pretty straightforward:

1. AI has the potential to revolutionize how we live and can disrupt countless industries and long term, will be a huge benefit for society
2. Like the Industrial Revolution, this disruption will not be met with cheers and excitement. People will be nervous about losing their jobs, wealth inequality being driven further and further, and a deep mistrust of institutions
3. A large majority of the AI investment by big tech is being driven by advertising revenue/cash flow. If we enter a recession or that advertising demand dries up, how much will these large companies be willing to leverage their balance sheets. Look at how much Zuckerberg already has with Meta.
4. Most of this investment will never see a return much less an adequate return on investment. Its very different than the dotcom bubble. With the innovation of some of these chips/hardware, some of this AI investment will quickly become obsolete.
5. From an accounting perspective, it feels like companies are understating expenses like depreciation/amortization which will further drive down profits. Plus, these business ""relationships"" you see between Open AI, Oracle, Nvidia, etc... is it just glorified ribbon cutting? Is any value being driven through these deals besides seeing the 5-10% bump in your stock price the next day? It seems the whole industry is mostly just signing deals between 5-6 companies and moving money around on a spreadsheet. 
6. China is just as much in this arena as we are. Back in the dotcom era, American Exceptionalism drove a lot of the investment in the US in the late 90s because there werent great alternatives. In today's world, that isnt the case. You have a China competitor that has proven it cant just go toe-to-toe with you, but can straight up beat you. If this race comes down to building, the US will lose. We already have lost the great energy race of the 2010s and is there any doubt that China will do what China always does? Drive margins down, reduce profitability, and ensure only the fittest survive. In todays market, you have Chinese tech companies that can compete with the Google, Meta, etc.
7. History suggests that the dominant players today might not be the dominant players of tomorrow. Part of that is not innovating and getting beaten by a smaller and more nimble version. Part of it is making poor investment, rushing to a gold rush with no gold, and eliminating any flexibility you had.
8. I see dozens of companies throwing billions at this AI infrastructure - data center build, components to cool the data centers, chips, nuclear energy, etc. How many of these companies completely lose out and see a 90% draw down like the past cycles such as electric vehicles (Tesla aside).
9. We dont have the power grid in the US to handle this new generation of AI investment. I read and hear good things about expanding the grid, SMRs, and that's great, but does anyone actually expect us to build all of this energy? Im pretty sure China builds more energy capacity in a month than we have in years. That isnt an easy trend to reverse.
10. How does the US government help/hurt this? Increased state regulation? Limiting immigration of top AI researchers/entrepreneurs? Slow rolling electric power expansion? Picking winners and losers and disrupting the free market?
11. Will American companies focus on every day improvements to life or these content creating opportunities in AI. I saw Open AI launch a new thing with virtual content creating and that's great, but I have to admit, i asked myself, is that really the best the best minds in AI can do? Are American companies going to go for the easiest marketable and content creating areas of AI instead of the truly ground breaking areas? Will that area be dominated by China?

This has become kind of a rant, and I apologize, but I am just curious. How do you see the AI cycle and how are you playing it? Im looking at companies that have been beaten up due to AI fears and selling call spreads, and other option players to take advantage of these high flying companies. I never short companies like AI high-fliers.",160,1759760953.0,
1nhwn37,What stocks are you currently buying and why?,"Hello! I’m a college student studying economics right now and I’m curious about others insight on what is a good idea to look into and invest in for my course project. 
I’m currently looking at VOO, GOOGL, and RYCEY. I need a minimum of 3 companies to work with for the next couple of weeks, whoever does the best in the class ends up with the highest grade and of course I wanna try my best.
Any advice or ideas welcome, I am not totally new to things but I’m definitely inexperienced. Thanks for anything you may add

UPDATE: I’ve been doing my project on 3 stocks for the last two weeks and I decided to track/invest in IONQ, GOOGL, and RGTI. Bunch of tech, seemed like a good bet/safe bet combo. IONQ ended up knocking it out of the park like I theorized, after it got the $21M project with the US Air Force, it was on the up the first Monday already. Bought 100 of these ‘fake shares’ for the class, and by the end made me wish I actually put money in! It was doing so well I ditched my stocks in GOOGL and RGTI and just decided to go all in. I overheard my professor asking a classmate if they would sell the second week or not, and didn’t know that was something we could do for the project. I was about $2.5k up and didn’t not wanna screw that up, sold ASAP on the 23rd and it dropped from there. Total profit is $2,561 from the initial $10k we had to work with, wish me luck in hoping no classmate made more in 2 weeks. Thanks for the advice👍 whoever suggested IONQ, you saved me!!",136,1757966940.0,
1nd6a9b,Meme stocks aside - what's your pick for 1 stock to hold and why? What's your bullish stock?,"As the title.

What is the one, two or three, stock aside from meme, pump and dumps etc that you are the most bullish one. It could be sector based. Industry. Or even recent thematic.

For me. I can't see a world where $GOOGL doesn't win. The recent oracle earnings was a good indication of price action in the cloud space and possibilities for Google cloud to grow at crazy pace with its TpU advantage.

Sector would be cloud and infra. So $amzn, $googl $msft. Then neo clouds like $crwv ( coreweave).


",121,1757483848.0,
1nhtsh0,NYT: fewer companies going public because of cumbersome corporate governance rules driven by fear of shareholder lawsuits.,"[The Quiet Force Imperiling Our Booming Stock Market](https://www.nytimes.com/2025/09/15/opinion/stock-market-corporate-governance-ipo.html)

Bryce C. Tingle, business law prof at U. of Calgary, writes;

> Over the past 30 years, the number of companies that sell shares on markets such as the New York Stock Exchange and Nasdaq has fallen by roughly 50 percent.  ... I have spent more than a decade trying to understand what is going on, and I have come to believe that the culprit is public company governance, the system in which many different groups, all pursuing their own agendas, generate rules for how public companies ought to be managed. These rules, norms and regulations — which tackle such issues as who gets to be a director, how executives should be paid, in what ways companies ought to respond to climate change — are constantly accruing and building on one another until this obscure process generates towering structures that, like a great coral reef, can tear out the bottom of a boat. 

> From 2000 to 2020, only about 10 percent of a thousand successful venture-capital-backed companies chose to go public.

Does this mean that regular investors are fighting for the scraps, leading to a bubble in the highly valued tech stocks that are publicly traded?

Google AI tells me that US private companies are worth $14T, vs $63T public market cap.  But if this $14T is concentrated in novel tech, it's significant.  On the other hand,  most private cap companies are small.  On the third hand, it's likely comparatively little value resides in the long tail of small companies, just like the SP500.   For example, Anthropic is estimated to be worth $180B, and that's from a funding round, which I would think prices it conservatively.


Counterargument: if there's a bubble in AI and other tech, and you have a successful private company, it makes sense to go public and exploit that bubble by selling shares to a starving market.  Then again, it might make more sense to sell it when it's bigger, so the little guys don't get the benefit of the first phases of expansion.",79,1757960680.0,
1nqohap,Retirement at 60 w/ this portfolio?,"Any suggestions or advices would be appreciated

I am 40 years old. This is my current portfolio. I have roughy 93k in the portfolio.

I contribute 1k a month.

ETFs: SPMO (20k), VGT (20k), NLR (10k)

stocks: Google (10k), Nvidia (10k), Broadcom (10k), CoreWeave (10k), Rigetti (3k)

What do you guys think? Can I get to 1.5 million by 60?",29,1758849946.0,
1nmnmh3,"Late cycle consumer spending shift = downside CMG, SG, etc?","
TL;DR: bearish Chipotle, Cava, Sweetgreen. Looking for suggestions on similar situations. The devaluation of fast casuals, lululemon feels like a symptom of shifting culture and consumer behaviour. Inflation, portion size shrinking, declining economic activity, consumer fatigue, non existent brand loyalty, and limited scope to rebrand, reinvent, optimize. Late-cycle cultural and consumer-spending shift, where former aspirational brands (fast casual, athleisure, boutique fitness, “accessible luxury”) have gone from status signifiers to punchlines.

Six years ago I visited a Lululemon store for the first time having been familiar with the brand for many years. I knew the brand as a high quality expensive semi boutique level product associated with Soul Cycle, Equinox etc. The store gave a different impression. Some of the clothes were wrinkled and badly presented, customer service was non existent, and they seemed to have no inventory. I assumed it was a one off bad example. But over the following six years I saw the same symptoms again and again and again. Meanwhile, other clues appeared: bigger and bigger sales discounts; diversification into non-sports products with no cohesive direction; a noticeable drop in quality of some garments (I’ve received a few Lululemon gifts down the years). Competitors with cheaper, equally good quality gear eating their market share. 


When I read about $LULU’s demise, I thought “oh course!” (hindsight’s easy, huh?) and began thinking who’s next? While already down bad this year, I can’t help shake the feeling Chipotle, Cava, Sweetgreen have much more downside risk. The traction gained by the “slop bowl” meme to describe their offerings feels like the Chipotle’s Mr Big dying on a Peloton bike moment. An increasing number of comedians joke about slop bowls and the term “slop bowl” has spiked to four times its previous highs on Google search trends this week. It sounds trivial, but this pervasive content influences our tastes, prompts us to take a look in the mirror at stuff we do on autopilot. I think small rallies / dead cat bounce short covering strength just offer nice entry position opportunities to get short.

With inflation rising sharply, portion sizes shrinking, declining quality of ingredients being masked with higher and higher salt content, these brands need to reinvent in other directions. Trouble is, I don’t know where they can turn. I don’t trust they do either. 

The 2010-19 period brought Netflix, Spotify, fast casual lunch spots with “healthy options” and “fresh ingredients”, it brought Equinox and Soul Cycle and F45 and Amex Platinum lounges to create the illusion for aspirational young professionals that they’ve made it to the top. That illusion is being dismantled. Costs are spiralling, fees are rising, and all these brands and business models feel tired and dare I say a bit embarrassing? These brands were once exciting and pleasing. Aspirational. Now, they feel tired and clichéd. Their complacency isn’t deserving of our money and I think they are heavily exposed to a new wave of disruptors over the coming years.

The 2010-19 era saw consumer spending shift away from luxury goods, cars, Electronics and refocus on travel, food, lifestyle. With more Americans owning passports than ever before and travelling to Europe in record numbers, it might sound silly to claim we’re at a turning point from experience-centric consumer spending, but I truly think we’ve reached saturation point in this cultural cycle. I suspect we’re seeing the beginning of the end of this cycle with no clear path to what the next looks like. 

One thing’s for sure: queueing up every day to buy $20 cardboard bowl of rice, cheese, soggy chicken, greens, some kind of flavored salty liquid labelled as dressing is an undignified experience we will come to laugh at in years to come.",20,1758447251.0,
1nuh949,"Google Finance Beta is terrible, lost my watch lists","Whenever I go to Google Finance as of today it is the BETA version. I've seen notes about in the top right I can revert to classic, but I see no ability to do so. It looks like all my watch lists are gone and overall I very much don't gain anything from this new view.

Wondering if anyone knows how to revert to the classic view?",20,1759248309.0,
1nvjzgw,ATOS SE • I want to know everyone’s thoughts on this one,"The French state-backed company with 80,000 employees yet less than €1B Market Cap. After the last few years of spiralling, ATOS has resurfaced since their restructuring process was completed along with their reverse stock split. Despite negative cash flow and a significant debt, their latest Q2 2025 results proved impressive with 90% of their debt reduced and cash flow improved. Their book:bill ratio is also much better than before. All signs point to a full recovery if they stay on track.

The low volume shows that it is not very well known right now for investment purposes. You can’t find people talking about ATOS on any social media. You search the news on Google and there’s, what, 1 article per week? The market cap used to be ~€11B. Sure, the company has sold some assets and scaled down in some areas, but they are expanding in others, and the industry they are in is becoming more and more prominent. The ceiling may be unprecedented. ",12,1759351479.0,
1nk1j76,What are these 11% Subordinated Notes?,"My grandma recently passed and I am sorting through her finances. 

I noted she is getting interest from the following investment:

Co-oprative Group Limited 
11% final repayment subordinated notes due 2025
ticker symbol 42TE 
Isin GB00BFXW0630

I’ve googled them and I still just don’t understand how they work. It says they are due in December 2025 - what does that mean? 

She holds over 5500 of these notes and their current value is over £100. Surely that can’t mean they’re worth over £500k? I think I’m missing something key here. The interest she was receiving was about £600 twice a year. 

",9,1758179338.0,
1ned4dy,Oracle phenomena - “legacy” players pushing AI reaction?,"The recent case of Oracle got me thinking about the state of the markets, the AI hype and reality, and what it means for the future.

I’ve been pretty skeptical about Oracle’s surge, but they are about to recognize a lot of revenues. This market reaction is interesting because so far, the “big AI” bets were companies like Nvidia, Microsoft, Palantir, Google, Meta, Broadcom, etc. Oracle, by contrast, has long been seen as more of a legacy play, focused on infrastructure for large enterprises.

What we’re seeing is that investors still go crazy for AI, especially when an established, “old guard” player gets involved. Is this an overreaction? Hard to say. Ideally, markets should value not just AI mentions and vision, but the actual value being unlocked. Maybe that’s exactly what’s being priced in here or maybe it’s an over- or underreaction, since we still don’t fully understand what AI will ultimately deliver.

Ofc there is lot more to Oracle than this but still im very curiousy

I’m curious to hear your take: are investors overestimating, underestimating, or pricing it just right? What do you think?:/
",7,1757607534.0,
1nm58pv,Opening Discussion About RDDT,"Hi everyone, I wanted to open up some discussion on RDDT stock. I think a lot of people are investing for the wrong reasons, have it wrong, or are misguided about the company. I do have stock in RDDT so please take what I say with a grain of salt, but I will try to be fair. Also, I am not saying that I am all knowing. If anything, I hope for some good discussion and to be proven wrong.


1. Data Licensing

First of all, I believe the average retail investor is blowing out of proportion the impact of Data Licensing for RDDT. It obviously is good to have and is an investment positive in and of itself, but people overstate the revenue impact. In terms of last quarter, data licensing revenue was about 7% of overall revenue. This is obviously not an insignificant number, but the advertising revenue grew 81% YoY compared to data licensing’s 24% growth rate.

This means that data licensing is becoming an even smaller portion of revenue over time, even though it is increasing on a nominal basis. Another thing about data licensing revenue is that RDDT said they had already entered a lot of large value contracts, and that the following ones would be economically smaller but more numerous in terms of the amount of contracts. They have a contract renewal with GOOG which is obviously great, but it is unlikely going to be anything that dramatically moves the needle. A positive about Data Licensing though is that it is pretty much straight profitability. Also, even though it might not be too huge of a revenue impact, it shows that RDDT will be cemented in the future age of AI and LLMs since you need the authentic human interaction.


2. Advertising

This is where I am extremely bullish on RDDT. The unique user base, the highly relevant content and discussion, the targeted ads, the fact that RDDT users are more likely to go on this platform for product choices and purchase recommendations all contribute into what could be a booming advertising platform. There are a few caveats and things to consider, however. I want to start off with what could be a negative.

User growth is slowing. RDDT no longer has the new IPO hype wave and wave of news flowing around it, which could have caused a lot more user attention and growth. Daily Active Users in the US fell this past quarter and they have historically had an issue of converting passive logged-out users to active and intent logged-in users. This is something to watch out for. RDDT in the last earnings call Q&A stated that there were some hiccups with organic traffic from Google Search, and user growth increased by the end of the quarter, but still watch out.

This post is actually getting long as hell, so I don’t want to go on too much longer, but I’ll finish off with where I’m most excited. The opportunity to increase the average revenue per user is immense. New product and dynamic ads, optimizing ad inventory, new ad types, and more are coming. Look into ARPU measures and that’s what you can be excited about for RDDT. You don’t even need user growth for RDDT to be able to increase revenue by multiples (partially joking but it is crazy how much monetization potential there is.) Obviously they will never be Meta, but as the platform gains strength they have a lot to gain.

I am happy to include more based on everybody’s reception, but I hope these points can start off a discussion about the future of the stock.


",8,1758391793.0,
1ni2rm2,Financial advisor broker - should I fire,"I've been with the same advisor for the past 14 years, and my portfolio has done fairly well over the years. Have seen people with way more performance, but overall I've remained in the green (except for a few big downturns).

I reached out to both advisors (partners) in May to invest the cash reserve part of my portfolio (16% is cash - and I wanted to invest about half of that), and they didn't respond and I forgot about. Now I see that practically any investment at that point would had have quite a few gains now. Google was 180, now 250 for example - one of the stocks I would have added. 

At a later date I asked them to sell Vital Farms stock (had a lot of gains in that one) and trade it for Google. They suggested to wait until earnings, and then sell.  After earnings, it Vital climbed to $50 and Google was at 200. Earnings came and went, and they didn't make that trade! Vital Farms is pretty much flat or lower now.

I understand brokers work to balance portfolios, and I do give mine the agency needed to make trades without contacting me for each and every one. However, I find this infuriating, seeing the gains that would have been made. On the flip side, I do see that there could have been losses / or it could remain flat as well, but I wanted to take my gains and move into another company that I see a lot of potential in. 

Thoughts? Do I move on, or give them another chance? I don't like that I'm put in a position to have to ""nag"" for trades.",5,1757981956.0,
1nongej,Google and UNH shares. Sell or hold?,"What’s everyone’s big term plan for Google and UNH? Google is driving up after winning the DOJ lawsuit and UNH was a value play that worked out well, but what’s everyone’s views on what’s a fair stock value price for these two stocks? I’ve made some gains with the two, although it’s short term capital gains, and I’m wondering if I should just keep holding to see if it’ll grow more or if I should sell at a profit and reinvest into s&p 500 so I can be less hands on",3,1758647978.0,
1nqrx0d,Mid term gains to beat ETFs?,"I’ve just started investing and could use some advice on how to allocate my money. Right now I’m aiming for about a 70/30 split between individual stocks and an ETF. I’ve already funded the ETF side, but for the stock portion I’m trying to narrow down my picks.

My goal is to grow this portfolio at 15–20% annually (minimum) to outperform the ETF, then roll the gains back into ETFs later. I understand the risks and taxes involved, and I don’t mind some volatility since I’m still learning.

The main stocks I’m considering are:
	•	AMD – strong potential if they land new deals and improve their software side.
	•	UNH – looks undervalued; the investigation doesn’t seem too damaging, and the stock hasn’t fully corrected since the murder news.
	•	SHOP.TO – e-commerce is still growing, and last quarter’s earnings beat gave it a strong rebound.

I’m also keeping an eye on GOOGL and researching NVO.

I suspect a larger market correction is coming eventually, but I still think there’s time to benefit from the current bullish trend.

TL;DR: New investor, already in an ETF, now looking for individual stocks that can realistically return 15–20% yearly over the next few years. Thoughts on my picks (AMD, UNH, SHOP.TO) and any counters/alternatives?
",3,1758860514.0,
1nox73q,"Shiller PE, ECY, P-CAPE, TR CAPE(Shiller 2018), ???, Advice from Econ professors? Suggested resources?","Does Shiller PE ratio normalize for technology and productivity changes?  
What is next in the evolution of the Shiller PE ratio with AI?  
Please post any papers or links to where to search papers and search strings?  
  
What is its relevance of the old Shiller PE(CAPE) ratio considering productivity increases based on technology?  
  
Trying to think about increases in productivity as related to increases in earnings. Then imagine AI resulting in 20x productivity increase dislocation. Wow.

This issue is on cutting edge of economic theory and recently discussed at last Fed meeting and today 09/23/2025 by Jay Powell (try starting at 23:09): [https://www.youtube.com/live/gXXd6Zesdrc?si=M\_aNQfTcfWzUJCfa&t=1389](https://www.youtube.com/live/gXXd6Zesdrc?si=M_aNQfTcfWzUJCfa&t=1389)

Article ref: ""Extending the Race between Education and Technology"" by David Autor, Claudia Goldin, and Lawrence F. Katz, published in *AEA Papers and Proceedings*. Built on their foundational 2008 book, [*The Race between Education and Technology*](https://www.google.com/search?q=The+Race+between+Education+and+Technology&sca_esv=709f3fcfd06fca0b&sxsrf=AE3TifNT7n0SxLVYi3zBm-12NRq57BbTZg%3A1758669117572&ei=PSnTaL3eIvPBp84PjJCO-Q0&ved=2ahUKEwi7oaiHgfCPAxVzm2oFHeEJB0oQgK4QegQIARAC&uact=5&oq=race+between+education+and+technology+most+recent+release&gs_lp=Egxnd3Mtd2l6LXNlcnAiOXJhY2UgYmV0d2VlbiBlZHVjYXRpb24gYW5kIHRlY2hub2xvZ3kgbW9zdCByZWNlbnQgcmVsZWFzZTIFECEYoAFI_DlQwSFY-DhwAXgBkAEAmAGSAaABxRKqAQQwLjE5uAEDyAEA-AEBmAIUoAK4E8ICChAAGLADGNYEGEfCAgYQABgWGB7CAggQABgWGAoYHsICCxAAGIAEGIYDGIoFwgIIEAAYgAQYogTCAgUQABjvBcICBRAhGKsCwgIFECEYnwWYAwCIBgGQBgKSBwQxLjE5oAeKa7IHBDAuMTm4B7ITwgcKMC42LjEzLjAuMcgHUg&sclient=gws-wiz-serp&mstk=AUtExfDk_vzAwptEcbOOOWNEVrL3JaXO88bKkoAX36j5OFvnt0dYA92ZfGiDcEpDvjkko5GANwMiZWuzJXkxrHOwWugVSdX1OGm_qQymcn8QIoLZRciJuAd8IvzoRa1x1O4weBV17EMLe4dK1BkBjFXoSYo_-La2VhjEzKUvmoKKVB3U9qIxfkZenUo9QRNFtWi6pmm5_f95YAEzHgvknqiGdvw-LfOXVPVXM3rHQtY8I13W8JOLNxlHJm0a-sfhfP94Z4IkD78j8LhD_djKCctzVX5MrvYcx0gmp8y-XI9ab5iCan_TVHF3c-NDsXB2PBOt4-l709kNhTYeBysmkgqoiU5IXXiO-lhtNUr07PgH1WkB&csui=3), and provides updated analysis of how changes in skill-biased technological change and educational access have shaped the U.S. wage structure. 

  
I thought I had a good feel of the upward slope of the CAPE and how technology past 20 years might suggest a Shiller PE ratio of 40 might not be a sign of disaster in modern day.

Consider if you normalize the Shiller PE ratio to account for increases in productivity and the ""new normal"" for the level of earnings and productivity per unit capital.

If technology and productivity does not change over time, then Shiller PE graph might look flat, but obviously it is anything but flat for past 25 years.

My ""target"" Shiller PE is \~80 for 2026-2028, jumping to 300-1500 by 3032 depending on social and educational evolution being restructured by pressures from AI.  
",2,1758671125.0,
1nsjhjg,Taxable Account Portfolio,"I’m currently paying double mortgage payments to pay my home off asap. I am projected to pay it off in roughly 7 more years. I am contributing to retirement accounts at this time as well.

I want to use my brokerage account to payoff the house sooner and maybe withdrawal the funds in 4-5 years to complete the payoff and bridge the gap sooner.

Currently holding Googl, VOO, QQQM, and SPAAX. Any additional thoughts on a moderately aggressive taxable portfolio. Currently holding roughly 10K in it and would like to grow to 150K in 5 years while contributing 2K a month towards it. ",1,1759049650.0,
1nu7tk2,Help me cut my portfolio down,"Hi everyone,

I am looking for advice on which stocks I should gradually remove from my portfolio to reduce the total number of positions. I am most attached to Nebius (NBIS), Ondas (ONDS), and Google (GOOGL), and I am willing to eliminate the rest. Also, I should mention that I am ready to hold stocks for 3+ years.

Here is the full list of stocks I currently hold:

* NBIS (Nebius)
* ONDS (Ondas)
* GOOGL (Google)
* AMD
* DUOL
* APLD
* EOSE
* UNH
* IREN
* TSM
* NVO
* LLY
* RKLB
* SOFI
* RDDT
* TMDX
* LMND
* CIFR
* ASTS
* SOUN
* CROX
* RR
* IXHL

If you have any suggestions on which stocks might be less crucial to hold or good candidates for removal to simplify my portfolio, I would really appreciate your input!

Thanks in advance for your help.",1,1759221383.0,
1nl5lq8,"Coming from TSP's ""C"" and ""S"" funds.","Hello All,

I am 57 and Im starting to consolidate my finances. I'm in the process of doing a Rollover IRA from my TSP 401k and will eventually do the same thing with my current 401k.  My question now though is what funds line up with TSP's ""C"" and ""S"" funds.  Google mentions Fidelity's **FXAIX** and **FSMAX.**. Any other recommendations? I will be using Fidelity if that matters so maybe thats the simplest solution.

TIA",1,1758293312.0,
1o0sypz,What is FPLS and how am I enrolled?,"For context, I have a Public.com account as a casual investor, I recently received an email that Apex Clearing Corporation will be changing its terms and services regarding it's FPLS.

I don't remember every opting in or enrolling. I don't know what FPLS is..I don't think I've ever received or spent money through this?

I'm not very smart, I googled it and don't quite understand what it is or how it effects me.

Could someone possibly explain it to me in simple terms?",0,1759875079.0,
1nox5s0,Thoughts on my portfolio?,"
Thoughts on my portfolio? I’m just trying to grow my money. It’s not necessarily for retirement, but I do plan on just keeping it invested to grow for 5+ years probably so that it’s beating inflation and growing to some capacity where I don’t have to necessarily ever feel like I’m strapped for cash 

Investments into the brokerage account started a month ago. 

ETFs:
1) invested $178,765 into VOO between 576 to 606 price per share. 
* Current balance is about $187,730 with around 9k unrealized gain

2)invested $21,571 into QQQM at about $239 per share 
* Current balance is about $22740 with about $650 unrealized gain 

Individual stocks:
1) Invested about $5k in Google at around $190 a share 
* current balance is about $6500 with around $1500 unrealized gain 
2) Invested about $6300 into UNH between $275 and $300 a share
* current balance is about $7600 with about $1300 in gain 
3) invested $1k in Open Door to gamble a bit. I’m down like $300, since I entered last week and it’s been dipping. Shares bought in between 8.40 and 10.40 

Feedback is appreciated. I’m aware that I’m not very well diversified, esp in the international market as I have nothing for that. I also know that the mag 7 is driving up s&p 500, so I’m quite heavy in tech at this time

Should I rebalance, or does it like safe enough? I know past performance does not predict future too, meaning that international market could beat USA in the future and I’m heavy in U.S large cap right now. I guess I am in a way chasing performance, but I’m not sure if many people actually would criticize my selection or see it as fine. 

I’m looking to grow as aggressively as possible for the future without basically just gambling. 

",0,1758671026.0,
1nse5u1,"Using MGK, SCHD, and SCHY to create a value and quality tilted VT like portfolio","Hey everybody :)

I've been doing a lot of investment self education lately (mostly with google and chatGPT) and I kind of wanted to ""come up for air"" so to speak and run an idea I have by actual people.

I'll give the idea first and then try to explain some of the reasoning behind it and then detail a quick back of the napkin analysis of its performance. I'm trying to elicit discussion!

**Portfolio Construction Rules**

To start, we allocate a portion of MGK to the portfolio such that the weighting of the largest holding of MGK in our portfolio would be similar to the weighting of that position in VT.

Right now, the largest holding of MGK is NVDA at 14.02%. NVDA's percentage in VT is 4.11%, so that would suggest an allocation of 4.11/14.02 or \~29.32% to MGK.

Then we look at the US and international split of VT. Right now that's 36.6%, so we allocate 36.6% percent of our portfolio to SCHY.

Then the rest is SCHD or in this case 100-29.32-36.6=34.08% to SCHD.

**So right now we'd be 29.32% MGK, 36.6% SCHY, and 34.08% SCHD**

Then annually, we rebalance using this same procedure.

**Reasoning**

I think the long term historical record is clear on what tends to happen in equity returns.

Fundamental growth (i.e. sales growth, to a lesser extent earnings growth) tends to mean revert over time, usually within 10 years or so of a high growth period for a given firm.

Profitability (i.e. ROIC or similar) tends to persist for much longer but also mean reverts in the long run (20+ years timeframe).

Thus, what tends to happen is that a firm posts great growth results, gets bid up as investors forecast that growth into perpetuity, fails to live up to the forecasts, gets poor returns... and vice versa, poor growth tends to get forecasted into perpetuity and tends to rebound for underperforming firms...

This leads to the value premium.

However, just looking for lagging firms isn't a great idea because very often lagging firms are lagging for a reason, and that reason is that the business is dying (the ""value trap"" issue). One way to account for this and separate the ""temporarily setback"" from the ""dying"" companies is to use quality metrics, like ROIC, to identify the businesses that are still fundamentally doing ok even though their purchase multiples may be depressed.

Buying a basket of firms like this has, historically, been a good way to get good returns.

However, I think we all know what's coming next... this premium hasn't really manifested in global markets over the last 10-15 years, and instead we've seen the rise of massive, highly profitable firms where the growth doesn't seem to mean revert, and those firms have come to dominate our global indices.

We all know the names... NVDA, MSFT, AAPL, AMZN, GOOGL... the dominant mega cap tech and tech adjacent firms that we know and love.

Given this reality I think we have to ask ourselves a couple of questions... Is this performance a ""bubble"" in the sense of being an overvaluation of these companies, or is this an indication of fundamental changes in the structure of markets that are likely to persist over time...

Frankly... I don't know, but here are some thoughts.

The argument in favor of this being a structural shift in markets is fairly strong in my opinion.

For one thing, the data that suggests that above described qualities of equities relies on data collected from time periods in which the types of companies that dominated our markets were very different that these types of companies. They tend to have much less need for capital investment to expand their operations and so can scale at a level faster and at higher rates of returns than companies in other industries. They have sources of reliable reoccurring revenue without necessarily needing to make new products or make new investments (i.e. software subscription services). They have network effects that are MASSIVE and usually reasonably high switching costs that make their customers sticky, and that's not even to get into the current big thing which is, of course, AI and where that could take us in terms of long term innovation.

I've always liked the thought experiment that it makes no sense for a firm to grow at higher than average rates for a long period of time, because if they did, then their own growth would make up a larger and larger portion of overall growth that the actual underlying growth rate might converge upon their own growth rate (i.e. they're so BIG they're bringing UP the average on their own).

It's seemed like a ridiculous proposition to me, but I've seen some data showing that spending on data centers (largely for AI) in the US has eclipsed ALL consumer spending at this point, and I've also seen data suggesting that the top 10% of all household contribute to approximately HALF of consumer spending

In addition to those numbers are the weights in the indexes themselves. NVDA, one company, is literally more than 4% of the entire world publicly traded stock market... And the top 10 make up \~20%... In US markets it's even more crazy where NVDA, MSFT, AAPL, AMZN, META, AVGO, GOOGL, and TSLA make up more than a third of the S&P 500

It's ridiculously top heavy, and historically, that might make you think ""it's a bubble"" but these aren't ridiculously bid up speculative firms with no earnings. They have high PEs for sure, but they're ridiculously profitable firms with good growth headwinds for the next decade.

The market is fundamentally VERY different from the days of industrial, consumer staples, consumer discretionary, and financial firm dominance that (critically to our discussion) marked the time periods in which the research that suggests a value premium exists were based on. It's possible the markets have fundamentally changed.

So...

What do you do about all of that?

Well for one thing, ""This time, it's different"" is a dangerous phrase in finance, and all of that ""structural change"" stuff I've just said might very well be exemplifying that phrase. Maybe, for example, there is a qualitative shift in AI design needed to reach AGI (whatever that means) level of intelligence that current LLM based models just can't solve and it's NOT just a scaling problem with data center size and computing power such that the current AI craze slows down over time (the disappointment of ChatGPT 5 is an indication this might be true) That's fairly reasonable imo, if this case is true then you just keep plugging at the value and quality premium and ignore the idea of big tech leading to a structural market change that invalidates it, and that strategy actually performs reasonably well, even in an environment of big tech dominance.

As an example, SCHD (which is a dividend focused ETF but does a good job at capturing firms with good quality factors and good valuations imo) returned about 12.3% over the past decade, which is less than the S&P 500's 14.5% return over the same time period and much less than MGK's 17.97% returns over the same time period, but relative to historical norms of \~10% per year returns in US equities it's still very good, and it did it with very little exposure to the tech giants that have dominated US equities over that time period AND without seeing the same kind of multiple expansion that has happened in US markets over that time period.

If you use the strategy I suggested for the portfolio as a whole but only the US slice, then you'd have a portfolio that's about 54% SCHD and 46% MGK, and that portfolio would have returned \~14.9% over the last decade whereas VTI only returned 13.9%, suggesting the premium is still ""working"" in the portion of the market that is NOT ""big growth.""

Similarly, SCHY (or the index that underlies it as SCHY itself is only a few years old), which follows similar portfolio construction rules to SCHD but for international markets, got returns of 9.92% over the last decade whereas VXUS got only 7.54%.

To me, this result suggests that maybe the idea of value and quality still ""works"" in the market, it just works in a different segment than these big tech players, and it's possible that at some point in the future, maybe soon, maybe far, that it reasserts itself largely enough to lead to a long term time period of outperformance as these big firms do actually finally face headwinds that materially hamper long term returns.

Another approach is to give up on active investing in general and just buy an index.

Again, this is very reasonable. It's probably what most people (including possibly me!) ""should"" do.

However, I will assert that while it's VERY difficult to pick ""winners"" it's not as hard to pick losers, and if you just index, you do make sure you get the winners, but you also systemically buy... well, not so good companies... 

I think a third option is the portfolio construction I detailed above.

**The idea behind it** is that you're betting, in a globally proportionate way, on the value + quality premium showing up in the market in the long run while also hedging the idea that the current mega cap growth stock dominance is a true long term (like lifetime defining...) shift in the structure of markets such that they will continue their dominance and you weight them specifically in your portfolio in a similar way to how they would have been weighted in an indexing approach.

**Performance Analysis**

Ok, here's where I go over some numbers. I've already said a few of them in my discussion, but if I look at how that portfolio that I detailed at the top has performed, here's what it looks like:

MGK 17.97% 10 year return 29.32% of the portfolio

SCHD 12.3% 10 year return 34.08% of the portfolio

SCHY 9.92% 10 year return (using the underlying index as a proxy) 36.6% of the portfolio

**Total portfolio return:** 17.97\*0.2932+12.3\*0.3408+9.92\*0.366 = **13.08% CAGR**

**VT Return: 11.16% CAGR**

Now, this simplistic analysis has a few problems:

We'll start with taxes. One of the biggest advantages to simple indexing strategies is how tax efficient they are. Even if you can find a strategy that outperforms them, doing so AFTER accounting for the tax drags associated with trading is VERY difficult.  This strategy is fairly tax efficient but less so than simply buying VT.

Let's try to calculate a tax drag on each strategy.

For VT, you're never selling... so you don't get hit with capital gains taxes, but you do get hit with dividend taxes. Let's assume you're paying the top US qualified dividend tax rate on your dividends, which is 20% and the yield on VT is \~1.72% so you get a tax drag of \~0.344% and... that's it...

**Total VT return after taxes: 10.81 CAGR**

For my proposed portfolio it's a little more complicated... First off, there are way more dividends. Though I used them as proxies for a value + quality tilt, SCHD and SCHY are fundamentally dividend funds.

Right now SCHD pays a 3.8% yield and SCHY pays a 3.71% yield. MGT also pays a 0.4% dividends (yes, dividends on growth stocks!) Given their weights that's a total dividend yield of 0.4\*0.2932+3.8\*0.3408+3.71\*0.366 = \~2.78%

Assuming the same tax rate and you get a tax drag for the dividend portion of \~0.56%

Then for the rebalancing part. It's going to accumulate a tax drag, but it's hard to estimate how much. When I think through the logic of the rebalance, if the premise is true that the top growth will keep dominating BUT the REST of the market still sees a value premium (and in the last decade, it seems to have been a bit larger in the international markets) then we're likely consistently moving money toward MGT and out of SCHD and SCHY and we know that the price return portion of our total return was roughly 10.3% per year, if we assume the top long term capital gains tax rate on ALL of that it would be a 2% drag per year (20% rate) but since most of our portfolio is NOT being rebalanced, it would likely be far smaller.

This is much harder to guestimate without doing a more detailed backtest, I posed the question to ChatGPT and it suggested a \~0.3% drag, which would indicate moving around \~15% of the portfolio each year. That seems reasonable, but I'll go ahead and assume a higher one of 0.5% per year to be safe.

That leaves us with a **total portfolio return after taxes of 12.02% CAGR**

That's some significant outperformance!

Obviously there are a few issues here. Firstly past performance does not predict future performance. Secondly, this ""back of the napkin"" method ignores a lot of things. For one thing, I started with the current split of MGK to SCHD to SCHY which is likely NOT what it would have been if I'd followed the same rules 10 years ago. Would the shifts over the last decade have made the returns higher or lower? Idk. Thirdly, I used current dividend yields to estimate tax drag instead of actual historical ones. Is the yield of this portfolio similar throughout time? Also, idk, a rising allocation toward the megacaps that tend to pay less in dividends might suggest that past years would have had more dividends. Also, SCHY has been on a tear this year (impact of tariff concerns in the US I think) so it's dividend is MUCH lower than it has been for most of the last decade. Similarly SCHD's is higher (and for similar reasons, again showing this structural divide, the tariff concerns are impacting NON mega cap growth US firms, but the mega cap growth is enough to still bring up the index...)

Of course, another piece is that I haven't analyzed volatility or drawdowns. As someone who is mostly long term and fundamentals driven, I tend to care about this less than average, but it would be important to analyze before drawing conclusions. I suspect it would perform reasonably well. MGK is high volatility but again we're just holding in proportion to its weighting in the index and SCHD and SCHY both tend to have low volatility holdings.

There would need to be more extensive back testing done to figure out if there is any value to this strategy...

But... I think the reasoning behind it is sound (capture value + quality premium in a globally diversified way while hedging mega cap growth dominance) and initial ""back of the napkin"" math looks promising

**I know that was a long post... thanks for reading :)**

**Thoughts?**",0,1759030215.0,
1o212ft,Is now a good time to jump into the Autonomous Vehicles? ps: no I dont choose TSLA,"I need to change something on my portfolio, some stocks dont really add up so I want to see something new. Robotaxi currently is underrated and undervalued imo. Beside Tesla, u know they are the biggest manipulation in the industry. I dont want to explain more but u see what u want to see. I saw everyone also keep mentioning GOOGL in the comment section but Im looking into something niche like WRD. 

On the stock side, recent reports show huge revenue growth, up fast YoY. Citigroup, BOCI, UBS sitting at Buy. Not a bad setup imo. JPMorgan, SBI Securities, Gordian Capital, all picking up small positions this year. 

On the press side, their partnership strategy actually diverse, NVIDIA, BOSCH, UBER, GRAB, etc. The market coverage is global too: Europe, SEA, UAE… I’m not even sure which countries they’ll target next, but honestly with how often they’re getting new government permits and all the news heating up lately, it feels like they’re aiming for a lot more.

So do you guys think now is the right time to jump in? Would really appreciate hearing some opinions on this industry. ",0,1760000840.0,
1no574o,"What to trim, add or close? In this era for next 18 months","What stocks to keep and what stocks to sell? I also have $1,000 in a bonus coming in that I’d like to invest.  I have a car note to pay next month and these are some of the researched ones that make sense to me based on value investing principles. 


CRM Jan 16 26’ $230 Call
$GOOGL
$CRM
$SOUN
$ACM
$ALL
$CHA
$NVDA
$AMD
$BWAY

https://imgur.com/a/qOyl79Q",0,1758592919.0,
1nsb7hn,Is my active investment return good or in line with this year’s market?,"I have been managing an active portfolio since beginning of this year, and I’m trying to get a sense how I’m doing compared to other active investors. I know this year has been a bull market so I’m not sure if I’m doing inline with other active investors. 

My strategy is value focused on large caps, with a 4-6 trades in mega caps like Google and Meta

• Geometric Return YTD: 20.4%

• Total trades: 62

• Win rate: 84% (52 winners, 10 losers)

• Avg win: $405.98

• Avg loss: -$484.00

• Payoff ratio (avg win / avg loss): 0.84

• Profit factor (gross wins / gross losses): 4.36

• Expectancy: +$262.44 per trade
",0,1759020914.0,
1nnk8wj,Why Japanese Real Estate Small Caps Might Be the Best Value in Global Markets Right Now,"The Japanese stock market has finally climbed back to the highs it set during one of the largest financial bubbles in history (the 1980s). After three decades of deflation, several big shifts have changed the investment landscape in Japan:
	•	Urban land prices have finally recovered and are now growing again.
	•	Inflation has returned (modest, but enough to change behavior).
	•	The weak yen continues to attract foreign investment into Japanese assets, particularly real estate.
	•	Japanese households still hold 50%+ of their wealth in cash. That made sense in a deflationary environment, but now both the government and sentiment are pushing toward investment. Even Google Trends shows a surge in interest.
	•	Valuations are absurdly low. PEG ratios under 0.6 across these names, vs. stretched valuations in the U.S.
	•	Two of these companies are doubling EPS YoY, yet trade at single-digit PEs.
	•	IBKR lets you buy Japanese small caps directly, with margin rates around 1% for JPY. That cheap financing can even be used to hedge yen risk.
	•	Diversification benefit: given high valuations and frothy sentiment in the U.S., Japan offers both value and growth. Over time, other big retail brokerages will almost certainly add more Japanese stocks as interest grows.

Most of these companies are microcaps (hundreds of millions USD market cap), with one at ~$1B. They’re growing earnings fast, still early in their runway, and could easily re-rate higher as they mature.

Here are four that stand out:

⸻

CREAL (2998.T)
	•	Real estate crowdfunding platform (residential + hotels) with plans to launch a security token exchange for real estate by 2026.
	•	Vertically integrated: sources properties, packages them into funds, distributes on its own platform, and even operates some.
	•	Metrics:
	•	100% annual net income growth
	•	54% gross profit CAGR
	•	GMV +93% YoY
	•	Net margins improving each year
	•	Growing hotel operations (targeting 20 hotels in 2 years, fully digital/automated).
	•	Backed by SBI Holdings (13% stake).
	•	A true “subscription/toll bridge” style business in the making.

⸻

Loadstar (3482.T)
	•	Buys offices and hotels, leases them, and runs OwnersBook, a crowdfunding loan platform.
	•	~50% revenue and net income growth, ROE >30%.
	•	2.78% dividend, PE ~6, PEG 0.17.
	•	Opportunistic: bought hotels during peak COVID distress.
	•	Focused on acquiring low-priced office assets, improving them, and raising rents.
	•	Ex-Goldman Sachs team, ~50% insider ownership.

⸻

Good Life (2970.T)
	•	Provides one-stop services for real estate investors: land purchase, planning, design, construction, brokerage, rental management, and sales.
	•	Doesn’t hold properties, so less balance sheet risk in downturns.
	•	Metrics:
	•	Net income up 48% YoY
	•	Revenue up 44% YoY
	•	ROE ~29%
	•	PE ~11
	•	Share buybacks in 2025
	•	Fast growth with improving margins, currently managing ~7,158 units.

⸻

Kasumigaseki Capital (3498.T)
	•	Runs apartment hotels, refrigerated warehouses, and hospices in Japan, expanding internationally into SE Asia and Dubai.
	•	Model: buys land, develops projects, sells to investors/funds, and keeps recurring asset management fees.
	•	Transitioning toward direct ownership for margin expansion.
	•	Forecasting 10x net income growth in 5 years.
	•	Revenue up 10x in the last 4 years.
	•	~$1B market cap, with 27% insider ownership and 30% institutional ownership.
	•	Exposure to high-tailwind sectors: automated warehouses, hospice care, clean energy, digital asset management (via STOs).

⸻

Bottom line:
Japanese real estate small caps are a rare mix of hyper-growth, low valuations, insider ownership, and secular tailwinds. With the U.S. looking stretched, diversifying into Japan here looks like a once-in-a-generation setup.",0,1758541608.0,
1nnei6m,"People who buying stocks like GME, OPEN, AMC. I got a question for you…!","What are you expecting in GME, AMC ( or all kind of hyped up stocks) that are missing from stocks like google, NVDA or even some boring but undervalued such as UNH or UPS?

You think GME , AMC or OPEN gonna beat them in long run?

I saw few post last week some people “investing” in these companies on automatic such as weekly or monthly.

Edit 1:- all GME holder making theories in comments like their balance sheet will “this that”but still, you really think GME will beat Google in 5 or 10 years in returns?",0,1758520413.0,
1nd3v7g,SO is on and on about me not doing anything with cash we have in hand,"My wife is bit upset that I haven't put her and my money into any stocks. We have around $250k in cash sitting in SPAXX.

Its been like for almost two years or so. I did place few grands in Google Nvidia FXIAX position but nothing major.

I just cant find dip where I can confidently invest. I want to DCA but have no real idea how to pull this off. I asked chatGpt and it suggested to use moving cost average to find buy opportunities. But how does this work, I say I want invest all my money in the next six month, invest twice within a month ? But this conflict with moving cost average notion.

Given what's happening in the market and market continues to do ATH, how can I come up legitimate strategy and pick stocks that aren't ATH? Oracle, UNH Google are all ATH",0,1757475577.0,
1o3kxlt,I sold some stocks yesterday for some cash and the market spiked down,"I know you all will say ""don't time the market and blah blah"" but come man I had a blast in April (tax return and slightly bigger paycheck so I bought alot cool stocks that were down like google) I think it's atleast lil easier to time the bottom this time and if I don't well then I'm gonna be DCA pretty effectively then but who knows maybe it'll blow up and NYSE stock exchange becomes history (we know that's not happening). I hope you all got that powder y'all speak of to buy the dip. But since I don't know the future and maybe one of yall are really bearish feel free to tell me that I'm going to be catching a bunch of knives for whatever reason",0,1760152290.0,
1njurb9,Why Palantir (PLTR) Is a Strong Buy in 2025,"Palantir Technologies has been a standout performer in 2025, soaring significantly year-to-date on the strength of impressive earnings, AI-driven momentum, and major government contracts. Despite concerns about its high valuation, is this a tech bubble or a justified winner? The evidence suggests Palantir is capitalizing on AI with disciplined growth, profitability, and a strategic edge few competitors can match. Here's why Palantir is a strong buy for 2025, addressing bearish concerns and showing why they fall short.

Palantir's financials demonstrate a rare blend of rapid growth and profitability. First-quarter revenue showed strong year-over-year growth, followed by a record-breaking second quarter, particularly in the U.S. with commercial revenue surging. Full-year revenue for 2024 was robust, but 2025 is accelerating further. Unlike many high-growth tech firms, Palantir is profitable under standard accounting, with a notable net income increase in the second quarter and high operating margins. Cash flow is equally impressive, with significant free cash flow growth, far outpacing peers who often burn cash. Management has raised full-year revenue guidance, signaling confidence in sustained momentum. This combination of growth and financial discipline sets Palantir apart.

The core of Palantir's success lies in its AI Platform, which allows clients to run advanced AI models securely on private data, delivering insights for industries like supply chains, finance, healthcare, and defense. Strategic partnerships amplify this advantage. A groundbreaking collaboration with Microsoft integrates Azure's AI capabilities with Palantir's platform in classified defense environments, described by CTO Shyam Sankar as a major leap forward. Palantir also works with OpenAI and partners on responsible AI with Anthropic and Google. These partnerships are driving real contracts, such as deals with Fannie Mae for fraud detection, NATO for defense intelligence, and various U.S. federal agencies. Palantir's platforms, including Foundry for enterprises, Gotham for government, and Apollo for deployment, are proven and reliable. CEO Alex Karp is using AI internally to boost efficiency, aiming to multiply revenue with a lean workforce, showcasing a commitment to operational excellence.

Palantir's contract portfolio is a cornerstone of its strength, blending long-term government deals with a rapidly growing commercial business. A major U.S. Army agreement signed in mid-2025 consolidates numerous contracts into a multi-billion-dollar framework, praised by Army leadership as a step toward modernization. Additional defense and federal contracts, including classified programs, solidify Palantir's government presence. Meanwhile, U.S. commercial revenue is growing explosively, with a robust pipeline of high-value deals across finance, pharma, and energy sectors, where data security is critical. This balance of government and commercial contracts ensures a steady stream of recurring revenue.

Leadership is a key driver of Palantir's success. Alex Karp, with his bold vision of an AI-driven ""efficient revolution,"" is targeting massive revenue growth with a smaller team. The second quarter was described as phenomenal, with the company exceeding expectations and raising guidance. Founders and executives hold significant stakes, aligning with shareholders, and Karp's control allows a focus on long-term innovation over short-term market pressures. With a strong cash position and minimal debt, Palantir can fund research and weather market fluctuations, maintaining lean operations with high margins.

Compared to peers, Palantir shines. Against data and AI firms like Snowflake, Palantir combines faster growth with profitability, while Snowflake remains unprofitable. [C3.ai](http://C3.ai) shows promise but lacks Palantir's scale and margins. Traditional defense contractors dominate hardware, but Palantir's software and AI focus carves out a unique niche. Big Tech offers cloud services, but Palantir's specialized AI workflows, often in partnership with firms like Microsoft, fill a distinct gap. Karp argues that advanced AI models need Palantir to function effectively in real-world applications.

Skeptics raise valid points. Palantir's valuation, with high price-to-earnings and price-to-sales ratios, suggests risk if execution falters. However, its rapid growth, consistent outperformance, and major contracts support a premium. Government revenue concentration is a concern, but bipartisan support for AI and defense, along with multi-year deals, reduces risk, while commercial growth diversifies the business. International revenue has been flat, but Palantir's focus on the U.S. market is driving results, with global defense wins adding upside. AI hype could fade, but Palantir's practical applications, from logistics to fraud detection, and strong industry partnerships ensure staying power. Insider selling and Karp's unconventional style raise eyebrows, but significant founder ownership and a long-term focus outweigh these concerns.

Palantir is a leader in AI-driven analytics for critical applications, with strong growth, high margins, and a fortified position in government and enterprise markets. Karp's vision of efficiency is delivering, with quarterly revenue surpassing key milestones. Despite its rally, the market may underestimate Palantir's long-term contracts and commercial expansion. In a world where data is king, Palantir is a leading force. This is a strong buy for 2025.

*Sources: Palantir investor relations, earnings recaps (Nasdaq, Investopedia, AInvest), news (TheBearRevolt, SaaStr, Army.mil). Data as of Q2 2025.*",0,1758157434.0,
1niyxh1,Why today’s Nvidia–CoreWeave deal is a red flag for Oracle,"oracle pumped their stock saying ai demand is going to double. key word = *future*. they’re selling investors on what’s coming, not what’s actually happening today.

meanwhile, nvidia just cut a $6.3B deal to backstop coreweave’s unsold gpu capacity through 2032, and another $1.5B leaseback with lambda.

if demand is truly about to “double,” why would the biggest ai chip supplier on the planet be guaranteeing empty racks?

answer: current demand is uneven. frontier labs (openai, meta, etc) are burning compute, but enterprise adoption is way slower. workloads are lumpy. nvidia is hedging against slowdown *right now*.

so oracle’s forecast = hopium about tomorrow.  
nvidia’s actions = reality check today.

that’s a big red flag for orcl. i’m short.",204,1758069750.0,
1nqlo50,"SPT Sprout Social - No one talks about it, and i dont know why","Here’s everything you need to know about SPT - Sprout Social. If you still believe the company is not undervalued after reading this, I can’t help you.

1. In the era of AI, data plays a crucial role. Sprout Social connects to over 30 social networks and processes more than a billion messages daily. This vast data volume empowers AI to generate substantial value. Meta, X, YouTube, Reddit, and other platforms possess their own data. However, Sprout Social stands out as one of the few companies with cross-platform access. In my opinion, considering its current market capitalization, the market is significantly underestimating the potential of this amount of data.

2. Social media is emerging as a lucrative growth channel for companies, prompting them to allocate increasingly larger budgets towards social media marketing. Recent surveys reveal that an impressive 80% of CMOs intend to shift their spending from traditional channels to social media, further emphasizing Sprout Social’s strategic significance.

3. Product innovation: Sprout is investing significantly in new products, particularly AI and automation, which explains the absence of GAAP profits. In 2024, Sprout introduced numerous AI-powered features, such as automatic sentiment analysis and content recommendations. In August 2025, Sprout launched a suite of new integrations, including TikTok listening, Bluesky, and an expanded Salesforce integration, to provide real-time social intelligence to customers. These rapid innovation cycles enhance Sprout’s competitive position and create customer value through efficiency gains and improved insights.


Why the turnaround is likely to happen now:

- Sprout Social announced in an SEC filing dated August 26, 2025, that its CEO and board members will cease their automatic stock sales and transition to purchase plans. Starting in November 2025, there will be insider buying. Looking at similar cases from the past, changing automated sale plans to automated purchase plans often leads to a lift in the share price.

Example 1, ticker ASAN: Change from sale to purchase plans announced on March 8, 2025. From announcement to 5 days after insider buys began: +47.58% move.

Example 2, ticker PLUG: Change from sale to purchase plans announced on January 17, 2019. From announcement to 5 days after insider buys began: +85.71% move.

- Sprout has been executing a strategic shift for several months. It’s moving upmarket and, instead of monthly contracts, is increasingly focusing on annual and multi-year deals. This shift has been successful, as Prout has recently won larger customers, including Zoom, Honda, the U.S. Department of Transportation, NASCAR, and more. The number of large customers (>$50k in annual spend) has grown by +44% recently.

- I anticipate a significant positive surprise in the upcoming quarterly report. Sprout has already hinted that many existing contracts are up for renewal in the second half of the year. This could potentially lead to a major positive surprise in the upcoming Q3 numbers, as Sprout is expected to acquire new (enterprise) customers and renew many existing contracts.


Risks:
- „But there is an investigation“. That’s for wrongdoing. I think there were 200 cases like this last year. Let’s say they have to pay $25 million - $23 million will be paid by D&O, and Sprout will pay $2 million. Thats nothing.

- „I make more profit than they do“. Value doesn’t necessarily equate to profit. Over the past three years, they’ve acquired three companies. The product has received new features and a significant amount of AI integration. Growth is more crucial than profit, as profit will naturally follow. Sprinklr became profitable too early, resulting in revenue growth of about 6%, but the company is currently struggling. Sprout, on the other hand, has experienced double-digit revenue growth and is poised for even greater success as it shifts towards serving upmarket and larger customers, like Honda and NASCAR. Trust me, profits will follow.

- „High SBC“. Yes, this is true, and I don’t like it either. As far as I know, in 2023, they offered their employees SBC. However, at least SBC didn’t increase last year and instead remained flat. Nevertheless, SBC is high, and I don’t like it either. Without it, they would already be profitable. What’s important to me is that they are operational profitable, even though they are not GAAP-based. GAAP-based profit will follow.",0,1758842041.0,
1nzmail,Do you consider ethics and sustainability in your investment decisions?,"Personally, I struggle with this question and I am wondering how others approach it. Do you continue to invest in companies like META, PLTR, MO, and PM because of their track records and growth potential or do you avoid them due to the ethical concerns of their data handling, environmental impact, disregard for consumer health, etc? If you include them, do you balance that with investments in companies with stronger ethical standards? Which companies do you try to balance the ticket with? ",0,1759764678.0,
1nejleo,Thoughts on ANGX (Angel Studios) as a Long-Term Play?,"As a few of you know, angel Studios, a streaming company went live on the stock market today.

I’ve been digging into ANGX (Angel Studios) now that it’s newly public, and I’m curious what others think about this one in its early days.

A few things caught my attention:

In less than a year, Angel Studios grew its Guild membership from 600,000 to 1.5 million.

That kind of subscriber growth feels exponential and, in some ways, comparable to Netflix in its early expansion phase.

The company already has a proven track record of producing surprise hits (e.g. Sound of Freedom, homestead and others), and if they can keep scaling content and membership, the upside could be massive.

I’m not saying this is a guaranteed rocket ship. nothing is, but if Angel continues on this trajectory, it could be a 10× in the next decade or two. Some even think it could become one of those rare 100× companies, but obviously that’s speculation.

Right now, I’m mainly shooting for the 10× potential and want to hear what others think:

Do you see ANGX as a serious long-term hold?

Is anyone else planning to buy in or build a position and just let it ride for years?

Or do you think the hype fades and the business model isn’t sustainable at scale?

Would love to hear different takes especially from those who invest in high-growth, early-stage public companies.",10,1757622359.0,
1nwvl68,NFLX: Netflix Stock Sheds 2.4%. Was It Because of Elon Musk’s “Cancel Netflix” Post?,"📉 **Musk Posts, Netflix Drops**

* Netflix stock NFLX fell 2.4% Wednesday, a rare stumble on a day when the S&P 500 notched a record close above 6,700. One thing might be behind the fall – a post from a billionaire.
* Tesla boss Elon Musk echoed boycott calls, writing on X: “Cancel Netflix for the health of your kids,” targeting the pro-transgender messaging of the animated series Dead End: Paranormal Park.
* The selloff may not be directly linked to his comments – stocks don’t usually move on culture-war tweets alone – but markets aren’t exactly immune to Musk’s megaphone either.

**Boycott Fears or Just Noise?**

* Investors might be quietly wondering whether this morphs into something bigger.After all, Netflix is no stranger to political or cultural backlash – though historically, it shrugs these off.
* Streaming is sticky. Cancel campaigns have rarely translated into a sustained drop in subscribers, especially given Netflix’s scale and diversified content library.
* Still, even the perception of reputational risk can move a stock in the short term, particularly when traders are hunting for reasons in an otherwise bullish tape.

**Bigger Picture Still Strong**

* Context: Netflix shares are up 32% this year, well ahead of the S&P 500’s 14% gain, proving investors see the platform as resilient in choppy macro conditions.
* Growth levers like ad-supported tiers, password-sharing crackdowns, and global expansion continue to fuel optimism, even if one-off controversies grab headlines.
* Musk’s post may not ding the fundamentals, but it added a twist to a day when Netflix underperformed while the rest of Big Tech marched higher.",0,1759487981.0,
1nuko7c,Is there such thing as a porn stock? 🤔,"ok random thought but I was scrolling through tickers and it hit me… we got weed stocks, booze stocks, casino stocks, even like sports betting everywhere now… but what about adult entertainment? like… is there such thing as a porn stock??

seriously tho… if OnlyFans ever IPO’d, tell me that thing wouldn’t just blow up on day 1. same with Pornhub if they ever figured out how to list. people already pay subscriptions like it’s Netflix, margins are probably insane, and it’s not like demand is going away anytime soon.

closest thing I found is PLBY (Playboy). yeah that Playboy. they came back to the market through a SPAC in 2021, stock went crazy for a bit and now it’s literally under 2 bucks. basically feels like a scratch-off ticket. either it dies completely or one random headline and it’s back on the radar.

not telling anyone to buy (do what you want, it’s your money). I just think it’s funny how this is like the one vice industry wall street doesn’t openly mess with even tho it’s probably bigger than half the stuff they pump.

so yeah, what do you guys think:
– would you buy into OnlyFans if it ever listed?
– is PLBY just meme trash now or maybe worth a small gamble?
– why is this the one “sin” space nobody talks about?

idk maybe I’m overthinking but it seems like an obvious conversation that nobody’s having.",0,1759255990.0,
1o0gxeo,"Ok mad I know, but what if Netflix bought Disney?","So this might sound nuts, but I’ve been thinking about the mess Disney is in right now, cable dying, ESPN future unclear, streaming not printing cash, and wondered what if Netflix actually tried to buy Disney? A lot of media consolidation going on, etc.... with paramount, Tiktok, ChatGPT getting into media content creation, etc..

Yeah, Disney is huge but Netflix has been pretty fearless when it comes to staying ahead. Bob Iger’s already hinted that Disney might spin off or sell pieces like ESPN and traditional TV. If the price ever got right, could Netflix swoop in?

Netflix would instantly get:

* A monster IP library (Marvel, Star Wars, Pixar, Disney classics).
* Merch + theme parks for real-world cash flow.
* Global reach way beyond streaming.

Disney would get:

* Netflix’s streaming tech + data smarts.
* A proper digital-first culture.
* A way to reinvent their theme park rides with the netflix shows
* Maybe leadership that’s hungrier to reinvent.",0,1759848655.0,
1nqa3vr,Amazon to pay $2.5 billion to settle Prime deception allegations,"No paywall: [https://finance.yahoo.com/news/amazon-pay-2-5-billion-152456030.html](https://finance.yahoo.com/news/amazon-pay-2-5-billion-152456030.html)

[Amazon.com](http://Amazon.com) will pay $2.5 billion in fines and redress to Prime subscribers to settle the U.S. Federal Trade Commission's case alleging the retail juggernaut signed users up for the subscription without their consent and made it difficult to cancel, the FTC said on Thursday.

Of that, $1.5 billion will go into a fund to repay eligible Prime subscribers and Amazon will not admit wrongdoing as part of the settlement, the FTC said.

Shares of Amazon were nearly unchanged after the news. Amazon didn’t immediately respond to a Reuters request for comment.",1958,1758814734.0,
1nyf9d9,"Companies in the EU are starting to look for ways to ditch Amazon, Google, and Microsoft cloud services","Running most of my infrastructure on AWS and some workloads on Azure, but lately there’s been a lot of talk about companies in the EU starting to look for ways to ditch Amazon, Google, and Microsoft cloud services because of rising security and regulatory concerns. I know OVHcloud and Deutsche Telekom’s Open Telekom Cloud are being mentioned as alternatives, but they don’t seem to match the scale or reliability yet. Are any European providers actually competitive with the big three? Which risk matters more here, vendor lock-in or potential US policy changes?",1711,1759640162.0,
1nxb69y,Netflix falls 5% for worst week since April as Musk urges boycott ahead of Q3 earnings,"No paywall: [https://finance.yahoo.com/news/netflix-stock-logs-biggest-weekly-drop-since-april-as-elon-musk-calls-for-users-to-cancel-subscriptions-200715651.html](https://finance.yahoo.com/news/netflix-stock-logs-biggest-weekly-drop-since-april-as-elon-musk-calls-for-users-to-cancel-subscriptions-200715651.html)

>Netflix (NFLX) shares fell Friday, cementing their biggest weekly decline since April 4. The stock dropped nearly 5% over the 5-day trading period ending Friday as Tesla (TSLA) CEO Elon Musk continued to urge consumers to boycott the streaming giant.

>The stock has lagged the broader market, which has climbed about 2% to new record highs over the past week, and has also trailed Big Tech peers like Amazon (AMZN) and Meta (META).

>The drop comes as Musk amps up calls for a boycott, urging his 227 million followers on X to cancel their Netflix subscriptions and accusing the streamer of pushing alleged transgender messaging in kids' shows.",659,1759525515.0,
1nxhqm2,Jeff Bezos hails AI boom as ‘good’ kind of bubble,"https://www.ft.com/content/8d80f601-4725-489a-8d6e-39099a01f9cb?segmentid=c50c86e4-586b-23ea-1ac1-7601c9c2476f

> Amazon founder Jeff Bezos has argued that the surge of investment in AI is fuelling a 'good' kind of bubble, delivering lasting benefits for society even if share prices collapse as dramatically as his ecommerce company's did 25 years ago.
>
> 'This is kind of an industrial bubble as opposed to financial bubbles,' Bezos said at a tech conference in Turin, drawing parallels with the dotcom-era investment in fibre-optic cable that outlasted many of the companies who deployed it and the 'life-saving drugs' that emerged from the 1990s biotech boom and bust.
>
> 'The banking bubble, the crisis in the banking system, that's just bad, that's like 2008. Those bubbles society wants to avoid,' he said. 'The ones that are industrial are not nearly as bad, they can even be good.'",341,1759543328.0,
1npo92f,"""5 Reasons Amazon Will Double"" - Joseph Carlson","Disclosure I'm a fan of Joseph Carlson and a holder of Amazon. Posting this so smarter people than myself can poke holes at the thesis and spark productive discussion. I can't post link to the youtube video per subreddit rules. Below is a Claude summary of the video transcripts.

## Amazon Stock Analysis - Main Thesis

• **Current underperformance**: Amazon is the worst performing Mag 7 stock in 2025, up only 6% year-to-date while others like Google (+30%) and Meta (+26%) are crushing it

• **AWS concerns**: Investors worried about Amazon Web Services growing only 17.5% vs Microsoft Azure (39%) and Google Cloud (32%)

• **CEO misstep**: Andy Jassy's poor earnings call response failed to address investor concerns about slower AWS growth

## Five Reasons Amazon Will Double (Go to $400)

### 1. AWS Dominance & Diversification
• AWS has $120 billion run rate, nearly as big as Azure and Google Cloud combined  
• Over 4 million customers vs Microsoft's estimated 1 million  
• More diversified customer base leads to consistent, compounded growth  
• New Trainium chips and Anthropic AI partnership creating vertical integration

### 2. Robotics & Automation Leadership  
• Amazon employs 1.5 million people globally, with 700,000 in warehouses and delivery  
• Already operating autonomous Zoox vehicles in Vegas with no driver  
• Massive opportunity to automate repetitive tasks and reduce $60 billion annual labor costs  
• Will follow Amazon's pattern: build for themselves first, then sell to others

### 3. Prime Ecosystem & High Lifetime Value
• Amazon Prime has become standard household membership with incredible value proposition  
• Prime Video becoming major entertainment destination, rivaling Netflix  
• Multiple benefits: delivery, entertainment, music, gaming, photos, exclusive deals  
• High customer lifetime value with daily usage patterns

### 4. Advertising Business Growth
• Third largest advertiser globally behind Google and Meta  
• Advertising revenue growing near 20% annually  
• Retail advertising still early and underoptimized with high margins  
• Expanding to Prime Video, Twitch, and even brokering ads for Netflix

### 5. Logistics Network Scale
• Built logistics network comparable to UPS, FedEx, and DoorDash combined  
• Now offering fulfillment services to competitors like Walmart and Shopify  
• Planning to launch in every major manufacturing location globally  
• Scale creates further scale advantages in cost-effective logistics",252,1758748443.0,
1nvbe1f,Amazon launches ‘price-conscious’ grocery brand with most products under $5,"Amazon on Wednesday expanded its private-label grocery lineup with the launch of a new brand aimed at “price-conscious” shoppers, with most products priced under $5.

The brand is called Amazon Grocery and includes more than 1,000 items, ranging from dairy, fresh produce, meat and seafood to snacks and baking essentials, the company said in a release. Amazon said the new offering unites its Happy Belly and Amazon Fresh brands under one label.

“During a time when consumers are particularly price-conscious, Amazon Grocery delivers more than 1,000 quality grocery items across all categories that don’t compromise on quality or taste – from fresh food items to crave-worthy snacks and pantry essentials – all at low, competitive prices that help customers stretch their grocery budgets further,” Jason Buechel, Amazon’s vice president of worldwide grocery, said in a statement.

It’s not the first time Amazon has experimented with a budget-friendly grocery brand. It launched a similar offering last September, called Amazon Saver, that was “focused on value.”

The move comes as Amazon’s grocery business has been in flux.

The company has continued to streamline its chain of Go cashierless convenience stores and Fresh supermarkets, announcing last week that it will close all of its locations in the U.K.

At the same time, Amazon CEO Andy Jassy and other company executives have touted the success of sales of “everyday essentials” within its online grocery business, which refers to items such as canned goods, paper towels, dish soap and snacks.

The company last month expanded same-day delivery of fresh foods to more pockets of the U.S. as it looks to encourage shoppers to add meat and eggs to their order while they’re browsing its sprawling online store.

Source: [https://www.cnbc.com/2025/10/01/amazon-grocery-under-5-dollars.html](https://www.cnbc.com/2025/10/01/amazon-grocery-under-5-dollars.html)",233,1759332639.0,
1ntsbua,AMZN and GOOGL's Anthropic investment paying off: MSFT adds Anthropic AI models to Copilot // Global Expansion,"**Microsoft brings Anthropic AI models to 365 Copilot, diversifies beyond OpenAI** https://www.reuters.com/business/microsoft-brings-anthropic-ai-models-365-copilot-diversifies-beyond-openai-2025-09-24/

""Microsoft (MSFT.O) said on Wednesday it will integrate artificial intelligence models from Anthropic into its Copilot assistant, signaling the software giant's push to reduce dependence on its high-profile partnership with ChatGPT maker OpenAI.""

""Anthropic’s AI models are primarily hosted on Amazon Web Services (AMZN.O), a rival to Microsoft’s cloud business.""

**Anthropic to triple international workforce as AI models drive growth outside US** https://www.reuters.com/business/world-at-work/anthropic-triple-international-workforce-ai-models-drive-growth-outside-us-2025-09-26/

""Anthropic said on Friday it plans to triple its international workforce and expand its applied artificial intelligence team by fivefold this year to meet a surge in demand for its Claude AI models outside the United States.""

""The company's run-rate revenue had grown to more than $5 billion by August from about $1 billion at the beginning of the year.""
",200,1759176016.0,
1nl1f0l,Where OpenAI's $300b deal with Oracle can come from,"I thought the $300b deal was BS when I first saw it. I now think it's real.

1. OpenAI will likely IPO. Right now, they're worth $500b in private valuation based on their last funding round. I'm willing to bet that they can IPO for $1 trillion in valuation today based on pure AI ecstasy and raise a cool $100b - $200b in cash.

2. The $300b deal starts in 2027 and runs 5 years. On average, it's $60b/year which is less than what other big AI players are spending now. Google is spending $75b in 2025. Amazon is spending $100b in 2025. Microsoft is spending $80b in 2025. Meta is spending $72b in 2025. The deal looks very reasonable from this perspective.

3. OpenAI's revenue nearly 4x'ed this year to $13b. Let's say they can 3x in 2026, that's 29b. Let's say they can 2x in 2027 (deal starts here), that's $58b. This is assuming slowing growth. I can also easily see accelerating growth for a few more years.

4. Deal with Oracle will likely be a ramp. Example: $30b in 2027. $60b in 2028. $100b in 2029. $150b in 2030. $160b in 2031. 5 years. It'll allow OpenAI to grow into it. Based on projected revenue, OpenAI will spend about ~50% of their 2027 revenue on payments to Oracle. 

Maybe everything will crash before this deal ever materializes. Maybe LLMs hit a dead end. Maybe you just hate everything AI. None of that matters. What matters is that OpenAI does have a decent chance of fulfilling the deal over a 5 year period starting in 2027 based on how things are going.

PS. Why Oracle? Because Oracle is the only cloud company that is NOT trying to compete against Nvidia so they're likely getting favors from Nvidia. Meta, Google, Microsoft, AWS, and even Apple are all designing and making their own internal AI chips. Nvidia likely wants to make Oracle its main partner going forward.

tldr; OpenAI IPO can easily raise $100b+, revenue growth projections can cover Oracle payments, it's less per year than what Google, Amazon, Microsoft, Meta are already paying in datacenter capex in 2025.",114,1758282652.0,
1nppz17,"UPS, is this a buy?","UPS has been floating around its 1 year low for a while now. In fact, it is now about $6 lower than its 10 year low.
It has great cash flow, a low P/E, is executing a cost cutting effort, and has shed most of its low margin channels, like Amazon packages.

So, with a 7.8% dividend yield, why isn't this a fantastic value and income buy?

Full disclosure: I just loaded up on it today.
I may do more tomorrow, then hold for growth and dividends.",63,1758752675.0,
1nksav5,UPS Has A Limited Downside From This Price,"United Parcel Service (UPS) $85

**Industry/Sector/Type –  – – Transportation/Goods/Cyclical** 

Biggest catalyst for the stock – High dividend yield and low valuation, scraping the bottom of the barrel for “value” stocks. Cautious buy, expecting a limited downside.

**Positives**

**Low Valuation:** United Parcel Service trades at a decade-low valuation of 12x earnings, which doesn’t give enough credit to its pivot from low-margin Amazon volumes towards higher-value customers. I believe that in a few years, UPS should improve operating margins significantly from the current 9% to about 12% with better paying customers.

**Healthcare logistics market:** The healthcare logistics market is estimated to grow at 9-10% to $82Bn, and UPS has plans to double revenues from this segment to $20Bn by 2026. This is a significantly higher valued market with a lot of specialized functions - storage, handling, and time-sensitive transportation, essential when you're delivering medicine, biologics, and medical devices. The $87Bn UPS has a competitive advantage over smaller carries, because it has a lot of infrastructure in place - such as temperature-controlled storage in several locations to cater this industry from clinical trials to patient deliveries. The best part of course, premium pricing. 

**Cost cutting and operational improvements:**  Here are the key points of UPS $3.5B cost reduction program:

* Reducing 20,000 jobs in 2025, across operations and management, with voluntary buyouts.
* Closing 73 facilities as part of a broader consolidation.
* Automating 64% of operations.
* 35% of reductions will come from operational roles, and 30% from Capex.
* Consolidating package routes.
* Raising revenue per piece by dropping less-profitable customers and increasing rates on retained volume

**Negatives**

**Under performer** – In the past decade the stock has lost 14%, with a very high percentage of Amazon’s business, which hurt margins. It has fallen significantly off a high of $203 from 2022. 

**Lack of forward guidance** – turnaround efforts have flattered to only deceive, two recent examples, it pulled its 2025 revenue and profit outlook in April and again withheld from providing targets in July. 

**Tariff uncertainty**  – the US-China trade being a key contributor to the lack of clarity. The demise of the de minimis exclusion of merchandise below $800 from tariffs is hurting UPS.

**Valuation**

After 15% and 4% earnings and revenues drops in 2025, I do expect UPS to return to 10-11% earnings growth and 2-4% revenue growth for the next 3 years.

A market cap of just $71Bn against $87Bn in sales is attractive. Add to that a historically low P/E of 12, and a dividend yield of 7.5%,

**High yield** – its dividend yield of 7.5% looks safe for now. **This a cautious buy.** The only caveat is that we still have a lot of trade uncertainty, and if the turnaround takes longer, this could fall even further, but I believe the downside is limited from here. 



",44,1758250845.0,
1o0wixo,Consolidate from ~20 to 10 stocks,"Been dollar-cost averaging into these \~20 companies over the last couple of years. Attached is my actual portfolio. I was initially hesitant to go all in on my high convictions, but for the next 3–5 years, I want to consolidate to just 10. Which ones would you keep, and which would you drop?

https://preview.redd.it/omadjovbastf1.png?width=1552&format=png&auto=webp&s=b9088dedc2584e864bcd5a0811b218f81b3dd67c",47,1759884410.0,
1nx3pof,Amazon and the bubble,"
Jeff Bezos is saying that AI’s in a bubble and so’s Sam Altman, why isn’t everyone dumping stocks? 

For example, a lot of my stocks are connected into AI through the craze that seems to say: ‘If you put AI into your quarterly statement, it could bump your share price a couple of points’, and that spells trouble.

But it seems as though that if I go deeply into cash and go into safer stocks like $WMT (avoiding $KO because of Trump), I’m screwed either way.

So what is anyone’s thoughts? Because the Dotcom crash lasted two years, and it seems that this might be even worse.",14,1759508505.0,
1nkwzjw,"Genius Sports acquires Sport Innovation Lab, Premiere Fan Data Platform","Source: https://www.forbes.com/sites/allisonsmith/2025/09/18/genius-sports-acquires-sport-innovation-lab-premiere-fan-data-platform/

Genius Sports, a data, technology, and broadcast company that connects sports, betting and media recently acquired Sport Innovation Lab. 

Sport Innovation Lab has made a name for itself in the industry since 2016 as the premiere outlet in the world for collecting and reporting on sport fan data. It has worked with a large portfolio of sport organizations that includes ESPN, FanDuel, Draft Kings, Amazon, New Balance, NHL, LPGA, NWSL and more.

The merger allows an expansive database that can track billions of annual sport transactions including purchases, attendance, and viewership. For the partners and companies that work with Genius Sport and Sport Innovation Lab, this will create the ability to target fans and campaign to their core behaviors, a resource unmatched in marketing, sponsorship, and partnership sport spaces, as the sponsorship of major sports teams was valued at 7.4 billion in 2024 alone.",5,1758266541.0,
1nwyt25,Any ideas of who these guys are talking about?,"Odyssey’s Initial Three Picks

Odyssey Position No. 1 – An upstart e-commerce company quietly taking advantage of the burgeoning trend in online food delivery.

Odyssey Position No. 2 – Has a near-monopoly in cystic fibrosis treatments and patent protections extending to 2037.

Odyssey Position No. 3 – A rapidly growing Swiss sports clothing company combining a Nike-esque product and a Lululemon-esque brand appeal.



Phoenix’s Initial Three Picks

Phoenix Position No. 1 – The first official Supernova recommendation to be surfaced by our just-released Rule Breakers AI-Scoring Database, this highly diversified business is one of the world's largest alternative asset managers.

Phoenix Position No. 2 – The “Amazon of Latin America” is taking advantage of a region that still has just half the e-commerce penetration of the United States, giving it a clear tailwind.

Phoenix Position No. 3 – One of the initial pioneers of the fintech industry, currently trading at a healthy discount.


Shouldn't be too hard to figure these out",3,1759497230.0,
1nny89w,Long Term AI Strategy,"AI has been developing rapidly for the last few years and it's becoming clear that it is not going away anymore. Let's zoom out a bit. What is a good strategy to capitalize on a still very young industry with new players joining every day? I'm currently seeing three main segments that drive revenue with a TAM that's rapidly expanding across all three segments:

**Infrastructure**
Companies like Nvidia, AMD, Microsoft and Oracle are building chips and datacenters to generate compute. All of the MAG7 companies are investing heavily in their own facilities to become a big player in the scene without any sign of slowing down.

**Data**
The place the internet comes together is a goldmine for LLM's to be trained on. Places Like X (Twitter) (owned by xAI) GitHub (owned by Microsoft, very valuable for coding), Stack overflow, Wikipedia, Quora, but maybe the biggest and most valuable of them all, yes, Reddit. A very important aspect of why Reddit's conversations are very valuable is because there is no money incentive like on X. The company has gone public in 2024 and has done licensing deals with Google and OpenAI and others worth 200M+ annually. They are reportedly currently in talks with Google for a much bigger deal. The platform is imo mildly monetized and thus growing rapidly. A company worth looking into financially.

**Applications**
Probably the biggest and widest segment that has yet to fully materialize is the way AI has been putting itself on the market as a product. The most obvious applications are LLM's like ChatGPT, but OpenAI is not close to profitability. Self-Driving cars are also slowly being applied, but in low numbers. Public companies like Alphabet, Microsoft, Amazon, Salesforce and Palantir are among a bigger group of companies well positioned to thrive in this segment.

AI is no longer just a buzzword. The companies that control infrastructure, data, or applications are setting the rules of the game. The next few years are going to separate the leaders from the followers. If you’re looking to understand where value is being created, AI is still a an early opportunity.",1,1758574276.0,
1o3p120,Why SEALSQ might age better than Rigetti,"$LAES → SEALSQ’s multiple sits at the lower fringe of the speculative continuum: anchored in practical domains like quantum security & IoT hardware, rather than floating in the zero-gravity of science-fiction valuation narratives. It’s a speculative play, yes, but one that still remembers to manufacture actual silicone. By contrast, Rigetti’s reported revenue multiples hover between \~1,500× & 1,800× a monument to the market’s enduring absurdity. It’s an irony of market psychology: the company producing semiconductors trades at a fraction of the valuation of one still prototyping superconducting circuits in a lab. That dynamic may invert soon, as capital begins to migrate toward companies offering deployable, quantum-secure technology instead of distant, theoretical compute power & a Wix website. 

SEALSQ exhibits the full suite of credibility: a glossy website, a name calibrated for seriousness & a Swiss headquarters that project discretion, precision, & branding as proof of concept. The company’s narrative leans on the vocabulary of inevitability: “semiconductor” “quantum-resistant,” “trusted,” “sovereign,” & “national security.” SEALSQ reported a 41% YoY revenue increase through Q3 2025 & reaffirmed its full-year revenue forecast, projecting a 59% to 82% increase over 2024. The growth, predictably, came from “strong demand” for its core products & the acquisition of IC’ALPS. The momentum is set to culminate at the Quantum + AI Conference in New York later this month & carry through 2026, sustained by quantum-safe security systems aligned with U.S. government standards & a rotation of partnerships & acquisitions.  
  
When the hype cycle finally fades, SEALSQ’s realism might look less elevated. Rigetti’s website is an aesthetic tragedy that looks as if it were cobbled together on Wix by a particularly optimistic intern unable to achieve basic design coherence. Quantum computing demands a level of obsessive attention to detail: fractions of a Kelvin, picosecond timing, noise isolation at the edge of physics. When the front end looks half-finished, it’s hard not to question whether that discipline extends behind the lab door. Something doesn’t add up. Have you seen SEALSQ’s website? If corporate websites are any proxy for DNA, SEALSQ looks like it’s building things that actually work.   
  
Expect a fresh wave of press releases & conveniently timed analyst upgrades in the near term. The Quantum + AI Conference: alternately marketed as Quantum + AI 2.0 or IQT Quantum + AI, depending on who’s paying for the banner, will occur October 19–21, 2025, in New York City. The agenda promises deep inquiry into the intersection of quantum computing, artificial intelligence, & cryptographic security. Attendees can expect the full liturgy: keynotes, panels, mentoring sessions, & exhibitions. Organized in part by Inside Quantum Technology (IQT), the event serves as yet another congregation of researchers, investors, & professional futurists between funding rounds. $LAES SEALSQ headlines with the highest tier of logo placement. Amazon AWS, Nvidia, IonQ, Rigetti, Salesforce, Amgen, CNN, & Cantor Fitzgerald will also attend. ",0,1760166411.0,
1o36js7,AMZN - sell or hold?,"Hi,

I bought AMZN at 223 $ and it's now at 218 $. I didn't buy much and someone wrote that there is no real space for growth for Amazon and I would rather invest in something that would bring me $$$. This was my first stock, I just bought it for safety. What would you do? 
Thanks!",0,1760115624.0,
1nt2uzu,Why does the market close on weekends?,"I’m looking to soon get into stocks, for something that seems to be very “important” why do they close on the weekends? Also what would be some friendly investments to look into? I looking at Amazon and Amex. ",0,1759101925.0,
1o0fcvw,"The price of gold reached $4,000 an ounce for the first time ever","Gold prices hit $4,000 for the first time Tuesday as investors seek a safe haven from geopolitical volatility, economic uncertainty and stubborn inflation.

There must be institutional buyers too?

https://www.cnbc.com/2025/10/07/gold-4000-record.html?__source=iosappshare%7Ccom.apple.UIKit.activity.CopyToPasteboard",1606,1759845107.0,
1ntm8my,"Labor Department won’t be releasing data, including Friday’s key jobs report, in case of a shutdown","Source: https://www.cnbc.com/2025/09/29/bls-wont-be-releasing-data-including-fridays-key-jobs-report-in-case-of-a-shutdown.html?__source=iosappshare%7Ccom.apple.UIKit.activity.CopyToPasteboard

The Labor Department is preparing for what would amount to a news and data blackout should the U.S. government suspend operations.

In a contingency plan released Friday, the department said it was looking “to ensure that DOL agencies can perform an orderly suspension of programs and operations should a lapse occur, while continuing those limited activities authorized to continue during a lapse.”


While the department’s scope covers a multitude of areas, the impact on data releases will be pressing for investors. The DOL, in conjunction with the Bureau of Labor Statistics, has several key reports upcoming that will provide important clues about the direction of the economy and inform Federal Reserve policymakers ahead of their next meeting in October.

“BLS will suspend all operations,” the 73-page plan stated. “Economic data that are scheduled to be released during the lapse will not be released",1340,1759162325.0,
1nhmzq8,Alphabet becomes fourth company to reach $3 trillion market cap,"Alphabet has joined the $3 trillion club.

Shares of the search giant jumped more than 4% on Monday, pushing the company into territory occupied only by Nvidia, Microsoft and Apple.

The stock got a big lift in early September from an antitrust ruling by a judge, whose penalties came in lighter than shareholders feared. The U.S. Department of Justice wanted Google to be forced to divest its Chrome browser, and last year a district court ruled that the company held an illegal monopoly in search and related advertising.

But Judge Amit Mehta decided against the most severe consequences proposed by the DOJ, which sent shares soaring to a record. After the big rally, President Donald Trump congratulated the company and called it “a very good day.”

Alphabet shares are now up more than 30% this year, compared to the 15% gain for the Nasdaq.

The $3 trillion milestone comes roughly 20 years after Google’s IPO and a little more than 10 years after of the creation of Alphabet as a holding company, with Google its prime subsidiary. .

CEO Sundar Pichai was named CEO of Alphabet in 2019, replacing co-founder Larry Page. Pichai’s latest challenge has been the surge of new competition due to the rise of artificial intelligence, which the company has had to manage through while also fending off an aggressive set of regulators in the U.S. and Europe.

The rise of Perplexity and OpenAI ended up helping Google land the recent favorable antitrust ruling. The company’s hopes of becoming a major AI player largely ride with Gemini, Google’s flagship suite of AI models.

Source: [https://www.cnbc.com/2025/09/15/alphabet-3-trillion-market-cap.html](https://www.cnbc.com/2025/09/15/alphabet-3-trillion-market-cap.html)",1094,1757945612.0,
1npsxd9,Intel jumps 6.4% after reports it is seeking Apple investment to support comeback bid,"No paywall: [https://finance.yahoo.com/news/intel-seeking-investment-apple-part-200651919.html](https://finance.yahoo.com/news/intel-seeking-investment-apple-part-200651919.html)

>Intel Corp. has approached Apple Inc. about securing an investment in the ailing chipmaker, according to people familiar with the matter, part of efforts to bolster a business that’s now partially owned by the US government.

>Apple and Intel also have discussed how to work more closely together, said the people, who asked not to be identified because the deliberations are private. The talks have been early-stage and may not lead to an agreement, the people said.",711,1758760769.0,
1nvg1dy,"Reminder - Tesla sales trending down, maybe unprofitable 3Q from no emissions credits, and taxi still has safety drivers - stock UP 30% Lol","The absurdity of Tesla knows no bounds. 

* Publicly available China sales data- which is about 35% of Tesla's sales - is still down 9% year over year, and Europe sales are still falling. American sales expect a bump due to loss of tax credits, but with Elon's alignment with Trump in the US generally hurting American sales, and significantly increased EV competition in the US, that bump is likely to be marginable at best. Accordingly, Tesla EV sales are still virtually guaranteed to be down year over year this quarter, stagnant at best. Remember, in 2020 Elon and Tesla bulls were projecting a ramp up to 20 million car sales per year (traditional EV sales, not robotaxi sales) by 2030. They've been stagnant - now decreasing - at under 2 million car sales for over a year now. 



* Worse still, the revenue from automotive regulatory credits will drop to zero starting this quarter, as emissions penalties were eliminated under the Trump administration. Notably, those emissions credits have accounted for, on average, 50% of Tesla's net income over the past 5 quarters; and, 1Q2025 would have actually had a negative net income of -$186 million without the $595 million in income from selling automotive regulatory credits that quarter. 



* And, while robotaxi is interesting and technologically, looks like it's trending towards feasibly working, Tesla still has safety drivers in the markets its operating in -which is mainly Austin at the moment - despite Musk saying it would reach half the U.S. population by the end of the year.  And, recent autonomous driving disclosures to the NHTSA indicate that in the most recent August month Tesla had 3 accidents for having less than 30 cars on the road, a ratio of 0.3/car/month. Waymo, in contrast had 51 incident reports in August for its 1,500 cars on the road across the country, a ratio 0.03/car/month and a factor of 10 less incidents per car per month than Tesla. And, while Musk has touted that Tesla is the leader in robotaxi for something like 8 years now, not only has Waymo factually rendered more autonomous rides with dramatically more mileage and, at this point, had demonstrated to be a working technology; but more and more competitors are popping up, such as Zoox in the U.S.; and pony.ai, BYD, and Baidu in Asia. Which is to say, competition is coming, and some would say has already come and surpassed Tesla, for the robotaxi space as well. 



* Additionally, if one takes a step back and compares the robotaxi market to the current ride-share market - as that's likely what it will displace since most people that own cars will presumably still want to have their own car - even assuming mature, robust market share and profit margins, the valuation is still probably under $300 range. For example, by my back of the envelope math there were approximately 100 billion ride share miles rendered worldwide in 2024. If you assume Tesla had 50% of that market (which is generally an unheard of market share in a market with decent competitions - Apple, for example, has a 25% global market share); and, assuming that, pursuant to Musk's own projections, the cyber cab was able to get cost per mile down to $0.30/mile, and they charged a reasonable $1/mile to riders, and that does not go lower with more competition; that would give 100 billion miles \* 0.5 market share \* $0.70 profit per mile = $35 billion profit off of robotaxis per year. $35 billion/3.4 billion shares = $10.29 per share and giving that a P/E of 30 gives you $308 target price. In other words, in a mature industry where Tesla robotaxi's had global reach and 50% market share, and profit margins of 70% per mile, the high price is still only $300 a share. 

**Tesla is up 30% this month to $450 a share as of today**, and likely trending towards a P/E of over 300 as it's EV sales profits are likely trending towards a range of $1 to $2. **Gotta love the American stock market!**",399,1759342783.0,
1nmambu,AAPL: Strong iPhone 17 demand,"**Apple has asked suppliers to boost production of iPhone 17 model, the Information reports** https://www.reuters.com/business/apple-has-asked-suppliers-boost-production-iphone-17-model-information-reports-2025-09-19/

""Apple this week asked Luxshare Precision, one of its two main iPhone assemblers in China, alongside Foxconn, to boost daily output of the standard iPhone 17 by about 40%""

**Apple’s iPhone 17 Sales Open to Strong Demand for Pro Models**
https://www.bloomberg.com/news/articles/2025-09-19/apple-s-iphone-17-air-go-on-sale-to-years-of-demand-for-new-look

""The new phones, which bring a fresh look in addition to battery life and camera improvements, attracted long lines at Apple stores from Hong Kong to London to New York to Los Angeles.""

**JD.com (JD) Shares Rise as iPhone 17 Breaks Sales Records**
https://www.gurufocus.com/news/3113835/jdcom-jd-shares-rise-as-iphone-17-breaks-sales-records

""The boost in stock price comes as JD.com reported that the pre-sale of Apple's iPhone 17 series set a new sales record. Within the first minute of pre-sale, transactions surpassed the entire day's sales from the previous year. By 10 AM on September 19, trade-ins for the iPhone 17 quadrupled compared to the same period last year.""",246,1758405010.0,
1nvs1pu,Apple tables Vision Pro sequel to pursue smart glasses: report,"Apple has tabled its efforts to produce a follow-up to its Vision Pro headset in favor of developing a new line of smart glasses powered by artificial intelligence, according to Bloomberg.

The Cupertino company has moved staff from working on its new, lighter and cheaper Vision Pro to focus on its smart glasses, which would be similar to those offered by Meta Platforms, the report said, citing people close to the issue. Apple engineers are working on at least two types of the smart glasses. One is being crafted to be paired with an iPhone and will lack its own display. This could be revealed as soon as 2026. The other version will contain a display similar to the recently released Meta Ray-Ban Display.

Apple's smart glasses are expected to utilize voice interaction and AI capabilities, the report said. It would also rely on an upgraded Siri, which is projected for a March release at the earliest. They would also feature a much lower price tag than the Vision Pro, which started at $3,499.

Meta released its Meta Ray-Ban Display smart glasses on Tuesday, Sept. 30. They start at $799 and feature the Meta Neural Band. The AI-powered glasses allow users to ""interact with digital content while staying fully present in the physical world.""",69,1759372509.0,
1nfcydl,For 1%? A wall of cash?,"Is a wall of cash really moving into this risky market for 1%? I can see a flow of some cash, but a wall?

$7 trillion 'wall of cash' worry coming for investors once Fed rate cuts start https://www.cnbc.com/2025/09/12/7-trillion-cash-money-market-yields-fed-interest-rate-cuts.html?__source=iosappshare%7Ccom.apple.UIKit.activity.CopyToPasteboard
",32,1757706625.0,
1nf2vtj,(09/12) Interesting Stocks Today- An AI for an AI makes the whole world blind?,"Hi! I am an ex-prop shop equity trader. This is a daily watchlist for short-term trading: I might trade all/none of the stocks listed, and even stocks not listed! I am targeting potentially good candidates for short-term trading; I have no opinion on them as investments. The potential of the stock moving today is what makes it interesting, everything else is secondary.

News: [Apple Postpones Release of New iPhone Air in China](https://www.bloomberg.com/news/articles/2025-09-12/apple-postpones-release-of-new-iphone-air-in-mainland-china?srnd=homepage-americas)

[**WBD (Warner Bros. Discovery)**](https://finviz.com/quote.ashx?t=WBD&p=d) \- Paramount/Skydance are preparing a bid for WBD, reportedly backed by Larry Ellison. This stock exploded around 10:30 PT yesterday, moving from $13.50 to $17. Currently I'm interested if we can continue momentum today (it's held up decently well).

More media sector consolidation, the last time we've seen something like this is the failed bid for Paramount (which later led to Paramount/Skydance). Obviously deal risk is the main concern here, if talks fall through or the rumor is refuted then we'll go back to original price.

[**MSFT (Microsoft)**](https://finviz.com/quote.ashx?t=MSFT&p=d) \- OpenAI has received Microsoft’s approval to transition its for-profit arm, thus boosting strategic AI partnerships. This move essentially signals confidence in MSFT's continued collaboration with OpenAI and AI-driven growth and presumably means that they'll use MSFT products like Azure for their cloud compute. This happened afterhours yesterday, and moved the stock 2%.  MSFT has moved back slightly, not so interested in this unless we have a huge surge of volume off the open.

[**OPEN (OpenDoor)**](https://finviz.com/quote.ashx?t=OPEN&p=d) \- Stock price has gone gangbusters since the appointment of Kaz Nejatian, Shopify’s former COO, as the new CEO. We moved from 6->10 in the past 2 days, not interested in a long, maybe a short if the stock price goes parabolic to something like 15/20. Stock is pretty liquid (millions of shares every minute) so no concern with getting size if needed. It's also a meme stock, so we'll see how this turns out.

[**ORCL (Oracle)**](https://finviz.com/quote.ashx?t=ORCL&p=d) \- ORCL is selling off after one of the craziest earnings moves I've ever seen, but it's retraced back significantly from the $345 high. Mainly interested in the $300 and what that looks like if we reach it. Need to assess what the box looks like at that price.

**IPOs Today:** [**GEMI**](https://finviz.com/quote.ashx?t=GEMI&p=d)",19,1757682753.0,
1o3ewij,Apple nears deal to acquire talent and technology from computer vision startup Prompt AI,"Apple is in late-stage talks to acquire top talent from computer vision startup Prompt AI, as well as the company’s technology, CNBC has learned.

Leadership at Prompt told employees of the pending transaction at an all-hands meeting on Thursday and said that those who don’t end up joining Apple will be paid a reduced salary, and encouraged to apply for open roles at the company, according to audio that was accessed by CNBC.

The 11-person company was approached by other potential suitors, including Elon Musk’s xAI and Neuralink, executives said in the meeting.

Prompt was founded in 2023 and raised a $5 million seed round that year led by AIX and Abstract Ventures. Co-founders include CEO Tete Xiao, a notable AI researcher with a Phd in computer science from UC Berkeley, and President Trevor Darrell who was a founder of the Berkeley Artificial Intelligence Research (BAIR) lab.

Xiao and Darrell didn’t respond to requests for comment, nor did Apple. Neither xAI nor Neuralink immediately responded to a request for comment.

Investors will get paid some money in the deal but “won’t be made whole,” executives said in the meeting. Prompt employees were asked to refrain from mentioning Apple until further notice while searching for other jobs or updating friends and family on their situation.

Prompt’s flagship app, Seemour, connects to home security cameras, adding sophisticated capabilities. The technology helps cameras detect specific people, pets and other animals or objects around a household, and to send alerts and text-based descriptions of unusual activity or answer questions about what’s been happening in front of the camera.

Xiao told employees at the meeting that while Prompt AI’s technology and the Seemour app were working well, the business model wasn’t. The company is retiring the Seemour app, and plans to inform users their data will be deleted and privacy protected, executives said.

Silicon Valley’s tech giants have been snapping up top AI talent through acquihires, in part to bolster their AI research and development in a way that helps them skirt regulatory concerns. Apple’s deal for Prompt is much smaller than recent high-profile transactions, such as Meta’s $14.3 billion investment in Scale AI that brought with it the company’s founder and other execs, and Google’s $2.4 billion deal for Windsurf’s CEO and leaders that included licensing fees.

Apple has historically avoided making large acquisitions. In the half-century since its founding, Apple’s biggest purchase was the $3 billion deal for Beats Electronics in 2014. The company prefers to quietly acquire smaller teams and use their talent and technology to develop features for its product lines.

Some analysts have attributed Apple’s relatively slow progress in AI to its unwillingness to make big purchases. Its stock is down 2% this year, badly trailing major indexes and the worst performance among the tech megcaps.

While Apple Intelligence, the iPhone maker’s foray into generative AI, has underwhelmed critics and faced delays, the company achieved technical success with computer vision, especially in its mixed reality headset, Vision Pro. The iPhone also has the ability to decipher what objects, people or pets are in photographs taken by users.

Prompt’s technology and talent are likely to be part of Apple’s HomeKit smart home division.

Source: [https://www.cnbc.com/2025/10/10/apple-nears-deal-to-acquire-talent-tech-from-ai-startup-prompt-ai.html](https://www.cnbc.com/2025/10/10/apple-nears-deal-to-acquire-talent-tech-from-ai-startup-prompt-ai.html)",13,1760134904.0,
1nglueb,Buying individual company Stocks vs ETFs?,"Currently purchased individual stock for companies like apple, Microsoft, google, NVDA, Tesla, and META. 

Have some left over investing to split into ETFS (s&p 500) and Nasdaq. 

Should i just transfer the money from individual stocks into ETFS instead of splitting my investing into half for individual companies and then the other half for ETFs? and if so please reccomend me some low cost/passive ETFS. esp for Nasdaq. 

Thanks. 
",6,1757838453.0,
1o0xu4z,Why I Think Chemours Could be the Next Big Mineral Play,"Ticker: $CC, Chemours Company

So why this company and why minerals? 

Minerals are hot right now; tariffs from the USA and China withholding critical minerals means that the world needs to adapt. Look at the example of China prevening any Gallium from being sold to the USA. This creates a need, and a need creates the market. [https://cen.acs.org/policy/trade/Firms-brace-China-ban-exports/102/web/2024/12](https://cen.acs.org/policy/trade/Firms-brace-China-ban-exports/102/web/2024/12)

Chemours is one of the biggest TiO2 companies globably. They take in ore which they refine to TiO2 to make paints, coatings, whatever, etc. Not interesting, but, they bring in a ton of ore, and recently (March 2025) they announced a strategic partnership with Energy Fuels (UUUU) to Create a Domestic Supply Chain of Critical Minerals for the United States. [**https://investors.chemours.com/news-releases/news-release-details/chemours-and-energy-fuels-forming-strategic-alliance-create**](https://investors.chemours.com/news-releases/news-release-details/chemours-and-energy-fuels-forming-strategic-alliance-create) In that article you can see Chemours has mines in Florida and Georgia where it currently gets its ores in addition to locations around the world. 

The ores are key. Now let's do some mild speculation. Here are the critical minerals for USA/Critical Minerals Alliances, [**https://www.metaltechnews.com/home/cms\_data/dfault/photos/stories/id/7/3/673/76194.pdf**](https://www.metaltechnews.com/home/cms_data/dfault/photos/stories/id/7/3/673/76194.pdf)

* Cobalt 
* Graphite 
* Lithium 
* Nickel
* Rare earths (i.e. the lanthanide group and related elements)
* Gallium 
* Indium 
* Manganese
* Niobium
* Tellurium 
* Vanadium

The major minerals that contain Titanium are Ilmenite (FeTiO3), Leucoxene, and the more expensive Rutile (TiO2). Chemours is specifically leveraged to use poor quality ores. Look up there history, I am not interested in pulling it, but essentially that means they can use impure ore and refine it to TiO2. Here are some of their statements on what they receive from their mines. [**https://www.chemours.com/en/about-chemours/global-reach/wayne-county**](https://www.chemours.com/en/about-chemours/global-reach/wayne-county)**,** [**https://www.chemours.com/en/about-chemours/global-reach/wayne-county**](https://www.chemours.com/en/about-chemours/global-reach/wayne-county)

Now, let's look at one of the major ores they use, Ilmenite. Yes, this ore is primarily Titanium, Iron (I will come back to this) and Oxygen. Super boring, I know, but what are the trace minerals? Remember, they use a ton of this ore. Everytime you paint a wall, make a plastic container, build pretty much anything that is white or pretty much any color, you use TiO2; even when you use that toilet paper to shit post, guess what, TiO2! So they use a ton of this ore. So, what are the trace minerals? [https://www.handbookofmineralogy.org/pdfs/ilmenite.pdf](https://www.handbookofmineralogy.org/pdfs/ilmenite.pdf)

*  **Vanadium (V)** \- commonly present in small amounts (depends on source), **CHECK!**
* **Chromium (Cr)** \- often found as minor impurities
* **Magnesium (Mg)** \- sometimes present, 
* **Manganese (Mn)** \- minor amounts, **CHECK!**
* **Nickel (Ni)** \- trace levels possible, **CHECK!**
* **Zirconium (Zr)** \- occasionally present
* **Rare Earth Elements (REEs)** \- sometimes detected in low concentrations, **Not really, but CHECK** See below for support they are interested in rare earth metals **,**[**https://www.icis.com/explore/resources/news/2022/10/17/10815713/us-chemours-starts-up-tio2-mineral-sands-mine/**](https://www.icis.com/explore/resources/news/2022/10/17/10815713/us-chemours-starts-up-tio2-mineral-sands-mine/)

So, where does that leave us? They have announced a partnership for refining the ores and have ore with plenty of valuble resources, and they could build or are building the expertise to leverage those components. If we use are sub-room temp IQ that means, tendies! I use the braindead examples of UUUU, MP, LAC, minerals are in, a 100%, 200%, 300%, increase is totally possible. They could be a real supplier in these critical minerals. But, wait, what about all of that Iron? Here are some important uses for Iron as battery materials. [https://investor.vistracorp.com/2022-01-24-Vistra-Announces-Expansion-of-Worlds-Largest-Battery-Energy-Storage-Facility](https://investor.vistracorp.com/2022-01-24-Vistra-Announces-Expansion-of-Worlds-Largest-Battery-Energy-Storage-Facility)  
[https://www.cnbc.com/2021/04/01/apple-will-use-tesla-megapack-batteries-at-its-solar-farm-facility.html](https://www.cnbc.com/2021/04/01/apple-will-use-tesla-megapack-batteries-at-its-solar-farm-facility.html)

Well, the critical use of Lithium Iron Phosphate Batteries (LPF) is recent (\~5 YEAR) with critical innovation for electrical grid security. The USA will need more of those to help even and enhance the grid. But, who are the major suppliers? Why would we care about LPF? Is this a good source, Idk, I am tired. [https://www.bntbattery.com/news/top-10-global-lithium-iron-phosphate-lfp-battery-cell-manufacturers/](https://www.bntbattery.com/news/top-10-global-lithium-iron-phosphate-lfp-battery-cell-manufacturers/)

* **CATL (Contemporary Amperex Technology Co., Ltd.** China
* **BYD** China
* **Gotion High‑Tech** China
* **EVE Energy** China
* **SVOLT** China
* **REPT Battero**, China
* **Envision AESC,** China
* **Lishcen Battery,** China
* **Great Power**, China
* **Wanxiang A123**, China

Hmmm, I guess there might be a problem here. If an American company decided to start refining LPF or at least Iron for LPF, they could have a significant tariff and home town advantage. If you think Chemour is not, I think you are a fool. 

The bad: PFAS, enough said, they have the liability, but they are a huge minerals company waiting to happen.

I don't have much money left, yes I was diagnosed, so here goes what I have left for some shares!

*Processing img uvnkmhfgxrtf1...*

TL:DR Chemours + Minerals = Good, Go to $50 a share!",1,1759888070.0,
1nefi6l,How long do we think the big stocks will last?,"I’m mainly asking other’s opinions on whether they reckon the mag7/8 or the likes of pltr will last long term, or whether they think it’ll be short-mid term gains and either drop off or be overtaken. I don’t see the likes of google, Apple, nvidia etc going anywhere, but esp with nvidia it might fall off within the next 5 or so years. Just a curious discussion I wanted to set up",0,1757612925.0,
1ny3616,What is your process to spot the “next big company”?,"
I read some posts here discussing companies that have good growth potential. 
Often, I have not heard of those companies because they are still growing and are not mainstream yet. 

I will go and read about the companies I learn from those posts and find it very interesting. I am very impressed that someone was able to pick that company as the next big thing. 

I think it is a good skill to learn. Please suggest how I can learn it. 
How do you discover such companies? What is the criteria you use to determine that a particular company has growth potential ? 
Are there any websites or tools you recommend ? 


DISCLAIMER: I am not very knowledgeable about stocks. I invest in them through index funds. But occasionally I buy individual stocks if I know and like the company, like Costco, Reddit and Apple. I use their products or services daily. 

Thank you all. 

",0,1759606258.0,
1nk4r09,How long can the AI stock boom last,"Eventually with all companies they all reach the point of growth where they end and they plateau or they go bankrupt etc.   How many years left do we have to ride out the AI tech boom ?  I can give plenty of examples of companies reaching it's peak like Apple, Microsoft,  the internet boom etc. 

I'm concerned it's not going to last that much longer. 
I'm convinced we are headed to a tech bubble in AI that's about to bust ",0,1758191798.0,
1nnrdu9,The Only Mag 7 to not hit all time highs this year: Apple and Tesla,"Looks like Tesla is about 40 points off its all time high and Apple about $4-5 as of this post.   Heard Joe Teranova say that money managers will be chasing these two names until years end to get performance as they other 5 have already outperformed.   What do you think?   Buy Apple and Tesla into years end and play the game, don’t fight the fed?    Buy options?   How do you play this?   

Note - please keep the “buy voo and forget it” comments to yourself… this is a stock forum not ETF or funds. I’m not cramping on ETFs, i own some but right now this is about specific stocks.   
-thank you ",0,1758558881.0,
1ntjtyt,Don't be afraid to miss the opportunity. You can't!,"We're in a situation where the stock market is inflated with worthless companies valued in billions - all because people want to buy the next Apple, Nvidia, or Google. Here's my point: you can't miss the next big thing. Successful businesses don't appear and disappear overnight. Their success is a story that lasts for decades. Look:

In 2005, Google was already a business with world-class infrastructure - from their exceptional search and ads engine to tools like Gmail, Maps, Images, and more. Guess what? 2005 was just the beginning of Google's journey.

In 2010, Apple had multiple successes with their products - from the Apple I to the Macintosh, iPod, and iPhone. Think it was late? In 2010, the stock was priced at less than $10.

In 2015, Nvidia was already a successful company loved by gamers, CG artists, and researchers. Their products were exceptional; everyone wanted the latest GeForce GPU in their setup. You'd think 2015 was definitely too late? Ha!

See the pattern? Those stories show that a great business provides a window of buying opportunity measured in years, if not decades. Look at the greatest businesses and see how this pattern holds. FOMO is a lie! You have plenty of time to do your research and enter.

What I'm showing is how great businesses are picked: they change the world with their innovation. No need for empty words and marketing campaigns when you can witness the impact yourself, without a middleman.

A great business would tell you, in a confident voice: ""Don't be afraid. Do your research, take your time. Even after five years, we'll remain a great opportunity."" A scam business sells you an beautiful narrative, plays with your emotions, and gaslights you into buying their asset with the confidence of a professional narcissist.

Remember, 99% of start-ups fail even if at some point their stock price rise 10x in short amount of time. That means if you don't do your research and all you read is headlines and biased statements made by insiders, you have a 99% chance of losing your money. Eloquent words != an eloquent business model. Short term gain != long term success.  

Today's ""investors"" buy garbage businesses with questionable products (some don't even have products), all because management is big on words, selling ""we are the future"" story. Really? Then prove it first - in action. 

AI, Quantum, Energy, EV... there is always a next big thing screaming from all the corners ""Choose me!"". Before buying, ask this: ""Are you a great businesses? Have you demonstrated your excellence multiple times over the years? Can I witness the impact you make without a middleman's words?"" 

FOMO takes away your ability to analyse and think; it gaslights you with terms such as ""FUD"". A good investment withstands criticism and doubt. Lies needs to be loud because they're lies. Truth is truth no matter what - it doesn't care to shout.",0,1759156889.0,
1nxmr8k,google is the berkshire of tech,"google is the berkshire of tech

\- owns 14% of anthropic  
\- owns 8% of spacex  
\- acquired double click for $3.1b (backbone of google ads empire)  
\- acquired youtube for $1.65b in 2006 (worth hundreds of billions today)  
\- acquired android in 2005 for $50m; now the world’s most widely used os.  
\- acquired deepmind in 2014 for $500m, huge ai lab with almost sota models and great research team.  
\- runs x (the moonshot factory), incubator of radical ideas (waymo, loon, wing drones, etc.)  
\- through capitalg has invested in stripe, uipath, airbnb, lyft, databricks, crowdstrike, duolingo, robinhood and more",1021,1759559817.0,
1o0qzn0,GOOGL: Nobel Prize in Physics awarded to Google's Quantum AI Chief Scientist,"**Googler Michel Devoret awarded the Nobel Prize in Physics**
https://blog.google/inside-google/company-announcements/googler-michel-devoret-awarded-the-nobel-prize-in-physics/

""This morning, Michel Devoret, currently at Google as Chief Scientist of Quantum Hardware on the Quantum AI team, has been awarded the 2025 Nobel Prize in Physics. The prize is for his work on macroscopic quantum effects that laid the foundation for modern superconducting qubit-based quantum computing. Michel shares the honor with John Martinis, former hardware leader at Google Quantum AI, and John Clarke of the University of California, Berkeley.""

""Michel and John's work enabled our progress so far, including the breakthrough Willow quantum chip we announced last year, and our 2019 milestone demonstrating that a quantum computer could complete a benchmark calculation impossible on a classical computer. It’s also guiding our path forward, as we progress on our hardware roadmap and advance our mission to build quantum computing for otherwise unsolvable problems.""

""The company now celebrates five Nobel laureates, including three prizes in the past two years.""",942,1759870538.0,
1nxidln,Reddit (RDDT) - Everyone’s Missing What Actually Happened,"
Position: Long 1 contract, Jan 2026 $210 Call (+$362.50)

TL;DR: The 7% drop from “ChatGPT citations declining” is the most misunderstood selloff I’ve seen this year. Google just handed Reddit pricing power on a silver platter.

-----

WHAT ACTUALLY HAPPENED:

Sept 10: Google kills num=100 parameter
→ Search APIs can only pull 10-20 results instead of 100
→ Reddit content (ranked 11-100) disappears from scraped data
→ ChatGPT citations drop from 14% to 2%
→ Stock tanks from $240 to $207

Wall Street sees: “Reddit losing AI relevance”

I see: “Reddit just got monopoly pricing on their content”

-----

THE SETUP EVERYONE’S MISSING:

Before: OpenAI scraped Reddit for free via Google

After: OpenAI must pay Reddit directly for API access

This isn’t Reddit losing value. This is Google eliminating Reddit’s free rider problem.

THE MATH:

Current confirmed deals:

- Google: $60M/year
- OpenAI: ~$60M/year
- Total AI licensing run rate: $200M+

They’re negotiating “dynamic pricing” = pay per use

If usage drives pricing and free access just got killed, what happens to those numbers?

Do the math. It’s not going down.

-----

THE CITATION DROP ACTUALLY PROVES THE THESIS:

Stock moved 14% on an 86% citation drop.

Think about that.

One metric from one AI platform moved a $30B company 14%.

That’s not weakness. That’s dependency.

ChatGPT can’t function without Reddit’s UGC. Neither can Perplexity. Neither can Google’s AI.

They just lost free access.

Now they pay, or their AI gets dumber.

-----

WHY REDDIT WINS THIS:

1. Content moat nobody can replicate

- 100M daily users having real conversations
- Every niche topic covered
- Continuously updated
- 18 years of archived knowledge

1. Q2 fundamentals crushed it

- $501M revenue (+84% YoY)
- Just turned profitable
- 97M DAU (+51% YoY)
- Positive free cash flow

1. AI companies have no alternatives

- Stack Overflow? Smaller, tech-only
- Quora? Dead
- Discord? Private, not indexed
- Twitter? Toxic wasteland
- Where else do you get quality UGC at scale?

1. Google just eliminated their competition

- Can’t scrape Reddit via Google anymore
- Must use Reddit’s direct API
- Reddit sets the price

-----

THE BEAR CASE (because I’m not an idiot):

- Negotiations could fail
- OpenAI might reduce Reddit dependency
- Valuation still rich at 8x sales
- User experience degrading from over-monetization
- Competition could emerge

These are real risks. I’m not ignoring them.

But the risk/reward at $207 after a panic sell on misunderstood news?

That’s the setup I want.

-----

WHAT I’M WATCHING:

Bullish catalysts:

- New OpenAI deal announced (higher rates)
- Q3 earnings showing AI revenue acceleration
- Additional platform partnerships
- Dynamic pricing implementation

Bearish catalysts:

- Failed negotiations
- User growth slowdown
- Continued citation decline without revenue growth
- Management fumbling this opportunity

-----

MY ACTUAL THESIS:

The market saw “citations down” and panic sold.

Smart money should see “free access eliminated, paid access mandatory.”

Google didn’t hurt Reddit. Google just forced every AI company to negotiate directly with Reddit.

And Reddit owns content nobody else has.

That’s pricing power.

The Jan 2026 $210 call gives me:

- 3 months to see Q3 earnings
- Time for new deal announcements
- Exposure to re-rating if market figures this out
- Limited downside (premium paid)

This is 2% of my portfolio. High conviction on thesis, sized appropriately for execution risk.

-----

What am I missing? Where’s the hole in this logic?

Genuinely want to stress test this before adding to the position.

Not financial advice. I own calls. Do your own research.

But if you think I’m wrong, tell me why in the comments.​​​​​​​​​​​​​​​​",813,1759545273.0,
1nw68mb,"Regarding the recent RDDT decline, I want to point out something that some of you may not be aware of.","Reddit is THE world's most visited site that fits both of these criteria:

1. is publicly traded

2. isn't already owned by big tech (Mag 7)

[https://en.wikipedia.org/wiki/List\_of\_most-visited\_websites](https://en.wikipedia.org/wiki/List_of_most-visited_websites)

Reddit is a destination site, unlike the Google/Bing/Wiki sites that rank in the top, which I see more as tools, and It is also relatively small at  less than $40B market cap today.

I remain bullish mainly because Reddit is becoming one of few properties where you can still find human generated content (yes, lots of bots, but still lots of real humans) that's not just about what your friend had for dinner.

In a world where internet content is increasing filled with AI slop, human content will become more valuable. So given the above, I think it's a no brainer to allocate a portion of my portfolio for long term hold.

Thank you for your attention in this matter.

",683,1759417381.0,
1o202lf,What is the next big stock you're vouching for?,"I read about ASTS in this subreddit a few months ago and regret not getting in. Of course there's the fomo with AMD, Nvidia, and PLTR bunch. What are some other stocks people have their eye on? 

I'm currently in VOO, QQQ, VGT, GLD, GOOGL, and AAPL.",494,1759996731.0,
1o15sk2,Saw this Goldman report comparing today’s market to past bubbles,"People have been arguing about whether Big Tech and AI stocks are in a bubble or not.

And recently I came across a [Goldman Sachs note](https://www.goldmansachs.com/pdfs/insights/goldman-sachs-research/25-years-on-lessons-from-the-bursting-of-the-tech-bubble/redaction.pdf) from back in Apr 2025 that compared this market to earlier “bubble” periods to the dot-com era, Japan in the late 80s, and the old Nifty 50 names.

One table (Exhibits 7) shows the current “Magnificent 7” (AAPL, NVDA, MSFT, AMZN, GOOGL, META, TSLA) trading around **23× forward P/E**, while the 2000 tech leaders were at **52×**. 

Another table (Exhibits 8) points out they’re way more profitable and have cleaner balance sheets (ROE about 44% vs 28% back then, and most of them sit on net cash).

Not saying I fully agree, but it’s an interesting comparison.

What do you guys think about this? Here's the link to the paper: [https://www.goldmansachs.com/pdfs/insights/goldman-sachs-research/25-years-on-lessons-from-the-bursting-of-the-tech-bubble/redaction.pdf](https://www.goldmansachs.com/pdfs/insights/goldman-sachs-research/25-years-on-lessons-from-the-bursting-of-the-tech-bubble/redaction.pdf)",474,1759915723.0,
1nqid8r,Meta in talks with Google to use Gemini to improve Ad targeting,"Google continuing their positive news on the AI front and one of their major rivals in the advertisement space to use their models is positive indication to the competency of their AI models. 

It seems there are only three major players in the AI model space - Google, OpenAI, Anthropic. 

Only one of them have their 
own infrastructure spanning across the globe

own chips, strong cash flow 

own distribution channels (Chrome/Android)

own datacenters

own first hand data going back decades. 

Thoughts?",370,1758833707.0,
1npm6l9,GOOGL: Waymo for Business,"**Waymo launches corporate robotaxi accounts to court business travel** https://www.reuters.com/business/autos-transportation/waymo-launches-corporate-robotaxi-accounts-court-business-travel-2025-09-24/

""Alphabet-owned (GOOGL.O) Waymo on Wednesday rolled out ""Waymo for Business,"" a corporate program that lets companies set up accounts so employees can hail its robotaxis in Los Angeles, Phoenix, San Francisco, Austin and Atlanta.""

""Early customers include Phoenix-based online used-car seller Carvana (CVNA.N).""

""Waymo has been focusing on airport access to woo frequent business travelers. The company already serves Phoenix Sky Harbor and this month won approval to operate at San José Mineta International Airport. San Francisco International Airport has granted a testing permit ahead of potential commercial service, Waymo said.""",327,1758743588.0,
1nm2ecd,"Am I missing something, or is nebius free money right now","It seems like at this price, you can’t lose money. Their quarterly revenue a year from now will likely be above corweaves current quarterly revenue. But with less debt and better margins. Coreweave is currently valued at 60 billion, roughly 3x nebius. 

I think it’s even possible that nebius q3 revenue next year is 50% higher than coreweaves last quarter revenue.

And the wild thing is that many feel that coreweave is currently undervalued right now.

To me it seems like there is very low risk thanks to the Microsoft contract, and very high reward. If buying calls, potentially a 15x on your money if they hit 60 billion market cap 1 year from now.

Or am I missing something? Does someone have a deeper analysis to tell me why I’m crazy? Because I feel like I am right now.

They just 5x their yearly revenue, but the stock is only up 40% on the announcement

Edit: just to add: I think people are underestimating the experience at nebius. Nebius comes out of yandex, which was the Google of Eastern Europe. Know for being a great company to work for who looked after their employees, the ceo was very against the Ukraine invasion, fled, took the top talent with him, and know you are look at a 20b market cap company that has people with experience of scaling world leading tech, and who are looking to make a stand",297,1758385063.0,
1ntsp96,"OpenAI Launching Instant Checkout, Working with Etsy(+16%) and Shopify(+6%), threatening Google(-1.2%) Search's core revenue stream.","https://openai.com/index/buy-it-in-chatgpt/

One common argument on here is that Google's business model is not threatened by OpenAI, because the highest value searches (shopping related ones) are still done through Google, whereas OpenAI is capturing lower value queries.  So while people turn to LLMs for general questions, they still use Google for online shopping and click on sponsored ads. 

Most importantly, online retailers looking to advertise to people that are directly searching for their type of product really only had Google/Yahoo/Bing as an option, and Google had the majority of market share.

Today OpenAI killed this theory. OpenAI is in the process of integrating shopping directly into ChatGPT. It is still in its early stages, right now only supporting Etsy, and will soon rollout to Shopify. These platforms pay OpenAI for driving sales. 

CPC and CPM for Google ads are notoriously expensive, so if this goes well, expect more online retailers to implement deals with OpenAI, and cut Google ad spend as OpenAI drivers higher return on investment and such announcements boost share price. 

This is a much safer form of performance based advertising. Paying per click on Google ads is risky, because a click doesn't guarantee a sale. If OpenAI is charging a fee based on the final sale rather than per click, this makes marketing ROI much easier to predict.",262,1759176860.0,
1nvw7lt,How do you see the whole AI bubble playing out?,"OpenAI, Anthropic, etc. are entrenched in Google Cloud, AWS, Azure, Oracle, Dell, whatever. They are significantly driving up the cloud revenue of these companies, which in turn buy from Nvidia. Investors keep pouring billions into the AI companies, which keep engaging in price wars with each other and spend whatever little they have left on R&D and paying absurdly high salaries in the name of superintelligence.

When, not if,  this bubble bursts and investor funding dries up for the unprofitable companies, what the hell happens? Call me naive but I just don't see a world where chatgpt doesn't exist anymore or one where people use less AI in the future. Even though the LLM companies are not ideal investments, their products are ridiculously good and it is no secret that all the corporations in the world, say in 10 years, will have significantly higher automation than it does today.

My guess is that these big ones (example OpenAI) are almost too big to fail. If there are concerns about liquidity Sundar or Satya or Zuck would probably swoop in to strike a deal with them. Given this assessment and the idea that the world tomorrow would use more AI than it does today, probably a good idea to invest in something like Dell I think, which is currently at a P/OCF of 13 and pouring large amounts into making data centers. In the alternative that some of these big ones fail, I still think there would be someone else to fill the gap and data center companies would stay afloat.

Curious to hear your thoughts. Thanks!",222,1759386211.0,
1nk219b,GOOGL Good News continues,"18 Sep 2025: **China ends Google antitrust probe amid US trade talks**
https://www.reuters.com/sustainability/boards-policy-regulation/china-ends-google-antitrust-probe-amid-us-trade-talks-ft-reports-2025-09-18/

""China is ending an antitrust probe into Google, as trade talks between Beijing and Washington intensify over TikTok and Nvidia amid rising tensions between the two countries, the Financial Times reported on Thursday.""

17 Sep 2025: **YouTube, new leader of US media industry, bets on AI as key for creating content** https://www.reuters.com/business/media-telecom/youtube-new-leader-us-media-industry-bets-ai-key-creating-content-2025-09-17/

""Backed by Google's deep pockets and market-leading AI know-how, YouTube has stretched its lead over Disney, which dominated the market for most of 2024, according to Nielsen data. YouTube captured 13.4% of U.S. viewership in July, versus 9.4% for Disney.""

16 Sep 2025: **Gemini tops the App Store thanks to new AI image model, Nano Banana**
https://techcrunch.com/2025/09/16/gemini-tops-the-app-store-thanks-to-new-ai-image-model-nano-banana/

""Shortly after Nano Banana’s release, Gemini reached the No. 2 spot on the U.S. App Store on September 8. It then became the No. 1 app on September 12, where it has remained, after knocking OpenAI’s ChatGPT down to No. 2. No other dedicated AI apps are in the top 10 on the App Store at this time.""

10 Sep 2025: **Google Cloud anticipates at least $58 billion revenue boost over next two years**
https://www.reuters.com/business/google-cloud-anticipates-least-58-billion-revenue-boost-over-next-two-years-2025-09-09/

""Alphabet’s (GOOGL.O) Google Cloud revealed Tuesday it has lined up about $58 billion in new revenue over the next two years as it vies to become a more central component of the tech giant's future.About 55% of the $106 billion backlog should convert into revenue within two years, he said. This number accounts only for existing commitments, not new contracts or customers that it expects to land.""",209,1758181294.0,
1nlcirz,Reddit Reportedly In Talks With Google On Next AI Content Deal,"[https://finance.yahoo.com/m/383b2e91-48ee-382f-9f30-9e95ed8793a9/reddit-reportedly-in-talks.html](https://finance.yahoo.com/m/383b2e91-48ee-382f-9f30-9e95ed8793a9/reddit-reportedly-in-talks.html)

They made a deal in 2024, but they look to already be negotiating a new deal with Google and Microsoft. Do you think we see some of these AI hyper-scalers transition from spending money on hardware to LLMs/Data partnerships in the near future? I don't know how many GPUs they ultimately need, but I assume getting valuable human data is just as important.  
",146,1758308969.0,
1o3uusq,Google earnings,"Google is announcing their Q3 earnings on October 29.

Their revenue is expected to be between $94 billion and $100 billion, while EPS is expected between $2,30 and $2,32.

Their revenue grew 13% from Q2 2024 to Q2 2025 while EPS grew 22%.

They are the only MAG7 stock that is even close to being a value investment and most of this sub holds it, I own both shares and Jan 16 ‘26 205$ calls bought in July.

This is the first ER after antitrust decision which pushed the stock down for a while.

What are your thoughts?",128,1760187111.0,
1nnk82c,Why Japanese Real Estate Small Caps Might Be the Best Value in Global Markets Right Now,"The Japanese stock market has finally climbed back to the highs it set during one of the largest financial bubbles in history (the 1980s). After three decades of deflation, several big shifts have changed the investment landscape in Japan:
	•	Urban land prices have finally recovered and are now growing again.
	•	Inflation has returned (modest, but enough to change behavior).
	•	The weak yen continues to attract foreign investment into Japanese assets, particularly real estate.
	•	Japanese households still hold 50%+ of their wealth in cash. That made sense in a deflationary environment, but now both the government and sentiment are pushing toward investment. Even Google Trends shows a surge in interest.
	•	Valuations are absurdly low. PEG ratios under 0.6 across these names, vs. stretched valuations in the U.S.
	•	Two of these companies are doubling EPS YoY, yet trade at single-digit PEs.
	•	IBKR lets you buy Japanese small caps directly, with margin rates around 1% for JPY. That cheap financing can even be used to hedge yen risk.
	•	Diversification benefit: given high valuations and frothy sentiment in the U.S., Japan offers both value and growth. Over time, other big retail brokerages will almost certainly add more Japanese stocks as interest grows.

Most of these companies are microcaps (hundreds of millions USD market cap), with one at ~$1B. They’re growing earnings fast, still early in their runway, and could easily re-rate higher as they mature.

Here are four that stand out:

⸻

CREAL (2998.T)
	•	Real estate crowdfunding platform (residential + hotels) with plans to launch a security token exchange for real estate by 2026.
	•	Vertically integrated: sources properties, packages them into funds, distributes on its own platform, and even operates some.
	•	Metrics:
	•	100% annual net income growth
	•	54% gross profit CAGR
	•	GMV +93% YoY
	•	Net margins improving each year
	•	Growing hotel operations (targeting 20 hotels in 2 years, fully digital/automated).
	•	Backed by SBI Holdings (13% stake).
	•	A true “subscription/toll bridge” style business in the making.

⸻

Loadstar (3482.T)
	•	Buys offices and hotels, leases them, and runs OwnersBook, a crowdfunding loan platform.
	•	~50% revenue and net income growth, ROE >30%.
	•	2.78% dividend, PE ~6, PEG 0.17.
	•	Opportunistic: bought hotels during peak COVID distress.
	•	Focused on acquiring low-priced office assets, improving them, and raising rents.
	•	Ex-Goldman Sachs team, ~50% insider ownership.

⸻

Good Life (2970.T)
	•	Provides one-stop services for real estate investors: land purchase, planning, design, construction, brokerage, rental management, and sales.
	•	Doesn’t hold properties, so less balance sheet risk in downturns.
	•	Metrics:
	•	Net income up 48% YoY
	•	Revenue up 44% YoY
	•	ROE ~29%
	•	PE ~11
	•	Share buybacks in 2025
	•	Fast growth with improving margins, currently managing ~7,158 units.

⸻

Kasumigaseki Capital (3498.T)
	•	Runs apartment hotels, refrigerated warehouses, and hospices in Japan, expanding internationally into SE Asia and Dubai.
	•	Model: buys land, develops projects, sells to investors/funds, and keeps recurring asset management fees.
	•	Transitioning toward direct ownership for margin expansion.
	•	Forecasting 10x net income growth in 5 years.
	•	Revenue up 10x in the last 4 years.
	•	~$1B market cap, with 27% insider ownership and 30% institutional ownership.
	•	Exposure to high-tailwind sectors: automated warehouses, hospice care, clean energy, digital asset management (via STOs).

⸻

Bottom line:
Japanese real estate small caps are a rare mix of hyper-growth, low valuations, insider ownership, and secular tailwinds. With the U.S. looking stretched, diversifying into Japan here looks like a once-in-a-generation setup.",90,1758541538.0,
1ne09jg,"$BYRN DD: It's Mispriced, and I think it'll pop by October 8th. I'll prove it.","**TL;DR: I believe $BYRN will pop off on or before their earnings call on October 8th.** Shorts are trying to convince you that a company with 57% revenue growth and frankly explosive profits is a bad bet. They are wrong.


    Standard play: $BYRN shares currently $19-20;
    
    Budget play 1: 10/17 25c currently ~$0.65;
    
    Budget play 2: 12/19 30c currently ~$0.80. 


\---------------------------------------------------

In 2023, I started value investing again. Responsibly. Just a bit. And long story short, I found BYRN. I've been holding it since it was $4. After their 2025 first quarter earnings, they spiked to around $34, where I took profits. But then the stock sank. And sank some more. For no reason. So I bought back. And so should you.

Disclaimer: I couldn't post this in WSB because BYRN is at $475mm market cap and doesn't meet the $500mm minimum requirement. Hopefully tomorrow I can post there too.

---
- *Quick rundown of Byrna.  It's a nonlethal gun (""launcher"") company that gained attention after Google banned them from advertising on their platforms in 2023 for promoting violence. Ironic. Police departments worldwide are using it now, and the Streisand effect is gaining them more and more contracts. Their CMRO is genuinely goated, most recently securing a deal with Sportsman's Warehouse to have in-store Byrna demo rooms. It's been a massive success, as you'll see below. They have*  ***zero debt and positive income***.

---

Seriously though, there's like literally no reason it's being suppressed at $20. I have reason to believe there's some bullshittery happening here. Here I shall present to you my thesis on their October 8th earnings call. Fun fact, I typed this entire thing myself. No AI.

So you're doubtful? Nah bruh. LOOK at the

###Fundamentals:

**Tariff resistance stats:** 100% ammo production in the USA. 92% launcher production in the USA.

**Q1 2025 vs. Q1 2024**:

    Net Revenue: $26.2 million (57% increase from $16.7 million)
    Gross Profit: $15.9 million (61% of revenue)
    Net Income: $1.7 million (9900% increase from $17,000)

**Q2 2025 vs. Q2 2024**:

    Net Revenue: $28.5 million (41% increase from $20.3 million)
    Gross Profit: $17.6 million (62% of revenue)
    Net Income: $2.4 million (14% increase from $2.1 million)


**Q3 2025 vs. Q3 2024 (Preliminary)**:

    Net Revenue: $28.2 million (35% increase from $20.9 million)
     - Driven by a 147% increase in chain store and dealer channels (wtf)
    Web sales increased by 8%.
    International sales grew by 33%.

Like please. In one of the most turbulent economic chapters in US history, BYRN is STILL ramping its sales and margins. And yet, the stock is hovering around $20. My best guess is, your average retail investor isn't who is shorting it. It's someone else. Possibly a hedge fund, because 66% of BYRN is owned by institutional investors who don't give enough of a shit to short it.

I've been tracking this stock for 2 years now. People are catching on. Remember, these guys were trading at $4 in 2023. Every single one of their C level execs is amazing. Analyst price targets are between $35 and $46. The company is officially profitable, and income is consistently in the black. But the stock is marooned at $20. I couldn't make sense of it, because I don't like conspiracy theories. But it kept happening. For MONTHS.

###The Short ""Interest""

Yeah, we're a bit allergic to the term ""shorts"" these days. I get it. But... I have to call it out. Because as of August 15th, the short interest on BYRN was 4.08 million shares, or 23.1% of the total float. ***Nearly a quarter of the company’s publicly traded shares are being shorted.***

##***23.1% short interest on a profitable, zero debt company.*** WHAT.

> **They use AI in their marketing...**

- The target market for the AI ads are boomers who shop at Sportsman’s Warehouse. They can’t tell the difference between AI and a real video, and they don’t care. I literally sent my parents the video and asked them what was wrong with it. My mom said ""it was a wonderful ad, very clever"". Bullish.

> **The economy is uncertain...**

- BYRN is nearly immune to tariffs. See Tariff Resist Stats above. The fact that the stock moves on tariff news is honestly dumb as heck, but we live in the world of algos now. Bullish, but also I'm a bit pissed about this.

> **They're burning cash...**

- Yep. New product release (Byrna CL), they're burning cash to stockpile and advertise it. And they're still in the black. AND it’s working. Gotta spend money to make money. Bullish.


The preliminary earnings for Q3 are already out, and they are fantastic. The only thing left to be revealed in October is the EPS, and I’m betting 30k shares that it’s going to be another profitable quarter.

Why am I writing this all out? Because I want someone else other than me to be interested in this. BYRN is an obviously overlooked company. I rode the wave from $4 without saying a word and waiting for talking heads from Yahoo.com to spread the news. But lately I've been thinking, there's a big value play here, and it's happening because somebody with a lot of money somewhere made a mistake and needs time to unload. I'm expecting it to run up to somewhere from $35-$45. Am I crazy? Can someone stop me because I want to throw 100% of my portfolio into this baddie. I'm actually simping for this company so hard its crazy.

###Plays to take advantage of this (I did all 3):

1. 10/17 25c currently ~$0.60-$0.90

2. Buy the stock. Currently hovering between $19-$21

3. 12/19 30c currently ~$0.80 (less risky play)


Thank you regards for reading this far. The same fundamentals as any other slept-on stock applies to this one. Buy and hold, check the next interest report coming out on 09/15, etcetera. If any oldheads read this post, please fact check my ass. I'm trying to navigate this into as much profit as I can possibly take myself. Tendies... 🤤",86,1757567439.0,
1nnpcoc,Can Google Avoid a Breakup Twice?,"In a landmark decision this month, a federal judge spared Google from a breakup proposed by the government to rein in the company’s monopoly in search.

Now, the company wants a second win.

Starting on Monday, Judge Leonie M. Brinkema will hear arguments in the U.S. District Court for the Eastern District of Virginia on how to fix Google’s monopoly over some online advertising technology. The judge ruled this year that Google had broken the law to protect its dominance over the largely invisible system of technology that places ads on pages across the web. The hearing is expected to last for two to three weeks.

The Justice Department has said it wants Google to sell the technology it uses to connect buyers and sellers of ad space, among other potential remedies. Google has instead proposed measures including changing its ad auction bidding system in ways that would benefit publishers.

Judge Brinkema’s ultimate decision could disrupt the company’s $3.1 trillion business and help rewrite the playbook for tech dominance in the modern internet era.

https://www.nytimes.com/2025/09/22/technology/google-second-antitrust-trial.html",87,1758554339.0,
1nm567c,The Future of RDDT Stock,"Hi everyone, I wanted to open up some discussion on RDDT stock. I think a lot of people are investing for the wrong reasons, have it wrong, or are misguided about the company. I do have stock in RDDT so please take what I say with a grain of salt, but I will try to be fair. Also, I am not saying that I am all knowing. If anything, I hope for some good discussion and to be proven wrong.


1. Data Licensing

First of all, I believe the average retail investor is blowing out of proportion the impact of Data Licensing for RDDT. It obviously is good to have and is an investment positive in and of itself, but people overstate the revenue impact. In terms of last quarter, data licensing revenue was about 7% of overall revenue. This is obviously not an insignificant number, but the advertising revenue grew 81% YoY compared to data licensing’s 24% growth rate.

This means that data licensing is becoming an even smaller portion of revenue over time, even though it is increasing on a nominal basis. Another thing about data licensing revenue is that RDDT said they had already entered a lot of large value contracts, and that the following ones would be economically smaller but more numerous in terms of the amount of contracts. They have a contract renewal with GOOG which is obviously great, but it is unlikely going to be anything that dramatically moves the needle. A positive about Data Licensing though is that it is pretty much straight profitability. Also, even though it might not be too huge of a revenue impact, it shows that RDDT will be cemented in the future age of AI and LLMs since you need the authentic human interaction.


2. Advertising

This is where I am extremely bullish on RDDT. The unique user base, the highly relevant content and discussion, the targeted ads, the fact that RDDT users are more likely to go on this platform for product choices and purchase recommendations all contribute into what could be a booming advertising platform. There are a few caveats and things to consider, however. I want to start off with what could be a negative.

User growth is slowing. RDDT no longer has the new IPO hype wave and wave of news flowing around it, which could have caused a lot more user attention and growth. Daily Active Users in the US fell this past quarter and they have historically had an issue of converting passive logged-out users to active and intent logged-in users. This is something to watch out for. RDDT in the last earnings call Q&A stated that there were some hiccups with organic traffic from Google Search, and user growth increased by the end of the quarter, but still watch out.

This post is actually getting long as hell, so I don’t want to go on too much longer, but I’ll finish off with where I’m most excited. The opportunity to increase the average revenue per user is immense. New product and dynamic ads, optimizing ad inventory, new ad types, and more are coming. Look into ARPU measures and that’s what you can be excited about for RDDT. You don’t even need user growth for RDDT to be able to increase revenue by multiples (partially joking but it is crazy how much monetization potential there is.) Obviously they will never be Meta, but as the platform gains strength they have a lot to gain.

I am happy to include more based on everybody’s reception, but I hope these points can start off a discussion about the future of the stock.


",42,1758391632.0,
1nznuqv,What would you sell?,"Looking to sell stocks to finance my first house. I have decent positions in all these companies. Struggling to decide which to dump and which to keep. If it were your portfolio which would you keep and sell? Obviously it makes most sense to sell off tsla, but i still believe it has plenty of room to run so idk, i was considering selling some tsla and msft. Im struggling with the whole idea of it but i keep telling myself im just moving from one investment to another. What would you do? 


Meta (15%)
Msft (8%)
Tsla (41%)
Googl (8%)
Aapl (8%)
Amzn (7%)
Nvda (12%)
",34,1759768049.0,
1nq3oqn,Copper price spikes on Freeport’s Grasberg force majeure,"https://www.mining.com/copper-price-spikes-on-freeports-grasberg-force-majeure/#google_vignette

Copper prices jumped Wednesday after Freeport-McMoRan (NYSE: FCX) declared force majeure on contracted supplies from its Grasberg Block Cave mine in Indonesia.

Three-month futures traded above $10,496 per ton ($4.7710 per lb.) on the CME, up 2.74% for the day. In London, copper for delivery in three months rose as much as 2% to $10,172 a ton on the London Metal Exchange, the highest level in more than 15 months.

Freeport’s shares fell as much as 10.4% in New York, while rivals Glencore PLC (+3%), Teck Resources (+5%), and Antofagasta (+7.4%) climbed.

Analysts described it as a “negative near-term development that will likely put Freeport in the penalty box.” However, BMO also highlighted that 60% of Freeport’s copper production comes from North and South America, meaning the company still has strong regional output. At the same time, a potential increase in copper prices stemming from reduced supply could partly offset the impact.",36,1758798013.0,
1nwfzyy,"The Rise of Neoclouds: NBIS, CRWV, Nscale and Lambda (backed and powered by NVDA)","
2 Oct 2025: **Microsoft Bets $33 Billion on Neoclouds like Nebius to Ease AI Crunch**
https://www.bloomberg.com/news/articles/2025-10-02/microsoft-neocloud-deals-a-strategy-for-ai-supply-crunch

""Microsoft Corp.’s deal with neocloud company Nebius Group NV will provide computing power to internal teams creating large language models and a consumer AI assistant. The strategy is aimed at coping with a shortage of AI data center capacity and letting Microsoft free up its own server farms to provide lucrative AI services to customers. As part of the deal, Microsoft will get access to more than 100,000 of Nvidia Corp.’s latest GB300 chips.""

""Microsoft has inked more than $33 billion in commitments to such providers, including Nebius, CoreWeave Inc., Nscale and Lambda.""

30 Sep 2025: **CoreWeave signs $14 billion AI infrastructure deal with Meta** https://www.reuters.com/technology/coreweave-signs-14-billion-ai-deal-with-meta-bloomberg-news-reports-2025-09-30/

""CoreWeave (CRWV.O) said it has signed a $14 billion agreement with Meta (META.O) to supply computing power, the latest multi-billion dollar deal as businesses ramp up infrastructure to meet the demand for artificial intelligence applications. As a part of the agreement, CoreWeave will provide the Facebook-parent access to Nvidia's (NVDA.O) latest GB300 systems, according to a Bloomberg report.""

12 Jun 2025: **CoreWeave to offer compute capacity in Google's new cloud deal with OpenAI** https://www.reuters.com/business/coreweave-offer-compute-capacity-googles-new-cloud-deal-with-openai-sources-say-2025-06-11/

""The so-called neocloud company, which sells cloud computing services built on Nvidia's (NVDA.O) graphics processing units, is slated to provide computing capacity to Google's cloud unit, and Alphabet's (GOOGL.O) Google will then sell that computing capacity to OpenAI to meet the growing demand for services like ChatGPT, the sources said.""


",36,1759439025.0,
1ne4a4w,"r/Stocks Daily Discussion & Options Trading Thursday - Sep 11, 2025","This is the daily discussion, so anything stocks related is fine, but the theme for today is on stock options, but if options aren't your thing then just ignore the theme.

Some helpful day to day links, including news:

* [Finviz](https://finviz.com/quote.ashx?t=spy) for charts, fundamentals, and aggregated news on individual stocks
* [Bloomberg market news](https://www.bloomberg.com/markets)
* StreetInsider news:
  * [Market Check](https://www.streetinsider.com/Market+Check) - Possibly why the market is doing what it's doing including sudden spikes/dips
  * [Reuters aggregated](https://www.streetinsider.com/Reuters) - Global news

-----

Required info to start understanding options:

* [Call option Investopedia video](https://www.investopedia.com/terms/c/calloption.asp) basically a call option allows you to buy 100 shares of a stock at a certain price (strike price), but without the obligation to buy
* [Put option Investopedia video](https://www.investopedia.com/terms/p/putoption.asp) a put option allows you to sell 100 shares of a stock at a certain price (strike price), but without the obligation to sell
* Writing options switches the obligation to you and you'll be forced to buy someone else's shares (writing puts) or sell your shares (writing calls)

See the following word cloud and click through for the wiki:

[Call option - Put option - Exercising an option - Strike price - ITM - OTM - ATM - Long options - Short options - Combo - Debit - Credit or Premium - Covered call - Naked - Debit call spread - Credit call spread - Strangle - Iron condor - Vertical debit spreads - Iron Fly](https://www.reddit.com/r/stocks/wiki/options-themed-post)

If you have a basic question, for example ""what is delta,"" then google ""investopedia delta"" and click the investopedia article on it; do this for everything until you have a more in depth question or just want to share what you learned.

See our past [daily discussions here.](https://www.reddit.com/r/stocks/search?q=author%3Aautomoderator+%22r%2Fstocks+daily+discussion%22&restrict_sr=on&sort=new&t=all)  Also links for:  [Technicals](https://www.reddit.com/r/stocks/search?q=author%3Aautomoderator+title%3Atechnicals&restrict_sr=on&include_over_18=on&sort=new&t=all) Tuesday, [Options Trading](https://www.reddit.com/r/stocks/search?q=author%3Aautomoderator+title%3Aoptions&restrict_sr=on&include_over_18=on&sort=new&t=all) Thursday, and [Fundamentals](https://www.reddit.com/r/stocks/search?q=author%3Aautomoderator+title%3Afundamentals&restrict_sr=on&include_over_18=on&sort=new&t=all) Friday.",26,1757583039.0,
1nrrpqf,Where do I find the constituents of S&P500 and Nasdaq100 dating back 5-10 years or even more?,"Basically I'm asking for the list of stocks that were in these indices during the month year let's say march of 2020 or 2010. For some reason I'm not finding it just searching on Google. I needed it for research. I know there's the wikipedia option but that's too tiresome and will still have errors. If you guys know any alternatives, then please do help..",26,1758968462.0,
1njedvl,GOOGL vs GOOG: how many outstanding shares,Is there any way to determine the number of outstanding shares for Google but broken down between the number of class A (GOOGL) vs. class C (GOOG) shares? All the financial sites I see show the combined figure (\~12B) for both tickers.,25,1758118629.0,
1o21eww,"r/Stocks Daily Discussion & Options Trading Thursday - Oct 09, 2025","This is the daily discussion, so anything stocks related is fine, but the theme for today is on stock options, but if options aren't your thing then just ignore the theme.

Some helpful day to day links, including news:

* [Finviz](https://finviz.com/quote.ashx?t=spy) for charts, fundamentals, and aggregated news on individual stocks
* [Bloomberg market news](https://www.bloomberg.com/markets)
* StreetInsider news:
  * [Market Check](https://www.streetinsider.com/Market+Check) - Possibly why the market is doing what it's doing including sudden spikes/dips
  * [Reuters aggregated](https://www.streetinsider.com/Reuters) - Global news

-----

Required info to start understanding options:

* [Call option Investopedia video](https://www.investopedia.com/terms/c/calloption.asp) basically a call option allows you to buy 100 shares of a stock at a certain price (strike price), but without the obligation to buy
* [Put option Investopedia video](https://www.investopedia.com/terms/p/putoption.asp) a put option allows you to sell 100 shares of a stock at a certain price (strike price), but without the obligation to sell
* Writing options switches the obligation to you and you'll be forced to buy someone else's shares (writing puts) or sell your shares (writing calls)

See the following word cloud and click through for the wiki:

[Call option - Put option - Exercising an option - Strike price - ITM - OTM - ATM - Long options - Short options - Combo - Debit - Credit or Premium - Covered call - Naked - Debit call spread - Credit call spread - Strangle - Iron condor - Vertical debit spreads - Iron Fly](https://www.reddit.com/r/stocks/wiki/options-themed-post)

If you have a basic question, for example ""what is delta,"" then google ""investopedia delta"" and click the investopedia article on it; do this for everything until you have a more in depth question or just want to share what you learned.

See our past [daily discussions here.](https://www.reddit.com/r/stocks/search?q=author%3Aautomoderator+%22r%2Fstocks+daily+discussion%22&restrict_sr=on&sort=new&t=all)  Also links for:  [Technicals](https://www.reddit.com/r/stocks/search?q=author%3Aautomoderator+title%3Atechnicals&restrict_sr=on&include_over_18=on&sort=new&t=all) Tuesday, [Options Trading](https://www.reddit.com/r/stocks/search?q=author%3Aautomoderator+title%3Aoptions&restrict_sr=on&include_over_18=on&sort=new&t=all) Thursday, and [Fundamentals](https://www.reddit.com/r/stocks/search?q=author%3Aautomoderator+title%3Afundamentals&restrict_sr=on&include_over_18=on&sort=new&t=all) Friday.",19,1760002210.0,
1nwug1x,"r/Stocks Daily Discussion & Fundamentals Friday Oct 03, 2025","This is the daily discussion, so anything stocks related is fine, but the theme for today is on fundamentals, but if fundamentals aren't your thing then just ignore the theme.

Some helpful day to day links, including news:

* [Finviz](https://finviz.com/quote.ashx?t=spy) for charts, fundamentals, and aggregated news on individual stocks
* [Bloomberg market news](https://www.bloomberg.com/markets)
* StreetInsider news:
  * [Market Check](https://www.streetinsider.com/Market+Check) - Possibly why the market is doing what it's doing including sudden spikes/dips
  * [Reuters aggregated](https://www.streetinsider.com/Reuters) - Global news

-----

Most fundamentals are updated every 3 months due to the fact that corporations release earnings reports every quarter, so traders are always speculating at what those earnings will say, and investors may change the size of their holdings based on those reports.

Expect a lot of volatility around earnings, but it usually doesn't matter if you're holding long term, but keep in mind the importance of earnings reports because a trend of declining earnings or a decline in some other fundamental will drive the stock down over the long term as well.

But growth stocks don't rely so much on EPS or revenue as long as they beat some other metric like subscriber count:  Going from 1 million to 10 million subscribers means more revenue in the future.

Value stocks do rely on earnings reports, investors look for wall street expectations to be beaten on both EPS & revenue.  You'll also find value stocks pay dividends, but never invest in a company solely for its dividend.


See the following word cloud and click through for the wiki:

[Market Cap - Shares Outstanding - Volume - Dividend - EPS - P/E Ratio - EPS Q/Q - PEG - Sales Q/Q - Return on Assets (ROA) - Return on Equity (ROE) - BETA - SMA - quarterly earnings](https://www.reddit.com/r/stocks/wiki/fundamentals-themed-post)

If you have a basic question, for example ""what is EBITDA,"" then google ""investopedia EBITDA"" and click the Investopedia article on it; do this for everything until you have a more in depth question or just want to share what you learned.

Useful links:

* [Investopedia page](https://www.investopedia.com/fundamental-analysis-4689757/) on fundamental analysis including [Discounted Cash Flow](https://www.investopedia.com/university/dcf/) analysis; see [definition here](https://www.investopedia.com/terms/d/dcf.asp) and read [their PDF on the topic.](http://i.investopedia.com/inv/pdf/tutorials/fundamentalanalysis_intro.pdf)
* [FINVIZ](https://finviz.com/quote.ashx?t=aapl) for fundamental data, charts, and aggregated news
* [Earnings Whisper](https://www.earningswhispers.com/stocks/aapl) for earnings details

See our past [daily discussions here.](https://www.reddit.com/r/stocks/search?q=author%3Aautomoderator+%22r%2Fstocks+daily+discussion%22&restrict_sr=on&sort=new&t=all)  Also links for:  [Technicals](https://www.reddit.com/r/stocks/search?q=author%3Aautomoderator+title%3Atechnicals&restrict_sr=on&include_over_18=on&sort=new&t=all) Tuesday, [Options Trading](https://www.reddit.com/r/stocks/search?q=author%3Aautomoderator+title%3Aoptions&restrict_sr=on&include_over_18=on&sort=new&t=all) Thursday, and [Fundamentals](https://www.reddit.com/r/stocks/search?q=author%3Aautomoderator+title%3Afundamentals&restrict_sr=on&include_over_18=on&sort=new&t=all) Friday.",19,1759483831.0,
1neymv0,"r/Stocks Daily Discussion & Fundamentals Friday Sep 12, 2025","This is the daily discussion, so anything stocks related is fine, but the theme for today is on fundamentals, but if fundamentals aren't your thing then just ignore the theme.

Some helpful day to day links, including news:

* [Finviz](https://finviz.com/quote.ashx?t=spy) for charts, fundamentals, and aggregated news on individual stocks
* [Bloomberg market news](https://www.bloomberg.com/markets)
* StreetInsider news:
  * [Market Check](https://www.streetinsider.com/Market+Check) - Possibly why the market is doing what it's doing including sudden spikes/dips
  * [Reuters aggregated](https://www.streetinsider.com/Reuters) - Global news

-----

Most fundamentals are updated every 3 months due to the fact that corporations release earnings reports every quarter, so traders are always speculating at what those earnings will say, and investors may change the size of their holdings based on those reports.

Expect a lot of volatility around earnings, but it usually doesn't matter if you're holding long term, but keep in mind the importance of earnings reports because a trend of declining earnings or a decline in some other fundamental will drive the stock down over the long term as well.

But growth stocks don't rely so much on EPS or revenue as long as they beat some other metric like subscriber count:  Going from 1 million to 10 million subscribers means more revenue in the future.

Value stocks do rely on earnings reports, investors look for wall street expectations to be beaten on both EPS & revenue.  You'll also find value stocks pay dividends, but never invest in a company solely for its dividend.


See the following word cloud and click through for the wiki:

[Market Cap - Shares Outstanding - Volume - Dividend - EPS - P/E Ratio - EPS Q/Q - PEG - Sales Q/Q - Return on Assets (ROA) - Return on Equity (ROE) - BETA - SMA - quarterly earnings](https://www.reddit.com/r/stocks/wiki/fundamentals-themed-post)

If you have a basic question, for example ""what is EBITDA,"" then google ""investopedia EBITDA"" and click the Investopedia article on it; do this for everything until you have a more in depth question or just want to share what you learned.

Useful links:

* [Investopedia page](https://www.investopedia.com/fundamental-analysis-4689757/) on fundamental analysis including [Discounted Cash Flow](https://www.investopedia.com/university/dcf/) analysis; see [definition here](https://www.investopedia.com/terms/d/dcf.asp) and read [their PDF on the topic.](http://i.investopedia.com/inv/pdf/tutorials/fundamentalanalysis_intro.pdf)
* [FINVIZ](https://finviz.com/quote.ashx?t=aapl) for fundamental data, charts, and aggregated news
* [Earnings Whisper](https://www.earningswhispers.com/stocks/aapl) for earnings details

See our past [daily discussions here.](https://www.reddit.com/r/stocks/search?q=author%3Aautomoderator+%22r%2Fstocks+daily+discussion%22&restrict_sr=on&sort=new&t=all)  Also links for:  [Technicals](https://www.reddit.com/r/stocks/search?q=author%3Aautomoderator+title%3Atechnicals&restrict_sr=on&include_over_18=on&sort=new&t=all) Tuesday, [Options Trading](https://www.reddit.com/r/stocks/search?q=author%3Aautomoderator+title%3Aoptions&restrict_sr=on&include_over_18=on&sort=new&t=all) Thursday, and [Fundamentals](https://www.reddit.com/r/stocks/search?q=author%3Aautomoderator+title%3Afundamentals&restrict_sr=on&include_over_18=on&sort=new&t=all) Friday.",15,1757669432.0,
1o2w9m1,"r/Stocks Daily Discussion & Fundamentals Friday Oct 10, 2025","This is the daily discussion, so anything stocks related is fine, but the theme for today is on fundamentals, but if fundamentals aren't your thing then just ignore the theme.

Some helpful day to day links, including news:

* [Finviz](https://finviz.com/quote.ashx?t=spy) for charts, fundamentals, and aggregated news on individual stocks
* [Bloomberg market news](https://www.bloomberg.com/markets)
* StreetInsider news:
  * [Market Check](https://www.streetinsider.com/Market+Check) - Possibly why the market is doing what it's doing including sudden spikes/dips
  * [Reuters aggregated](https://www.streetinsider.com/Reuters) - Global news

-----

Most fundamentals are updated every 3 months due to the fact that corporations release earnings reports every quarter, so traders are always speculating at what those earnings will say, and investors may change the size of their holdings based on those reports.

Expect a lot of volatility around earnings, but it usually doesn't matter if you're holding long term, but keep in mind the importance of earnings reports because a trend of declining earnings or a decline in some other fundamental will drive the stock down over the long term as well.

But growth stocks don't rely so much on EPS or revenue as long as they beat some other metric like subscriber count:  Going from 1 million to 10 million subscribers means more revenue in the future.

Value stocks do rely on earnings reports, investors look for wall street expectations to be beaten on both EPS & revenue.  You'll also find value stocks pay dividends, but never invest in a company solely for its dividend.


See the following word cloud and click through for the wiki:

[Market Cap - Shares Outstanding - Volume - Dividend - EPS - P/E Ratio - EPS Q/Q - PEG - Sales Q/Q - Return on Assets (ROA) - Return on Equity (ROE) - BETA - SMA - quarterly earnings](https://www.reddit.com/r/stocks/wiki/fundamentals-themed-post)

If you have a basic question, for example ""what is EBITDA,"" then google ""investopedia EBITDA"" and click the Investopedia article on it; do this for everything until you have a more in depth question or just want to share what you learned.

Useful links:

* [Investopedia page](https://www.investopedia.com/fundamental-analysis-4689757/) on fundamental analysis including [Discounted Cash Flow](https://www.investopedia.com/university/dcf/) analysis; see [definition here](https://www.investopedia.com/terms/d/dcf.asp) and read [their PDF on the topic.](http://i.investopedia.com/inv/pdf/tutorials/fundamentalanalysis_intro.pdf)
* [FINVIZ](https://finviz.com/quote.ashx?t=aapl) for fundamental data, charts, and aggregated news
* [Earnings Whisper](https://www.earningswhispers.com/stocks/aapl) for earnings details

See our past [daily discussions here.](https://www.reddit.com/r/stocks/search?q=author%3Aautomoderator+%22r%2Fstocks+daily+discussion%22&restrict_sr=on&sort=new&t=all)  Also links for:  [Technicals](https://www.reddit.com/r/stocks/search?q=author%3Aautomoderator+title%3Atechnicals&restrict_sr=on&include_over_18=on&sort=new&t=all) Tuesday, [Options Trading](https://www.reddit.com/r/stocks/search?q=author%3Aautomoderator+title%3Aoptions&restrict_sr=on&include_over_18=on&sort=new&t=all) Thursday, and [Fundamentals](https://www.reddit.com/r/stocks/search?q=author%3Aautomoderator+title%3Afundamentals&restrict_sr=on&include_over_18=on&sort=new&t=all) Friday.",16,1760088636.0,
1nvz5ak,"r/Stocks Daily Discussion & Options Trading Thursday - Oct 02, 2025","This is the daily discussion, so anything stocks related is fine, but the theme for today is on stock options, but if options aren't your thing then just ignore the theme.

Some helpful day to day links, including news:

* [Finviz](https://finviz.com/quote.ashx?t=spy) for charts, fundamentals, and aggregated news on individual stocks
* [Bloomberg market news](https://www.bloomberg.com/markets)
* StreetInsider news:
  * [Market Check](https://www.streetinsider.com/Market+Check) - Possibly why the market is doing what it's doing including sudden spikes/dips
  * [Reuters aggregated](https://www.streetinsider.com/Reuters) - Global news

-----

Required info to start understanding options:

* [Call option Investopedia video](https://www.investopedia.com/terms/c/calloption.asp) basically a call option allows you to buy 100 shares of a stock at a certain price (strike price), but without the obligation to buy
* [Put option Investopedia video](https://www.investopedia.com/terms/p/putoption.asp) a put option allows you to sell 100 shares of a stock at a certain price (strike price), but without the obligation to sell
* Writing options switches the obligation to you and you'll be forced to buy someone else's shares (writing puts) or sell your shares (writing calls)

See the following word cloud and click through for the wiki:

[Call option - Put option - Exercising an option - Strike price - ITM - OTM - ATM - Long options - Short options - Combo - Debit - Credit or Premium - Covered call - Naked - Debit call spread - Credit call spread - Strangle - Iron condor - Vertical debit spreads - Iron Fly](https://www.reddit.com/r/stocks/wiki/options-themed-post)

If you have a basic question, for example ""what is delta,"" then google ""investopedia delta"" and click the investopedia article on it; do this for everything until you have a more in depth question or just want to share what you learned.

See our past [daily discussions here.](https://www.reddit.com/r/stocks/search?q=author%3Aautomoderator+%22r%2Fstocks+daily+discussion%22&restrict_sr=on&sort=new&t=all)  Also links for:  [Technicals](https://www.reddit.com/r/stocks/search?q=author%3Aautomoderator+title%3Atechnicals&restrict_sr=on&include_over_18=on&sort=new&t=all) Tuesday, [Options Trading](https://www.reddit.com/r/stocks/search?q=author%3Aautomoderator+title%3Aoptions&restrict_sr=on&include_over_18=on&sort=new&t=all) Thursday, and [Fundamentals](https://www.reddit.com/r/stocks/search?q=author%3Aautomoderator+title%3Afundamentals&restrict_sr=on&include_over_18=on&sort=new&t=all) Friday.",13,1759397445.0,
1nq27rc,"r/Stocks Daily Discussion & Options Trading Thursday - Sep 25, 2025","This is the daily discussion, so anything stocks related is fine, but the theme for today is on stock options, but if options aren't your thing then just ignore the theme.

Some helpful day to day links, including news:

* [Finviz](https://finviz.com/quote.ashx?t=spy) for charts, fundamentals, and aggregated news on individual stocks
* [Bloomberg market news](https://www.bloomberg.com/markets)
* StreetInsider news:
  * [Market Check](https://www.streetinsider.com/Market+Check) - Possibly why the market is doing what it's doing including sudden spikes/dips
  * [Reuters aggregated](https://www.streetinsider.com/Reuters) - Global news

-----

Required info to start understanding options:

* [Call option Investopedia video](https://www.investopedia.com/terms/c/calloption.asp) basically a call option allows you to buy 100 shares of a stock at a certain price (strike price), but without the obligation to buy
* [Put option Investopedia video](https://www.investopedia.com/terms/p/putoption.asp) a put option allows you to sell 100 shares of a stock at a certain price (strike price), but without the obligation to sell
* Writing options switches the obligation to you and you'll be forced to buy someone else's shares (writing puts) or sell your shares (writing calls)

See the following word cloud and click through for the wiki:

[Call option - Put option - Exercising an option - Strike price - ITM - OTM - ATM - Long options - Short options - Combo - Debit - Credit or Premium - Covered call - Naked - Debit call spread - Credit call spread - Strangle - Iron condor - Vertical debit spreads - Iron Fly](https://www.reddit.com/r/stocks/wiki/options-themed-post)

If you have a basic question, for example ""what is delta,"" then google ""investopedia delta"" and click the investopedia article on it; do this for everything until you have a more in depth question or just want to share what you learned.

See our past [daily discussions here.](https://www.reddit.com/r/stocks/search?q=author%3Aautomoderator+%22r%2Fstocks+daily+discussion%22&restrict_sr=on&sort=new&t=all)  Also links for:  [Technicals](https://www.reddit.com/r/stocks/search?q=author%3Aautomoderator+title%3Atechnicals&restrict_sr=on&include_over_18=on&sort=new&t=all) Tuesday, [Options Trading](https://www.reddit.com/r/stocks/search?q=author%3Aautomoderator+title%3Aoptions&restrict_sr=on&include_over_18=on&sort=new&t=all) Thursday, and [Fundamentals](https://www.reddit.com/r/stocks/search?q=author%3Aautomoderator+title%3Afundamentals&restrict_sr=on&include_over_18=on&sort=new&t=all) Friday.",14,1758792626.0,
1nqwu3l,"r/Stocks Daily Discussion & Fundamentals Friday Sep 26, 2025","This is the daily discussion, so anything stocks related is fine, but the theme for today is on fundamentals, but if fundamentals aren't your thing then just ignore the theme.

Some helpful day to day links, including news:

* [Finviz](https://finviz.com/quote.ashx?t=spy) for charts, fundamentals, and aggregated news on individual stocks
* [Bloomberg market news](https://www.bloomberg.com/markets)
* StreetInsider news:
  * [Market Check](https://www.streetinsider.com/Market+Check) - Possibly why the market is doing what it's doing including sudden spikes/dips
  * [Reuters aggregated](https://www.streetinsider.com/Reuters) - Global news

-----

Most fundamentals are updated every 3 months due to the fact that corporations release earnings reports every quarter, so traders are always speculating at what those earnings will say, and investors may change the size of their holdings based on those reports.

Expect a lot of volatility around earnings, but it usually doesn't matter if you're holding long term, but keep in mind the importance of earnings reports because a trend of declining earnings or a decline in some other fundamental will drive the stock down over the long term as well.

But growth stocks don't rely so much on EPS or revenue as long as they beat some other metric like subscriber count:  Going from 1 million to 10 million subscribers means more revenue in the future.

Value stocks do rely on earnings reports, investors look for wall street expectations to be beaten on both EPS & revenue.  You'll also find value stocks pay dividends, but never invest in a company solely for its dividend.


See the following word cloud and click through for the wiki:

[Market Cap - Shares Outstanding - Volume - Dividend - EPS - P/E Ratio - EPS Q/Q - PEG - Sales Q/Q - Return on Assets (ROA) - Return on Equity (ROE) - BETA - SMA - quarterly earnings](https://www.reddit.com/r/stocks/wiki/fundamentals-themed-post)

If you have a basic question, for example ""what is EBITDA,"" then google ""investopedia EBITDA"" and click the Investopedia article on it; do this for everything until you have a more in depth question or just want to share what you learned.

Useful links:

* [Investopedia page](https://www.investopedia.com/fundamental-analysis-4689757/) on fundamental analysis including [Discounted Cash Flow](https://www.investopedia.com/university/dcf/) analysis; see [definition here](https://www.investopedia.com/terms/d/dcf.asp) and read [their PDF on the topic.](http://i.investopedia.com/inv/pdf/tutorials/fundamentalanalysis_intro.pdf)
* [FINVIZ](https://finviz.com/quote.ashx?t=aapl) for fundamental data, charts, and aggregated news
* [Earnings Whisper](https://www.earningswhispers.com/stocks/aapl) for earnings details

See our past [daily discussions here.](https://www.reddit.com/r/stocks/search?q=author%3Aautomoderator+%22r%2Fstocks+daily+discussion%22&restrict_sr=on&sort=new&t=all)  Also links for:  [Technicals](https://www.reddit.com/r/stocks/search?q=author%3Aautomoderator+title%3Atechnicals&restrict_sr=on&include_over_18=on&sort=new&t=all) Tuesday, [Options Trading](https://www.reddit.com/r/stocks/search?q=author%3Aautomoderator+title%3Aoptions&restrict_sr=on&include_over_18=on&sort=new&t=all) Thursday, and [Fundamentals](https://www.reddit.com/r/stocks/search?q=author%3Aautomoderator+title%3Afundamentals&restrict_sr=on&include_over_18=on&sort=new&t=all) Friday.",11,1758879031.0,
1nrqx5g,"/r/Stocks Weekend Discussion Saturday - Sep 27, 2025","This is the weekend edition of our stickied discussion thread.  Discuss your trades / moves from last week and what you're planning on doing for the week ahead.

Some helpful links:

* [Finviz](https://finviz.com/quote.ashx?t=spy) for charts, fundamentals, and aggregated news on individual stocks
* [Bloomberg market news](https://www.bloomberg.com/markets)
* StreetInsider news:
  * [Market Check](https://www.streetinsider.com/Market+Check) - Possibly why the market is doing what it's doing including sudden spikes/dips
  * [Reuters aggregated](https://www.streetinsider.com/Reuters) - Global news

If you have a basic question, for example ""what is EPS,"" then google ""investopedia EPS"" and click the investopedia article on it; do this for everything until you have a more in depth question or just want to share what you learned.

Please discuss your portfolios in the [Rate My Portfolio sticky.](https://www.reddit.com/r/stocks/search?q=author%3Aautomoderator+title%3A%22Rate+My+Portfolio%22&restrict_sr=on&sort=new&t=all).

See our past [daily discussions here.](https://www.reddit.com/r/stocks/search?q=author%3Aautomoderator+%22r%2Fstocks+daily+discussion%22&restrict_sr=on&sort=new&t=all)  Also links for:  [Technicals](https://www.reddit.com/r/stocks/search?q=author%3Aautomoderator+title%3Atechnicals&restrict_sr=on&include_over_18=on&sort=new&t=all) Tuesday, [Options Trading](https://www.reddit.com/r/stocks/search?q=author%3Aautomoderator+title%3Aoptions&restrict_sr=on&include_over_18=on&sort=new&t=all) Thursday, and [Fundamentals](https://www.reddit.com/r/stocks/search?q=author%3Aautomoderator+title%3Afundamentals&restrict_sr=on&include_over_18=on&sort=new&t=all) Friday.",11,1758965433.0,
1nk3o51,"r/Stocks Daily Discussion & Options Trading Thursday - Sep 18, 2025","This is the daily discussion, so anything stocks related is fine, but the theme for today is on stock options, but if options aren't your thing then just ignore the theme.

Some helpful day to day links, including news:

* [Finviz](https://finviz.com/quote.ashx?t=spy) for charts, fundamentals, and aggregated news on individual stocks
* [Bloomberg market news](https://www.bloomberg.com/markets)
* StreetInsider news:
  * [Market Check](https://www.streetinsider.com/Market+Check) - Possibly why the market is doing what it's doing including sudden spikes/dips
  * [Reuters aggregated](https://www.streetinsider.com/Reuters) - Global news

-----

Required info to start understanding options:

* [Call option Investopedia video](https://www.investopedia.com/terms/c/calloption.asp) basically a call option allows you to buy 100 shares of a stock at a certain price (strike price), but without the obligation to buy
* [Put option Investopedia video](https://www.investopedia.com/terms/p/putoption.asp) a put option allows you to sell 100 shares of a stock at a certain price (strike price), but without the obligation to sell
* Writing options switches the obligation to you and you'll be forced to buy someone else's shares (writing puts) or sell your shares (writing calls)

See the following word cloud and click through for the wiki:

[Call option - Put option - Exercising an option - Strike price - ITM - OTM - ATM - Long options - Short options - Combo - Debit - Credit or Premium - Covered call - Naked - Debit call spread - Credit call spread - Strangle - Iron condor - Vertical debit spreads - Iron Fly](https://www.reddit.com/r/stocks/wiki/options-themed-post)

If you have a basic question, for example ""what is delta,"" then google ""investopedia delta"" and click the investopedia article on it; do this for everything until you have a more in depth question or just want to share what you learned.

See our past [daily discussions here.](https://www.reddit.com/r/stocks/search?q=author%3Aautomoderator+%22r%2Fstocks+daily+discussion%22&restrict_sr=on&sort=new&t=all)  Also links for:  [Technicals](https://www.reddit.com/r/stocks/search?q=author%3Aautomoderator+title%3Atechnicals&restrict_sr=on&include_over_18=on&sort=new&t=all) Tuesday, [Options Trading](https://www.reddit.com/r/stocks/search?q=author%3Aautomoderator+title%3Aoptions&restrict_sr=on&include_over_18=on&sort=new&t=all) Thursday, and [Fundamentals](https://www.reddit.com/r/stocks/search?q=author%3Aautomoderator+title%3Afundamentals&restrict_sr=on&include_over_18=on&sort=new&t=all) Friday.",13,1758187835.0,
1nodlp3,How to manage my Ørsted holdings,"I have a small holding in the Danish energy engineering company Ørsted A/S (ORSTED:CPH). Recently, Interactive Brokers notified me of the subscription rights offering, and I chose a number of share rights that I'd like to participate.

What I thought would happen next, is that I'd need to have cash in the account on the upcoming date September 29th in order to get the new ""ORSTED T"" shares. But instead, the shares have already appeared in my account since a day or two ago, with a cost shown as 0 DKK and they are already trading (i.e. they went up with 40% unrealised gain, and I sold a small number of them already).

But outside of Interactive Brokers, I cannot get the market price or information on these ORSTED-T units, for example Google Finance or Financial Times market data. This is problematic for me since I manage all my holdings in a Google Sheet.

Additionally, the IBKR message has popped up a second time about a voluntary CA Election. It says that of my remaining ORSTED-T holdings, I can further subscribe them to another election.

I am beginning to feel like I do not know what I am doing with this. Can someone explain what is going on with this new ORSTED-T holding?",11,1758622832.0,
1nd7bc6,"r/Stocks Daily Discussion Wednesday - Sep 10, 2025","These daily discussions run from Monday to Friday including during our themed posts.



Some helpful links:



\* \[Finviz\](https://finviz.com/quote.ashx?t=spy) for charts, fundamentals, and aggregated news on individual stocks

\* \[Bloomberg market news\](https://www.bloomberg.com/markets)

\* StreetInsider news:

  \* \[Market Check\](https://www.streetinsider.com/Market+Check) - Possibly why the market is doing what it's doing including sudden spikes/dips

  \* \[Reuters aggregated\](https://www.streetinsider.com/Reuters) - Global news



If you have a basic question, for example ""what is EPS,"" then google ""investopedia EPS"" and click the investopedia article on it; do this for everything until you have a more in depth question or just want to share what you learned.



Please discuss your portfolios in the \[Rate My Portfolio sticky.\](https://www.reddit.com/r/stocks/search?q=author%3Aautomoderator+title%3A%22Rate+My+Portfolio%22&restrict\_sr=on&sort=new&t=all).



See our past \[daily discussions here.\](https://www.reddit.com/r/stocks/search?q=author%3Aautomoderator+%22r%2Fstocks+daily+discussion%22&restrict\_sr=on&sort=new&t=all)  Also links for:  \[Technicals\](https://www.reddit.com/r/stocks/search?q=author%3Aautomoderator+title%3Atechnicals&restrict\_sr=on&include\_over\_18=on&sort=new&t=all) Tuesday, \[Options Trading\](https://www.reddit.com/r/stocks/search?q=author%3Aautomoderator+title%3Aoptions&restrict\_sr=on&include\_over\_18=on&sort=new&t=all) Thursday, and \[Fundamentals\](https://www.reddit.com/r/stocks/search?q=author%3Aautomoderator+title%3Afundamentals&restrict\_sr=on&include\_over\_18=on&sort=new&t=all) Friday.",11,1757487696.0,
1o13kf5,"r/Stocks Daily Discussion Wednesday - Oct 08, 2025","These daily discussions run from Monday to Friday including during our themed posts.



Some helpful links:



\* \[Finviz\](https://finviz.com/quote.ashx?t=spy) for charts, fundamentals, and aggregated news on individual stocks

\* \[Bloomberg market news\](https://www.bloomberg.com/markets)

\* StreetInsider news:

  \* \[Market Check\](https://www.streetinsider.com/Market+Check) - Possibly why the market is doing what it's doing including sudden spikes/dips

  \* \[Reuters aggregated\](https://www.streetinsider.com/Reuters) - Global news



If you have a basic question, for example ""what is EPS,"" then google ""investopedia EPS"" and click the investopedia article on it; do this for everything until you have a more in depth question or just want to share what you learned.



Please discuss your portfolios in the \[Rate My Portfolio sticky.\](https://www.reddit.com/r/stocks/search?q=author%3Aautomoderator+title%3A%22Rate+My+Portfolio%22&restrict\_sr=on&sort=new&t=all).



See our past \[daily discussions here.\](https://www.reddit.com/r/stocks/search?q=author%3Aautomoderator+%22r%2Fstocks+daily+discussion%22&restrict\_sr=on&sort=new&t=all)  Also links for:  \[Technicals\](https://www.reddit.com/r/stocks/search?q=author%3Aautomoderator+title%3Atechnicals&restrict\_sr=on&include\_over\_18=on&sort=new&t=all) Tuesday, \[Options Trading\](https://www.reddit.com/r/stocks/search?q=author%3Aautomoderator+title%3Aoptions&restrict\_sr=on&include\_over\_18=on&sort=new&t=all) Thursday, and \[Fundamentals\](https://www.reddit.com/r/stocks/search?q=author%3Aautomoderator+title%3Afundamentals&restrict\_sr=on&include\_over\_18=on&sort=new&t=all) Friday.",10,1759906894.0,
1nzjls0,"r/Stocks Daily Discussion Monday - Oct 06, 2025","These daily discussions run from Monday to Friday including during our themed posts.



Some helpful links:



\* \[Finviz\](https://finviz.com/quote.ashx?t=spy) for charts, fundamentals, and aggregated news on individual stocks

\* \[Bloomberg market news\](https://www.bloomberg.com/markets)

\* StreetInsider news:

  \* \[Market Check\](https://www.streetinsider.com/Market+Check) - Possibly why the market is doing what it's doing including sudden spikes/dips

  \* \[Reuters aggregated\](https://www.streetinsider.com/Reuters) - Global news



If you have a basic question, for example ""what is EPS,"" then google ""investopedia EPS"" and click the investopedia article on it; do this for everything until you have a more in depth question or just want to share what you learned.



Please discuss your portfolios in the \[Rate My Portfolio sticky.\](https://www.reddit.com/r/stocks/search?q=author%3Aautomoderator+title%3A%22Rate+My+Portfolio%22&restrict\_sr=on&sort=new&t=all).



See our past \[daily discussions here.\](https://www.reddit.com/r/stocks/search?q=author%3Aautomoderator+%22r%2Fstocks+daily+discussion%22&restrict\_sr=on&sort=new&t=all)  Also links for:  \[Technicals\](https://www.reddit.com/r/stocks/search?q=author%3Aautomoderator+title%3Atechnicals&restrict\_sr=on&include\_over\_18=on&sort=new&t=all) Tuesday, \[Options Trading\](https://www.reddit.com/r/stocks/search?q=author%3Aautomoderator+title%3Aoptions&restrict\_sr=on&include\_over\_18=on&sort=new&t=all) Thursday, and \[Fundamentals\](https://www.reddit.com/r/stocks/search?q=author%3Aautomoderator+title%3Afundamentals&restrict\_sr=on&include\_over\_18=on&sort=new&t=all) Friday.",11,1759758611.0,
1nv1e8w,"r/Stocks Daily Discussion Wednesday - Oct 01, 2025","These daily discussions run from Monday to Friday including during our themed posts.



Some helpful links:



\* \[Finviz\](https://finviz.com/quote.ashx?t=spy) for charts, fundamentals, and aggregated news on individual stocks

\* \[Bloomberg market news\](https://www.bloomberg.com/markets)

\* StreetInsider news:

  \* \[Market Check\](https://www.streetinsider.com/Market+Check) - Possibly why the market is doing what it's doing including sudden spikes/dips

  \* \[Reuters aggregated\](https://www.streetinsider.com/Reuters) - Global news



If you have a basic question, for example ""what is EPS,"" then google ""investopedia EPS"" and click the investopedia article on it; do this for everything until you have a more in depth question or just want to share what you learned.



Please discuss your portfolios in the \[Rate My Portfolio sticky.\](https://www.reddit.com/r/stocks/search?q=author%3Aautomoderator+title%3A%22Rate+My+Portfolio%22&restrict\_sr=on&sort=new&t=all).



See our past \[daily discussions here.\](https://www.reddit.com/r/stocks/search?q=author%3Aautomoderator+%22r%2Fstocks+daily+discussion%22&restrict\_sr=on&sort=new&t=all)  Also links for:  \[Technicals\](https://www.reddit.com/r/stocks/search?q=author%3Aautomoderator+title%3Atechnicals&restrict\_sr=on&include\_over\_18=on&sort=new&t=all) Tuesday, \[Options Trading\](https://www.reddit.com/r/stocks/search?q=author%3Aautomoderator+title%3Aoptions&restrict\_sr=on&include\_over\_18=on&sort=new&t=all) Thursday, and \[Fundamentals\](https://www.reddit.com/r/stocks/search?q=author%3Aautomoderator+title%3Afundamentals&restrict\_sr=on&include\_over\_18=on&sort=new&t=all) Friday.",9,1759302107.0,
1nnn12m,"r/Stocks Daily Discussion Monday - Sep 22, 2025","These daily discussions run from Monday to Friday including during our themed posts.



Some helpful links:



\* \[Finviz\](https://finviz.com/quote.ashx?t=spy) for charts, fundamentals, and aggregated news on individual stocks

\* \[Bloomberg market news\](https://www.bloomberg.com/markets)

\* StreetInsider news:

  \* \[Market Check\](https://www.streetinsider.com/Market+Check) - Possibly why the market is doing what it's doing including sudden spikes/dips

  \* \[Reuters aggregated\](https://www.streetinsider.com/Reuters) - Global news



If you have a basic question, for example ""what is EPS,"" then google ""investopedia EPS"" and click the investopedia article on it; do this for everything until you have a more in depth question or just want to share what you learned.



Please discuss your portfolios in the \[Rate My Portfolio sticky.\](https://www.reddit.com/r/stocks/search?q=author%3Aautomoderator+title%3A%22Rate+My+Portfolio%22&restrict\_sr=on&sort=new&t=all).



See our past \[daily discussions here.\](https://www.reddit.com/r/stocks/search?q=author%3Aautomoderator+%22r%2Fstocks+daily+discussion%22&restrict\_sr=on&sort=new&t=all)  Also links for:  \[Technicals\](https://www.reddit.com/r/stocks/search?q=author%3Aautomoderator+title%3Atechnicals&restrict\_sr=on&include\_over\_18=on&sort=new&t=all) Tuesday, \[Options Trading\](https://www.reddit.com/r/stocks/search?q=author%3Aautomoderator+title%3Aoptions&restrict\_sr=on&include\_over\_18=on&sort=new&t=all) Thursday, and \[Fundamentals\](https://www.reddit.com/r/stocks/search?q=author%3Aautomoderator+title%3Afundamentals&restrict\_sr=on&include\_over\_18=on&sort=new&t=all) Friday.",10,1758549033.0,
1nhmej1,"r/Stocks Daily Discussion Monday - Sep 15, 2025","These daily discussions run from Monday to Friday including during our themed posts.



Some helpful links:



\* \[Finviz\](https://finviz.com/quote.ashx?t=spy) for charts, fundamentals, and aggregated news on individual stocks

\* \[Bloomberg market news\](https://www.bloomberg.com/markets)

\* StreetInsider news:

  \* \[Market Check\](https://www.streetinsider.com/Market+Check) - Possibly why the market is doing what it's doing including sudden spikes/dips

  \* \[Reuters aggregated\](https://www.streetinsider.com/Reuters) - Global news



If you have a basic question, for example ""what is EPS,"" then google ""investopedia EPS"" and click the investopedia article on it; do this for everything until you have a more in depth question or just want to share what you learned.



Please discuss your portfolios in the \[Rate My Portfolio sticky.\](https://www.reddit.com/r/stocks/search?q=author%3Aautomoderator+title%3A%22Rate+My+Portfolio%22&restrict\_sr=on&sort=new&t=all).



See our past \[daily discussions here.\](https://www.reddit.com/r/stocks/search?q=author%3Aautomoderator+%22r%2Fstocks+daily+discussion%22&restrict\_sr=on&sort=new&t=all)  Also links for:  \[Technicals\](https://www.reddit.com/r/stocks/search?q=author%3Aautomoderator+title%3Atechnicals&restrict\_sr=on&include\_over\_18=on&sort=new&t=all) Tuesday, \[Options Trading\](https://www.reddit.com/r/stocks/search?q=author%3Aautomoderator+title%3Aoptions&restrict\_sr=on&include\_over\_18=on&sort=new&t=all) Thursday, and \[Fundamentals\](https://www.reddit.com/r/stocks/search?q=author%3Aautomoderator+title%3Afundamentals&restrict\_sr=on&include\_over\_18=on&sort=new&t=all) Friday.",10,1757944239.0,
1nltq8o,"/r/Stocks Weekend Discussion Saturday - Sep 20, 2025","This is the weekend edition of our stickied discussion thread.  Discuss your trades / moves from last week and what you're planning on doing for the week ahead.

Some helpful links:

* [Finviz](https://finviz.com/quote.ashx?t=spy) for charts, fundamentals, and aggregated news on individual stocks
* [Bloomberg market news](https://www.bloomberg.com/markets)
* StreetInsider news:
  * [Market Check](https://www.streetinsider.com/Market+Check) - Possibly why the market is doing what it's doing including sudden spikes/dips
  * [Reuters aggregated](https://www.streetinsider.com/Reuters) - Global news

If you have a basic question, for example ""what is EPS,"" then google ""investopedia EPS"" and click the investopedia article on it; do this for everything until you have a more in depth question or just want to share what you learned.

Please discuss your portfolios in the [Rate My Portfolio sticky.](https://www.reddit.com/r/stocks/search?q=author%3Aautomoderator+title%3A%22Rate+My+Portfolio%22&restrict_sr=on&sort=new&t=all).

See our past [daily discussions here.](https://www.reddit.com/r/stocks/search?q=author%3Aautomoderator+%22r%2Fstocks+daily+discussion%22&restrict_sr=on&sort=new&t=all)  Also links for:  [Technicals](https://www.reddit.com/r/stocks/search?q=author%3Aautomoderator+title%3Atechnicals&restrict_sr=on&include_over_18=on&sort=new&t=all) Tuesday, [Options Trading](https://www.reddit.com/r/stocks/search?q=author%3Aautomoderator+title%3Aoptions&restrict_sr=on&include_over_18=on&sort=new&t=all) Thursday, and [Fundamentals](https://www.reddit.com/r/stocks/search?q=author%3Aautomoderator+title%3Afundamentals&restrict_sr=on&include_over_18=on&sort=new&t=all) Friday.",10,1758360632.0,
1nkyy6t,"r/Stocks Daily Discussion & Fundamentals Friday Sep 19, 2025","This is the daily discussion, so anything stocks related is fine, but the theme for today is on fundamentals, but if fundamentals aren't your thing then just ignore the theme.

Some helpful day to day links, including news:

* [Finviz](https://finviz.com/quote.ashx?t=spy) for charts, fundamentals, and aggregated news on individual stocks
* [Bloomberg market news](https://www.bloomberg.com/markets)
* StreetInsider news:
  * [Market Check](https://www.streetinsider.com/Market+Check) - Possibly why the market is doing what it's doing including sudden spikes/dips
  * [Reuters aggregated](https://www.streetinsider.com/Reuters) - Global news

-----

Most fundamentals are updated every 3 months due to the fact that corporations release earnings reports every quarter, so traders are always speculating at what those earnings will say, and investors may change the size of their holdings based on those reports.

Expect a lot of volatility around earnings, but it usually doesn't matter if you're holding long term, but keep in mind the importance of earnings reports because a trend of declining earnings or a decline in some other fundamental will drive the stock down over the long term as well.

But growth stocks don't rely so much on EPS or revenue as long as they beat some other metric like subscriber count:  Going from 1 million to 10 million subscribers means more revenue in the future.

Value stocks do rely on earnings reports, investors look for wall street expectations to be beaten on both EPS & revenue.  You'll also find value stocks pay dividends, but never invest in a company solely for its dividend.


See the following word cloud and click through for the wiki:

[Market Cap - Shares Outstanding - Volume - Dividend - EPS - P/E Ratio - EPS Q/Q - PEG - Sales Q/Q - Return on Assets (ROA) - Return on Equity (ROE) - BETA - SMA - quarterly earnings](https://www.reddit.com/r/stocks/wiki/fundamentals-themed-post)

If you have a basic question, for example ""what is EBITDA,"" then google ""investopedia EBITDA"" and click the Investopedia article on it; do this for everything until you have a more in depth question or just want to share what you learned.

Useful links:

* [Investopedia page](https://www.investopedia.com/fundamental-analysis-4689757/) on fundamental analysis including [Discounted Cash Flow](https://www.investopedia.com/university/dcf/) analysis; see [definition here](https://www.investopedia.com/terms/d/dcf.asp) and read [their PDF on the topic.](http://i.investopedia.com/inv/pdf/tutorials/fundamentalanalysis_intro.pdf)
* [FINVIZ](https://finviz.com/quote.ashx?t=aapl) for fundamental data, charts, and aggregated news
* [Earnings Whisper](https://www.earningswhispers.com/stocks/aapl) for earnings details

See our past [daily discussions here.](https://www.reddit.com/r/stocks/search?q=author%3Aautomoderator+%22r%2Fstocks+daily+discussion%22&restrict_sr=on&sort=new&t=all)  Also links for:  [Technicals](https://www.reddit.com/r/stocks/search?q=author%3Aautomoderator+title%3Atechnicals&restrict_sr=on&include_over_18=on&sort=new&t=all) Tuesday, [Options Trading](https://www.reddit.com/r/stocks/search?q=author%3Aautomoderator+title%3Aoptions&restrict_sr=on&include_over_18=on&sort=new&t=all) Thursday, and [Fundamentals](https://www.reddit.com/r/stocks/search?q=author%3Aautomoderator+title%3Afundamentals&restrict_sr=on&include_over_18=on&sort=new&t=all) Friday.",9,1758274242.0,
1ntik1g,"r/Stocks Daily Discussion Monday - Sep 29, 2025","These daily discussions run from Monday to Friday including during our themed posts.



Some helpful links:



\* \[Finviz\](https://finviz.com/quote.ashx?t=spy) for charts, fundamentals, and aggregated news on individual stocks

\* \[Bloomberg market news\](https://www.bloomberg.com/markets)

\* StreetInsider news:

  \* \[Market Check\](https://www.streetinsider.com/Market+Check) - Possibly why the market is doing what it's doing including sudden spikes/dips

  \* \[Reuters aggregated\](https://www.streetinsider.com/Reuters) - Global news



If you have a basic question, for example ""what is EPS,"" then google ""investopedia EPS"" and click the investopedia article on it; do this for everything until you have a more in depth question or just want to share what you learned.



Please discuss your portfolios in the \[Rate My Portfolio sticky.\](https://www.reddit.com/r/stocks/search?q=author%3Aautomoderator+title%3A%22Rate+My+Portfolio%22&restrict\_sr=on&sort=new&t=all).



See our past \[daily discussions here.\](https://www.reddit.com/r/stocks/search?q=author%3Aautomoderator+%22r%2Fstocks+daily+discussion%22&restrict\_sr=on&sort=new&t=all)  Also links for:  \[Technicals\](https://www.reddit.com/r/stocks/search?q=author%3Aautomoderator+title%3Atechnicals&restrict\_sr=on&include\_over\_18=on&sort=new&t=all) Tuesday, \[Options Trading\](https://www.reddit.com/r/stocks/search?q=author%3Aautomoderator+title%3Aoptions&restrict\_sr=on&include\_over\_18=on&sort=new&t=all) Thursday, and \[Fundamentals\](https://www.reddit.com/r/stocks/search?q=author%3Aautomoderator+title%3Afundamentals&restrict\_sr=on&include\_over\_18=on&sort=new&t=all) Friday.",9,1759153830.0,
1nhfooz,Why do I never see discussion of certificates,"The broker I use does not have puts nor calls, but it has bull and bear certificates. I tried to google it but with no result. Is this only available in where I come from (Sweden)? These certificates are simple, a derivative of a stock that you buy with a leverage of 1-20X. Why not buy these instead of puts and calls (if they exist)
",6,1757922509.0,
1nvm4u3,Does anyone else struggle to know if news about their holdings actually matters?,"I own NVDA for the AI story, but when it drops 3% on gaming revenue miss, I spend way too much time trying to figure out if that actually matters for why I bought it.

Same with every holding - news breaks, stock moves, and I'm googling around trying to understand if this changes my thesis or if it's just noise.

Current financial news reports everything with the same urgency. But gaming news shouldn't matter if you bought NVDA for AI dominance, right?

How do you all handle this? Do you just ignore most news? Have a system? Pay for research? I feel like I'm either overthinking everything or missing important shifts.",8,1759356504.0,
1nw0ufb,ATOS • Europe’s Waking Giant - What’s your thoughts?,"The French state-backed company with 80,000 employees yet less than €1B Market Cap. After the last few years of spiralling, ATOS has resurfaced since their restructuring process was completed along with their reverse stock split. Despite negative cash flow and a significant debt, their latest Q2 2025 results proved impressive with 90% of their debt reduced and cash flow improved. Their book:bill ratio is also much better than before. All signs point to a full recovery if they stay on track.

The low volume shows that it is not very well known right now for investment purposes. You can’t find people talking about ATOS on any social media. You search the news on Google and there’s, what, 1 article per week? The market cap used to be ~€11B. Sure, the company has sold some assets and scaled down in some areas, but they are expanding in others, and the industry they are in is becoming more and more prominent. The ceiling may be unprecedented.",9,1759403451.0,
1nqo0c8,Good or Bad?,"Any suggestions or advices would be appreciated 

I am 40 years old. This is my current portfolio. I have roughy 93k in the portfolio. 

I contribute 1k a month. 

ETFs: SPMO (20k), VGT (20k), NLR (10k)

stocks: Google (10k), Nvidia (10k), Broadcom (10k), CoreWeave (10k), Rigetti (3k)

What do you guys think? Can I get to 1.5 million by 60? 

",8,1758848599.0,
1nxpidi,"/r/Stocks Weekend Discussion Saturday - Oct 04, 2025","This is the weekend edition of our stickied discussion thread.  Discuss your trades / moves from last week and what you're planning on doing for the week ahead.

Some helpful links:

* [Finviz](https://finviz.com/quote.ashx?t=spy) for charts, fundamentals, and aggregated news on individual stocks
* [Bloomberg market news](https://www.bloomberg.com/markets)
* StreetInsider news:
  * [Market Check](https://www.streetinsider.com/Market+Check) - Possibly why the market is doing what it's doing including sudden spikes/dips
  * [Reuters aggregated](https://www.streetinsider.com/Reuters) - Global news

If you have a basic question, for example ""what is EPS,"" then google ""investopedia EPS"" and click the investopedia article on it; do this for everything until you have a more in depth question or just want to share what you learned.

Please discuss your portfolios in the [Rate My Portfolio sticky.](https://www.reddit.com/r/stocks/search?q=author%3Aautomoderator+title%3A%22Rate+My+Portfolio%22&restrict_sr=on&sort=new&t=all).

See our past [daily discussions here.](https://www.reddit.com/r/stocks/search?q=author%3Aautomoderator+%22r%2Fstocks+daily+discussion%22&restrict_sr=on&sort=new&t=all)  Also links for:  [Technicals](https://www.reddit.com/r/stocks/search?q=author%3Aautomoderator+title%3Atechnicals&restrict_sr=on&include_over_18=on&sort=new&t=all) Tuesday, [Options Trading](https://www.reddit.com/r/stocks/search?q=author%3Aautomoderator+title%3Aoptions&restrict_sr=on&include_over_18=on&sort=new&t=all) Thursday, and [Fundamentals](https://www.reddit.com/r/stocks/search?q=author%3Aautomoderator+title%3Afundamentals&restrict_sr=on&include_over_18=on&sort=new&t=all) Friday.",7,1759570240.0,
1np5h33,"r/Stocks Daily Discussion Wednesday - Sep 24, 2025","These daily discussions run from Monday to Friday including during our themed posts.



Some helpful links:



\* \[Finviz\](https://finviz.com/quote.ashx?t=spy) for charts, fundamentals, and aggregated news on individual stocks

\* \[Bloomberg market news\](https://www.bloomberg.com/markets)

\* StreetInsider news:

  \* \[Market Check\](https://www.streetinsider.com/Market+Check) - Possibly why the market is doing what it's doing including sudden spikes/dips

  \* \[Reuters aggregated\](https://www.streetinsider.com/Reuters) - Global news



If you have a basic question, for example ""what is EPS,"" then google ""investopedia EPS"" and click the investopedia article on it; do this for everything until you have a more in depth question or just want to share what you learned.



Please discuss your portfolios in the \[Rate My Portfolio sticky.\](https://www.reddit.com/r/stocks/search?q=author%3Aautomoderator+title%3A%22Rate+My+Portfolio%22&restrict\_sr=on&sort=new&t=all).



See our past \[daily discussions here.\](https://www.reddit.com/r/stocks/search?q=author%3Aautomoderator+%22r%2Fstocks+daily+discussion%22&restrict\_sr=on&sort=new&t=all)  Also links for:  \[Technicals\](https://www.reddit.com/r/stocks/search?q=author%3Aautomoderator+title%3Atechnicals&restrict\_sr=on&include\_over\_18=on&sort=new&t=all) Tuesday, \[Options Trading\](https://www.reddit.com/r/stocks/search?q=author%3Aautomoderator+title%3Aoptions&restrict\_sr=on&include\_over\_18=on&sort=new&t=all) Thursday, and \[Fundamentals\](https://www.reddit.com/r/stocks/search?q=author%3Aautomoderator+title%3Afundamentals&restrict\_sr=on&include\_over\_18=on&sort=new&t=all) Friday.",7,1758697304.0,
1nj66ev,"r/Stocks Daily Discussion Wednesday - Sep 17, 2025","These daily discussions run from Monday to Friday including during our themed posts.



Some helpful links:



\* \[Finviz\](https://finviz.com/quote.ashx?t=spy) for charts, fundamentals, and aggregated news on individual stocks

\* \[Bloomberg market news\](https://www.bloomberg.com/markets)

\* StreetInsider news:

  \* \[Market Check\](https://www.streetinsider.com/Market+Check) - Possibly why the market is doing what it's doing including sudden spikes/dips

  \* \[Reuters aggregated\](https://www.streetinsider.com/Reuters) - Global news



If you have a basic question, for example ""what is EPS,"" then google ""investopedia EPS"" and click the investopedia article on it; do this for everything until you have a more in depth question or just want to share what you learned.



Please discuss your portfolios in the \[Rate My Portfolio sticky.\](https://www.reddit.com/r/stocks/search?q=author%3Aautomoderator+title%3A%22Rate+My+Portfolio%22&restrict\_sr=on&sort=new&t=all).



See our past \[daily discussions here.\](https://www.reddit.com/r/stocks/search?q=author%3Aautomoderator+%22r%2Fstocks+daily+discussion%22&restrict\_sr=on&sort=new&t=all)  Also links for:  \[Technicals\](https://www.reddit.com/r/stocks/search?q=author%3Aautomoderator+title%3Atechnicals&restrict\_sr=on&include\_over\_18=on&sort=new&t=all) Tuesday, \[Options Trading\](https://www.reddit.com/r/stocks/search?q=author%3Aautomoderator+title%3Aoptions&restrict\_sr=on&include\_over\_18=on&sort=new&t=all) Thursday, and \[Fundamentals\](https://www.reddit.com/r/stocks/search?q=author%3Aautomoderator+title%3Afundamentals&restrict\_sr=on&include\_over\_18=on&sort=new&t=all) Friday.",7,1758092487.0,
1o3r9eh,"/r/Stocks Weekend Discussion Saturday - Oct 11, 2025","This is the weekend edition of our stickied discussion thread.  Discuss your trades / moves from last week and what you're planning on doing for the week ahead.

Some helpful links:

* [Finviz](https://finviz.com/quote.ashx?t=spy) for charts, fundamentals, and aggregated news on individual stocks
* [Bloomberg market news](https://www.bloomberg.com/markets)
* StreetInsider news:
  * [Market Check](https://www.streetinsider.com/Market+Check) - Possibly why the market is doing what it's doing including sudden spikes/dips
  * [Reuters aggregated](https://www.streetinsider.com/Reuters) - Global news

If you have a basic question, for example ""what is EPS,"" then google ""investopedia EPS"" and click the investopedia article on it; do this for everything until you have a more in depth question or just want to share what you learned.

Please discuss your portfolios in the [Rate My Portfolio sticky.](https://www.reddit.com/r/stocks/search?q=author%3Aautomoderator+title%3A%22Rate+My+Portfolio%22&restrict_sr=on&sort=new&t=all).

See our past [daily discussions here.](https://www.reddit.com/r/stocks/search?q=author%3Aautomoderator+%22r%2Fstocks+daily+discussion%22&restrict_sr=on&sort=new&t=all)  Also links for:  [Technicals](https://www.reddit.com/r/stocks/search?q=author%3Aautomoderator+title%3Atechnicals&restrict_sr=on&include_over_18=on&sort=new&t=all) Tuesday, [Options Trading](https://www.reddit.com/r/stocks/search?q=author%3Aautomoderator+title%3Aoptions&restrict_sr=on&include_over_18=on&sort=new&t=all) Thursday, and [Fundamentals](https://www.reddit.com/r/stocks/search?q=author%3Aautomoderator+title%3Afundamentals&restrict_sr=on&include_over_18=on&sort=new&t=all) Friday.",5,1760175031.0,
1nft6u9,"/r/Stocks Weekend Discussion Saturday - Sep 13, 2025","This is the weekend edition of our stickied discussion thread.  Discuss your trades / moves from last week and what you're planning on doing for the week ahead.

Some helpful links:

* [Finviz](https://finviz.com/quote.ashx?t=spy) for charts, fundamentals, and aggregated news on individual stocks
* [Bloomberg market news](https://www.bloomberg.com/markets)
* StreetInsider news:
  * [Market Check](https://www.streetinsider.com/Market+Check) - Possibly why the market is doing what it's doing including sudden spikes/dips
  * [Reuters aggregated](https://www.streetinsider.com/Reuters) - Global news

If you have a basic question, for example ""what is EPS,"" then google ""investopedia EPS"" and click the investopedia article on it; do this for everything until you have a more in depth question or just want to share what you learned.

Please discuss your portfolios in the [Rate My Portfolio sticky.](https://www.reddit.com/r/stocks/search?q=author%3Aautomoderator+title%3A%22Rate+My+Portfolio%22&restrict_sr=on&sort=new&t=all).

See our past [daily discussions here.](https://www.reddit.com/r/stocks/search?q=author%3Aautomoderator+%22r%2Fstocks+daily+discussion%22&restrict_sr=on&sort=new&t=all)  Also links for:  [Technicals](https://www.reddit.com/r/stocks/search?q=author%3Aautomoderator+title%3Atechnicals&restrict_sr=on&include_over_18=on&sort=new&t=all) Tuesday, [Options Trading](https://www.reddit.com/r/stocks/search?q=author%3Aautomoderator+title%3Aoptions&restrict_sr=on&include_over_18=on&sort=new&t=all) Thursday, and [Fundamentals](https://www.reddit.com/r/stocks/search?q=author%3Aautomoderator+title%3Afundamentals&restrict_sr=on&include_over_18=on&sort=new&t=all) Friday.",5,1757755834.0,
1nw4sst,Which defense ETF should I keep? I'd appreciate any insight,"Hi all, I hold a somewhat diverse portfolio (NVDA, GOOGL, VUSA, BORR, MNST, BRK, NVO, PEP, RKLB, €PAH3, €SPYI, IDVY and a few more) but somehow I ended up owning too many defense stocks and they seem a bit redundant so I am thinking to cut down.

This is where I stand now. Should I just take the biggest wins and keep the rest? That seems easy, but not smart. Smart seems to be to keep the one with the most potential but I have a hard time deciding which one that would be. I am somewhat of a beginner. My current standing:

* **€EUDF** Wisdomtree Europe Defence in 29% increase overall \[57% of my defense related portfolio\]
* **€DFEN** VanEck Defense in 33% increase overall \[25% of deff\]
* **€DFND** iShares Global Aerospace & Defence in 25% increase overall \[18% of deff\]

  
Could you please advise me which one(s) to cut? Thank you!",2,1759414079.0,
1nuzqe0,PATH to Orchestration,"This morning, ahead of their Fusion conference in Las Vegas, UiPath released some massive press releases. The common theme across all of them - UiPath is partnering with the biggest tech companies to ensure that UiPath's workflow orchestration system, called Maestro, is at the top of its game and able to connect with the best agents and data tools.

They announced partnerships with Snowflake so that Snowflake's Cortex AI agent can integrate into Maestro. This is crucial as many of UiPath's customers have their data stored in Snowflake and will be leveraging their agents for data insights. They also announced huge partnerships with Google Gemini, OpenAI, and NVIDIA. I encourage you to read the press releases for yourself. 

Why is this so important? UiPath is not trying to create every AI agent from scratch - instead, they are building the platform that orchestrates all of the agents and robots at the top...like a Maestro does with a full string orchestra. This will allow UiPath to stay extremely nimble and allow their customers to have access to the best agents in the world - some of which will be built by other companies (CortexAI, NVIDIA) and others that will be in-house (UiPath's PeakAI).

I'm not suprised by these announcements - in my prior post with some detailed DD on PATH, I mentioned that they were already partnered with LangChain and Microsoft Copilot to break down any concerns of developing walled gardens. It's still early days in UiPath's second act; however, the path there is clear. If you are a believer that corporations will be building agentic automation into their workforce at scale, then you are bullish PATH. The company is carving out its spot as the agnostic platform (a.k.a. the Switzerland of automation) that will span across their customers' entire enterprises.",3,1759295938.0,
1nqi5hg,Excel sheet to mock portfolio???,"I have a Google/Excel sheet that has ticker symbols and an allocation percentage for each ticker (e.g. AAPL -- 2.5%) that adds up to 100%.

I want to port this over to a program that will change it into a mock portfolio for me. 

Please note that this necessitates simulating fractional share purchases, which I have not been able to find an app that does this, paper-wise, yet.

Any suggestions?",1,1758833186.0,
1np4t1k,Insider trading,"I have a rather interesting question about insider trading. Let's say you love lab testing food at the grocery store for microbes/ contaminants in your own home lab for fun. You dont even work as a scientist for your career, let's say you are a healthcare worker on a hospital. If you detect let's say a very nasty strain of E. Coli on some salad. Nothing in the news has been said about this. Is it illegal for me to short the company's stock before the company/ FDA/ media has announced  a recall? Google's AI said this could be MNPI.


TLDR, is it insider trading for somebody that has nothing to do with a certain company as a consumer testing their products as a hobby and shorting the companies products that would flag a recall before the news has said it.",1,1758694753.0,
1nzwf6n,One Stock You Can’t Wait to Short.,"This company is overvalued,overpriced,overrated and fundamentally dumb 

I always hear the same argument for extremely overpriced values “it’s the future returns” but weirdly and stupidly never asked themselves how stable is a 600PE ratio? What headwinds will come Palatirs way and what risks and catalysts am I looking for before I short Palantir 

1. Less enthusiasm. The proposition of a stock price is that someone will spend more money to buy the same company simply put. 
Palantir momentum is topping from google searches to investment funds 

2. 600PE ratio no matter how good is stupidity incarnation

3. The forward PE arguements that go out the window on the following developments.

A. Bad financial report
B. Fraud or accounting errors 
C. Political party shifting favors. Democrats may not like Palantir and not reward who they see loyal to their political party.
D. A correction/crash will destabilize a stock built on a house a cards
E. AI shortcoming or failures as seen recently 
F. Alex Carp(founder)is an Israeli Jew who regularly has donated to Israel and is supplying Israel with intelligence and ability to kill/hunt many including kids with drones. Regardless of politics many may see Palantir as a warmongering machine rather than a helpful AI tool.

Lastly the companies future in monitoring your online content (which can definitely become a thing) may hurt the companies already declining ethical reputation.

At the end of the day we’re in an ai bubble. Palantir is at the forefront of it. 
I can’t wait for the day this stock gets the correction it deserves and it’s closer than what many people are expecting. 

What stock are you waiting for Short and why?

",0,1759787012.0,
1nqpt1g,"Market is priced ""to perfection"" per many investors","Better to sell now and pay the 20% cap gains tax than wait for it all to tank back to normal PE of 15?  We are in uncharted territory anyway what with authoritarianism, tariffs, dwindling labor market, lower growth than prior year, and inflation ticking up.  Thoughts?  For context I own $1.4M in ETFs + Broadcom and some BDCs with $134K in unrealized gains.  I'm retired and pull out about $5K a month for living expenses and have only about 6 months of it in cash.  Maybe sell enough for 3 years?  Although the upcoming / currently unfolding climate disasters/crisis will get worse and severely limit GDP growth worldwide and also impair housing values, as houses become uninsurable.  Maybe sell half of it so I have more than enough in cash and the remainder can withstand a 25% decline (or more) as the world economy starts to sputter and fold.  Anyone else tracking the macroeconomics?  Anyone else read ""Megathreats?"" [https://www.google.com/search?q=megathreats&rlz=1C1CHBF\_enUS1000US1000&oq=megathreats&gs\_lcrp=EgZjaHJvbWUqCggAEAAY4wIYgAQyCggAEAAY4wIYgAQyBwgBEC4YgAQyBwgCEAAYgAQyBwgDEAAYgAQyBwgEEAAYgAQyBggFEAAYHjIGCAYQABgeMgYIBxAAGB4yBggIEAAYHjIGCAkQABge0gEIMjQ5N2owajeoAgCwAgA&sourceid=chrome&ie=UTF-8](https://www.google.com/search?q=megathreats&rlz=1C1CHBF_enUS1000US1000&oq=megathreats&gs_lcrp=EgZjaHJvbWUqCggAEAAY4wIYgAQyCggAEAAY4wIYgAQyBwgBEC4YgAQyBwgCEAAYgAQyBwgDEAAYgAQyBwgEEAAYgAQyBggFEAAYHjIGCAYQABgeMgYIBxAAGB4yBggIEAAYHjIGCAkQABge0gEIMjQ5N2owajeoAgCwAgA&sourceid=chrome&ie=UTF-8)

Also you should read the Financial Times articles about how FOMO is really driving the market.  It's completely oversold and I'm going to sell half my portolio here in a bit.  From what I'm reading in your comments most of you seem to be suffering from FOMO and think things will continue in the future as they have in the past.  I'm not that confident.  But will move 1/3 - 1/2 my money overseas.",0,1758853875.0,
1ntpskp,"Why is this stock greyed out in google, and show 0.00% change today","Can someone help me understand this: I looked up a stock, hm.b. In google, the price chart shows up in a grey color. And the 1D change shows 0.00%. what does it mean? It is an european stock. Aslo their corresponding ADR, hnnmy, shows 0.00% change too. It usually shows a positive or negative change.

Can someone please explain to me? Thank you for reading. 

Not sure if I need to make this post longer, so that the bot will not reject it due to low effort. Thanks.",0,1759170289.0,
1nhnz3j,How Much Growth is Too Much?,"I'm invested mostly in tech stocks like Google, Nvidia and AMD, but also some banks. As of the last year I've been seeing an average rate of growth of 2.6%. That seems pretty unsustainable. Historically, my portfolio was only doing an average of 1.4% over 9 years. 

Is this a warning sign of a big correction?",0,1757947876.0,
1nuop9u,Nvidia Stock Manipulation,"
Edit: if you ever wanted to know when to buy a stock or sell, just look to see if the comments are greedy or fearful.
Sentiment changes fast from my post not too long ago where I was also mocked for saying 230 in an AI bubble is unrealistic 

Recently I made a bold post,I claimed Nvidia would hit 230 by year end….

It’s possible but after today I’m disgusted by the price manipulation.

112,000,000 combined volume before a random thrust up? 

112,000,000/171,000,000 came from two huge bursts of volume. 

This changed my outlook and perception on Nvidia to the downside. If the company is mismanaging and manipulating the stock price to this degree I can’t say I want any part of this.

I looked into the so deal… OpenAI only generates 12B in revenue yet received 100billion? This just seems insane considering OpenAI burned 8billion this year and they’re not profitable but competing against google,tesla,meta that are very profitable especially in free cash flow. At least pets.com didn’t lose insane amounts of money each year.

So Nvidia, why did you invest 100billion in them? Where did these 112,000,000 volumes come from. Now that some random company with 224billion suddenly bought….super interesting 

I’m out of this stock, it’s too risky if it
‘s the case they need outside deals from ‘investors’ to keep a stock moving the way they’d like it to move 

Nvidia is the Enron of today and if you know that history it’s not good. 

One single miss on earnings in this stock that’s priced for perfection is insanely risky 

We usually also get 2 pullbacks in a year, I wonder what the excuse to rug pull will be from wall street




",0,1759265058.0,
1nlylxt,Why is using maximum margin to buy and hold long term a bad idea when the numbers say otherwise?,"Everyone always says using margin is a terrible idea, it’s super risky etc.  right now I have a $100,000 trading account, let’s say 5 years ago I used my full maximum margin to simply invest $300,000 to buy GOOGL ($200,000 of which would be from margin). Even after all the interest you would pay on the margin funds, I would practically be a millionaire.  

Let’s be real here.  Stocks ALWAYS go up.  Look at the last 20 years.  We have had 9/11, the financial meltdown of 2008 and the worst pandemic in 100 years that completely shut down the economy and stocks STILL have went up substantially during all that turmoil.  

So despite overwhelming historical evidence that says otherwise, why do people always say to stay away from Margin?  

Sure Google could or whatever company could be the next Enron and you lose it all, but that risk is no different than you taking out a big business loan to start a business and your business fails.  What am I missing? ",0,1758375985.0,
1njtaov,Reddit stock may be in trouble,"Recent news about political left leaning media constructs such as Colbert and now Kimmel are getting cancelled.  

Between the left leaning ideology most of reddit has and the fact theres porn all over.. its about time that regulation happens.

Personally think the ai future can only drive the stock so far. When you see the stock has ran nicely from ipo of 30 bucks to over 250 in a year.. its bound to cool off.. 

Its actually shocking how easy it is to look up naked pics and or videos on this app/site. I understand you can google those photos too and google isnt in trouble but something makes me believe there will be a thumb on reddit future prospects. 

What's your opinion? Reddit bull or bearish going forward?",0,1758153320.0,
1nlmydw,Zuckerberg’s AI glasses live demo fails spectacularly at major tech event,"Meta’s invested 100’s of billions of dollars in AI and can’t even create a product to give proper instructions for a recipe. Yet we’re told to expect massive returns in the short term. I’m not buying it. AI will be great and dramatically affect our lives but we’re clearly still in the beginning stages.

Source: https://www.foxbusiness.com/technology/zuckerbergs-ai-glasses-live-demo-spectacularly-fails-major-tech-event.amp",2235,1758336650.0,
1nkprf8,Why is $SNAP still losing money?,"I see all my younger cousins ranging from age 20-30 always using Snapchat so I'm assuming it's pretty popular with the younger generation. Im just trying to understand how a social media with such a large user base has been unable to turn a profit so far like meta has. What are they doing wrong and is there hope for this company? 
",229,1758243611.0,
1nuhkby,CoreWeave jumps 12% after $14B Meta deal fuels AI data center demand,"No paywall: [https://finance.yahoo.com/news/coreweave-stock-surges-as-reported-14-billion-meta-deal-signals-limitless-ai-demand-142356584.html](https://finance.yahoo.com/news/coreweave-stock-surges-as-reported-14-billion-meta-deal-signals-limitless-ai-demand-142356584.html)

CoreWeave (CRWV) stock jumped more than 14% Tuesday after Bloomberg reported that the company has inked a $14.2 billion deal with Meta (META).

CoreWeave, the Nvidia-backed (NVDA) AI data center operator, will provide Meta access to Nvidia's GB300 server racks, which contain 72 of the chipmaker's Blackwell AI GPUs (graphics processing units).",119,1759249033.0,
1nktpuw,GOOG and META Bull?,"$GOOG and $META is the future of consumer i think

Both have proven their willingness to invest years and years of R&D to get us some pretty magical stuff. Don't think OpenAI with their 3 year project for consumer devices will get there any time soon... and AAPL is... asleep

(launch fails aside... sh\*t happens sometimes)

Thoughts?",111,1758255093.0,
1nes68a,"OpenAI, ORCL, NVDA and the UK","The question has to be asked, who is funding OpenAI moving forward? 

$300 billion to Oracle. Projected cash burn through 2029 is $115 billion (as of a few days ago). And now this comes out:   OPENAI, NVIDIA TO ANNOUNCE BILLIONS IN UK DATA CENTER PROJECTS

So that lands them in the realm of needing maybe $500+ billion in the next 4 years? They don’t make money, they burn money, so it’s not coming out of pocket. Maybe they go public and aim for a 1 trillion starting valuation? I know there are changes with their MSFT deal happening right now, not sure if listing is on the table. Or is the US government just giving them a blank check? None of these options seem overly likely.

$ wise none of this adds up, and it’s really starting to look like a giant scam to me. Yes ai has great uses, yes it is not going anywhere. But it’s also not profitable, at all. Not even close. All of the mega caps are burning huge amounts of money getting this all set up, with the plan to monetize it down the road. META had its panic moment when they started overpaying to poach talent, probably because they realized that llm’s hit a wall that would result in ai not being as profitable as projected. 

I think we may be in the stage where all companies start lying about future capex and revenue streams. At this point they have to. Just look at NVDA, renting back its own products lol, clever, but not actually a good thing. 

If the mega caps admit they need to scale back the ai roll out or drastically extend the timelines to complete these data center projects, then bye bye stock price. But it is hard for public companies to just straight up lie. OpenAI has less public eyeballs on their books. Can they really afford all of this? They are saying they can, and ORCL had an amazing day thanks to that. So maybe that is the play now. As the music gets closer to stopping, we will see more and more projects get announced from OpenAI and possibly some of the other non-publicly traded ai companies. 

These lies buy the industry time, which will allow the publicly traded companies to do offerings, maybe sell some stock, and just generally prepare for the coming market downturn. In turn, they agree to support the companies that are helping them fake these expansion / future revenue numbers right now. Because when the ball drops, and the capex bonfire is still burning hot, it’s going to get ugly. 

When will this finally fall apart? Who knows. Maybe 3 months. Maybe 1 year. Maybe 2 years if the government drops rates to zero and hands out blank checks to all ai companies. But it will hit, and it won’t be pretty. The warning signs are already showing. ",49,1757645855.0,
1nkuyzn,Micron's super bull run is making me nervous towards ER,"The stock has been an absolute beast and I'm very lucky to be in it. I have shares & leap calls expiring in June & September 2026. I'm up 40% on stocks and 127% on options. September 23 is ER and I'm very nervous going into this. I know today some analysts upgraded this stock to $200 target. But still... with its crazy bull run recently, I'm feeling so uneasy holding this. Memory is cyclical so I don't plan on holding this long. What do you guys think? Hold through ER and maybe it will pop like Oracle? Or sell the news?

Updated: Sep 19. I decided to hold through earning after today's news about the $20B deal between Meta & Oracle. Only 2 companies (MU & SK Hynix) that can provide HBM4 now and NVDA won't ever just favor 1 company. 

Updated Sep 22. Trimming my leap calls in half. And keep my shares. I want to have fund available for new opportunities. ",37,1758259200.0,
1nxi74q,Is $META still worth holding?,"For the last year, $META has been trading in a range between $500 to nearly $800. Growth is slowing slightly, and spending is increasing. Overall, META has shown about 30% ROI for every dollar spent. But I feel like it is just a brick in my portfolio. It's a green brick, but still a brick. Just sits there all day. Trending sideways. What are your thoughts on META? Do you think they still have a great runway ahead of them? Are they slowing down? At this point, I consider them a blue-chip tech stock, but they are still growing revenue at 20% clips. 

I am itching to sell some and put it into something higher growth. Maybe it's just the gambler in me.

Edit: so you all have pretty much convinced me I am out of my gourd here in my thinking. Appreciate everyone's feedback. I'll most likely add if it drops under $700 😅. Talk about a 180° turn. ",34,1759544737.0,
1not39c,META: WhatsApp introducing Message Translations on Android and iPhone,"https://blog.whatsapp.com/introducing-message-translations

""With more than 3 billion users in over 180 countries, we’re always working to keep our users closely connected, no matter where they are in the world. But we understand that sometimes language can be a barrier to getting things done or expressing how you truly feel. That's why we’re excited to bring message translations to WhatsApp, so you can more easily communicate across languages.""",28,1758660800.0,
1npkzqd,Value/Dividend Stock Reccomendations?,"For the past 2 years most of my portfolio has been TSLA, META, NVDA, and a few other unicorns who've seen a bump in share price with the introduction of AI.

I recently sold off most of my shares in these companies and am looking to put my money somewhere relatively more stable; so, does anyone have any thoughts or recommendations for dividend stocks to watch right now?

Any insight is welcome, I'm a very casual investor.",16,1758740796.0,
1njv8wk,Mark Zuckerberg unveils $799 Meta Ray-Ban Display glasses,"Mark Zuckerberg on Wednesday unveiled the $799 Meta Ray-Ban Display glasses, the social media company’s first consumer-ready smart glasses with a built-in display.

The glasses, which costs $799, contain a small digital display that can be controlled via hand gestures through a wristband powered by neural technology, confirming a CNBC report in August. A promotional video of the new smart glasses appeared on Meta’s YouTube page on Monday but was later removed.

The new smart glasses are a bridge between the company’s audio-only Ray-Ban Meta smart glasses and the experimental Orion augmented reality glasses that the company revealed at last year’s Connect event. Orion can overlay 3D visuals over a person’s real-world field of view with the help of a wireless computing puck, but the glasses are expensive to make and not yet available to consumers.

The Meta Ray-Ban Display glasses come with the Meta Neural Band, an EMG wristband that allows users to control the device using hand gestures.

“These are glasses with the classic style that you’d expect from Ray-Ban, but they’re the first AI glasses with a high resolution display and a fully weighted Meta neural band,” Zuckerberg said.

With the new glasses, people can do tasks like watch videos through the display or see and respond to text messages, Zuckerberg said. The display doesn’t block a person’s view, and it disappears when not being used, he said.

The glasses go on sale in the U.S. on Sept. 30.

The company on Wednesday also debuted the Oakley Meta Vanguard smart glasses, intended for athletes who participate in high-intensity sports like snowboarding and mountain biking. The Oakley-branded glasses will cost $499 when they launch on Oct. 21, making it $100 more expensive than the Oakley Meta HSTN glasses that went on sale in June.

The Oakley Meta Vanguard smart glasses have a sportier look than the Oakley Meta HSTN glasses thanks to a wraparound design that extends its colorful lenses around a person’s temples. Unlike the Oakley Meta HSTN glasses, the new model contains a button on the underside of its frames so that athletes who wear helmets can more easily capture photos and videos.

The new sports-centric smart glasses have up to nine hours of battery life, can capture 3K video and contain speakers that are louder than their predecessors. The glasses can connect with Garmin-branded fitness watches to track certain stats like their heart rates using the Meta AI assistant. Preorders start today.

Meta also debuted the Ray-Ban Meta (Gen 2), the latest version of the company’s original smart glasses. The Ray-Ban Meta (Gen 2) costs $379, up from $299 for the version released in 2023. The Ray-Ban Meta (Gen 2) has double the battery life of the previous model, lasting 8 hours on a single charge, and a more powerful camera that can capture 3K Ultra HD video. The new glasses go on sale today.

Zuckerberg also announced Horizon TV, pitching it as a way to watch television shows, sporting events and movies using the company’s Quest VR headsets. Some of Meta’s partners who will be contributing content to the app include Disney and Universal Pictures, Zuckerberg said.

Source: [https://www.cnbc.com/2025/09/17/zuckerberg-799-meta-ray-ban-display-glasses.html](https://www.cnbc.com/2025/09/17/zuckerberg-799-meta-ray-ban-display-glasses.html)",13,1758158781.0,
1nd8ojp,Investing in (the rise of retail) investing?,"Hello again!

Three months ago I made a reddit thread about Investing in Escapism. I took my observations as a gen Z living in SEA and I had good discussions in the previous thread with people sharing their experience and what industries/stocks might benefit from escapism.

My initial bets were: Alibaba (BABA), Tencent (700), and Meta. They're all doing well and I even added RDDT into my portfolio due to that thread, it's up over 100% now (sadly I haven't bought much of it yet).

I was still exploring into industries like BNPL which are really popular in poorer SEA countries (in Thailand where I live, the government warns that people are using BNPL to pay for food and groceries), and traveling (one redditor raised traveling as another thing to look out for, and from my observation it seems most Gen Z's seem to travel a lot, I see people taking a trip to Japan. I even plan one myself later this year). I ruled out Gaming and Alcoholism. (There was RBLX mentioned too, and it's been doing well this year)  
  
While I was thinking about Escapism, It hit me that I, too, am one of the target demographic. There is a raising trend about Gen Z who take their finances much more seriously than previous generations. Crypto, trading, stocks are becoming common words. I started investing back when I was 22-23, now I'm 28 and it's changed my life trajectory massively. There are probably many who are also doing this. a gen Z investor/customer will mean a lifetime of commission/fees if a service can make them stick long term.

I'm not familiar with all the financial service or other non-stock space. My initial thought is obviously my broker: IBKR. I've been using their service since 2021 and I'm very happy with them. They have lower fees and global reach for both markets and clients. The financial knowledge in the US is likely the highest of the world, all the cheapest index funds and competitive brokerages are over there. I think the rest of the world will slowly catch up, which could mean positive outlook for IBKR who's positioned to benefit the most from the rise of retail investing (outside of maybe S&P 500 itself due to all the money flowing over there). Coinbase is another that comes to my mind but I haven't looked into it.

I want to hear your thoughts. Which stocks or industries do you think will directly or indirectly benefit the most from the rise of retail investing? 

Thank you again for reading!

",9,1757493198.0,
1nlf722,"SPT Sprout Social - Big upside move ahead, AI and Social Media","Hi everyone,

with this post I want to introduce the company Sprout Social (Nasdaq: SPT) and explain why, in my view, buying the stock could pay off over the mid to long term.

**1) About Sprout Social:**  
Sprout Social, Inc. is a U.S.-based provider of cloud software for social media management. From one central platform you can schedule and publish posts, handle comments and messages, run performance analytics, and monitor social conversations. Sprout Social serves roughly 30,000 customers in 100+ countries and is among the leaders in this space. The business model is Software-as-a-Service (SaaS) with recurring subscription revenue.

Sprout Social was founded in 2010 and went public in 2019. Headquarters are in Chicago, with offices in Seattle, Dublin, and Kraków, among others. The company currently employs over 1,300 people worldwide and has received multiple awards for its products and customer satisfaction (including #1 Best Software Product 2024 according to G2).

Market cap: 0.84 billion (Prior year: 1.6 billion, -47.5%)  
Revenue: 0.45 billion FY 2025 (Prior year: 0.4 billion, +12.5%)

**2) Risks (just Sprout specific, of course there are more overall)**  
\- Sprout Social still reports GAAP losses of 57 million in 2024. However, it operates profitably on a non-GAAP basis. If Sprout fails to manage costs effectively, particularly in areas like sales, marketing, and research and development, or if it cannot accelerate revenue growth, the path to full profitability may be delayed.

\- The declining market cap is a consequence of the lack of GAAP profitability and the slowdown in revenue growth over the past few months.

\- SBC: The company reports non-GAAP profits despite reporting GAAP losses due to a high amount. At least the SBC rate has remained stable: Q2/2025 reported SBC expenses of $20.2 million, which is almost unchanged from the prior year ($20.6 million). Additionally, SBC’s total expenses for the first half of 2025 were just under $40 million, compared to $38.7 million in the prior year.

**3) Opportunities**  
\- In the era of AI, data scale plays a crucial role. Sprout Social, for instance, connects to over 30 social networks and processes more than a billion messages daily. This vast data volume empowers AI to generate substantial value. Meta, X, YouTube, Reddit, and other platforms possess their own data. However, Sprout Social stands out as one of the few companies with cross-platform access. In my opinion, considering its current market capitalization, the market is significantly underestimating the potential of this data scale.

\- Social media is emerging as a lucrative growth channel for companies, prompting them to allocate increasingly larger budgets towards social media marketing. Recent surveys reveal that an impressive 80% of CMOs intend to shift their spending from traditional channels to social media, further emphasizing Sprout Social’s strategic significance.

\- Product innovation: Sprout is investing significantly in new products, particularly AI and automation, which explains the absence of GAAP profits. In 2024, Sprout introduced numerous AI-powered features, such as automatic sentiment analysis and content recommendations. In August 2025, Sprout launched a suite of new integrations, including TikTok listening, Bluesky, and an expanded Salesforce integration, to provide real-time social intelligence to customers. These rapid innovation cycles enhance Sprout’s competitive position and create customer value through efficiency gains and improved insights.

**4) Why the turnaround is likely to happen now:**  
\- Sprout Social announced in an SEC filing dated August 26, 2025, that its CEO and board members will cease their automatic stock sales and transition to purchase plans. Starting in November 2025, there will be insider buying. Looking at similar cases from the past, changing automated sale plans to automated purchase plans often leads to a lift in the share price.

Example 1, ticker ASAN:  
Change from sale to purchase plans announced on March 8, 2025. From announcement to 5 days after insider buys began: +47.58% move.

Example 2, ticker PLUG:  
Change from sale to purchase plans announced on January 17, 2019. From announcement to 5 days after insider buys began: +85.71% move.

\- Sprout has been executing a strategic shift for several months. It’s moving upmarket and, instead of monthly contracts, is increasingly focusing on annual and multi-year deals. This shift has been successful, as Prout has recently won larger customers, including Zoom, Honda, the U.S. Department of Transportation, NASCAR, and more. The number of large customers (>$50k in annual spend) has grown by +44% recently.

\- I anticipate a significant positive surprise in the upcoming quarterly report. Sprout has already hinted that many existing contracts are up for renewal in the second half of the year. This could potentially lead to a major positive surprise in the upcoming Q3 numbers, as Sprout is expected to acquire new (enterprise) customers and renew many existing contracts.

What’s do you guys think about Sprout Social?",4,1758315277.0,
1nvetjt,Unpopular opinion(s) what RDDT needs to do to survive,"I've said it before, and and I'll say it again. RDDT won't scale unless spez makes controversial moves and tough decisions. I'm going to compare them to Meta, as many have said Reddit is a ""baby Meta"". 

1.) They need to buy a company like Discord like how FB bought instagram. 

2.) They need to FLOOD the feed with ads, like how Instagram does currently.

3.) They need to sell user data and pander more to right wing. Left wing users are mostly tapped out and have less to spend. Use the Elon Musk playbook. Tesla at all time highs even with left wing boycotts lol. Look at Bluesky, running out of funding while Truth Social somehow still strong as ever. I'm not sure how Reddit manages this, but probably involves removing some left wing moderators and adding more right leaning ones.

On the above point, my biggest worry right now and risk to reddit is Trump using the Reddit is a left-wing antifa terrorist organization rhetoric. Maybe even going as far as getting the FCC to shut it down. Steve Huffman really needs to kiss the ring. 

This way I can see it rocketing to $300+ if the CEO plays the cards right.",0,1759340162.0,
1nxb3oh,Elon Musk is telling his followers to cancel Netflix subscriptions.,"https://www.cnbc.com/2025/10/02/elon-musk-calls-for-canceling-netflix-whats-happening.html

> Elon Musk this week urged his followers to cancel their Netflix  subscriptions over a controversy surrounding an animated show and its creator. Musk on Wednesday posted on his X platform saying, “Cancel Netflix for the health of your kids.” The post was in response to an image accusing Netflix of carrying out a “transgender woke agenda.” The controversy seems to stem from conservative backlash over an animated Netflix show, “Dead End: Paranormal Park,” which features a transgender character. The show was canceled in 2023 after two seasons.

> In addition to several anti-trans posts, Musk also responded to a post criticizing alleged statements made by the show’s creator, Hamish Steele, that a prominent conservative X account said “mocked” the murder of conservative activist Charlie Kirk. Steele responded to Musk’s callout on rival social media platform Bluesky saying, “It’s probably going to be a very odd day.” Steele also shared a post by TV writer Jack Bernhardt that called “Dead End” a “brilliant show about kind, wonderful characters.” Also this week, vocal conservative activist Robby Starbuck began posting about Netflix, echoing anti-trans sentiments and arguing the company has promoted an ideology that is “hateful to White Americans.” Starbuck, who has repeatedly targeted major corporations in recent months over diversity, equity and inclusion efforts, said in one of his X posts on Netflix, “No one should give this woke company another dime.”

> Analysts say the backlash might not pose as big of a threat to Netflix as Musk may be hoping for. Netflix reported 301.63 million subscribers as of the fourth quarter of 2024, the last time it reported the metric before shifting priority to revenue over user growth. The company has a roughly $490 billion market cap, and its stock is up more than 60% in the past year. Shares lost nearly 5% over the week. Wedbush Securities’ Alicia Reese told CNBC that the comments came too late in the third quarter to make any meaningful impact on subscriber counts.",1087,1759525340.0,
1nhsho4,Are tech stocks the new consumer staples?,"During the last few recessions, investors were always running to consumer staples like WMT, PG, MCD, KO, PEP, because tech stocks were too risky to hold and they always crashed hard.

This is the first time tech stocks are actually going up during a recession while consumer staples are going down. People are addicted to technology and they would rather go to a food bank than cancel their Netflix subscription.

Some of the tech companies are literally becoming consumers staples or even utilities, and people can't imagine living without them.

Do you think this trend will continue, or will there be a huge turnaround in the next 1-2 years?",50,1757957830.0,
1o1vvnn,And how does AI benefit all of tech if...,"I can just use AI to replace the offerings of tech?

Office 365? I have AIOffice 365. 

Facebook? I have AIBook

iOS? I have AiOS

Netflix? I have I AIFlix. 

How are all these companies' valuations skyrocketing when every service they provide is something that should be able to be.reproduced by the all divine AI.

How in God's name are they worth trillions?

And if I CANT replace these services with an AI generated offering.....what good is it? 

Unless I'm completely off the rails here and am missing how generating a video of Kurt Cobain talking to Jimi Hendrix equates to trillions in value.

EDIT: the future of AI use seems to have a ceiling when it comes to reproducing the services of our most valuable companies. 🥴",0,1759981238.0,
1nwhui3,Hit Half a Million 🚀,"Hit half a million and gained over $100K in a year. Here are my main holdings…

Amazon - $45,000
Tesla - $36,000
NVIDIA - $30,000
Nebius Group - $21,000
Apple - $13,000
Palo Alto Networks - $10,000

VGT - $26,000
IVV - $20,000
QQQ - $15,000

",3138,1759443410.0,
1o0ja1l,$POET - Someone Just Dropped $75M In and Won't Say Who (We Find Out Oct 17),"Alright so I've been digging into this POET Technologies thing because of that dumb fuck who keeps posting shit about them in the DDs so I said what the hell I'll take a look.

POET makes optical chips that connect GPUs in AI data centers. Not the GPUs themselves, the networking shit between them. Everyone's throwing money at NVIDIA for the chips but nobody's paying attention to the fact that when you have thousands of these things clustered together they need to talk to each other at insane speeds. That's what POET does, optical interconnects for 800G, 1.6T speeds and up.

So on October 7th (to-fucking-day) they announced they raised $75M. Biggest investment in their history. But here's the thing... they won't say who gave them the money. Just says ""a single institutional investor"" in the press release. No broker, no finder's fee, straight direct placement.

When I saw that I was like wait what? Companies don't usually hide this shit unless there's a reason. And when you do a direct placement with no intermediaries that usually means you already know each other, like this isn't some random fund that saw your pitch deck.

The timing is what really got my attention though. OpenAI announces that massive AMD deal on October 6th, literally the day before. POET just launched their 1.6T optical receivers with Semtech on Sept 30. They got their first real production order in September for over $500K, yeah I know that's fucking peanuts. Their Malaysia manufacturing facility just came online. Everything is happening right now and then they get a mystery $75M investment.

I started thinking about who needs optical interconnects right now. OpenAI is building out 6 gigawatts with AMD and 10 gigawatts with NVIDIA, they absolutely need this shit. NVIDIA has been throwing billions at AI infrastructure companies but they don't have any optical interconnect plays in their portfolio. Microsoft needs to secure OpenAI's supply chain. Amazon and Google are behind and trying to catch up. Every major player in AI needs what POET makes.

And it's not vaporware, Foxconn selected them for their 800G and 1.6T modules. Semtech co-developed products with them and did a joint announcement. They're shipping samples to three major tech companies right now. Semtech wouldn't put their name on it if it was bullshit.

If someone bought 15% of the company, which is about what $75M gets you at $5.50 per share, they legally have to file with the SEC within 10 days. It's called a 13D or 13G filing. The deadline is October 17th. That filing has to show who they are, how much they bought, whether it's passive or strategic, all of it.

So in 10 days we're going to know if this was NVIDIA, OpenAI, Microsoft, Amazon, whoever. If it's one of them this stock is going to fucking moon because it validates everything. If it's just some random growth fund then whatever. I'm here for the fucking casino.

Now look I'm not an idiot, there's a bear case here. Company has been around since 1972 and they're basically still pre-revenue, they did like $268K last quarter. They've lost $214M over their lifetime. They've raised $227M in the last 2 years alone, constant dilution.

But someone just put $75M directly into this company right as everything is coming together. No intermediaries. Right as production is scaling. Right as OpenAI is making major chip diversification moves. The structure looks exactly like the OpenAI-AMD deal with the warrants out to 2030. Either this is the luckiest timing ever or something's going on.

Position: I like to gamble so I picked up 1,000 $10C 10/31. I'm betting it all on a big partnership.

https://preview.redd.it/bh1h1nhwsptf1.jpg?width=960&format=pjpg&auto=webp&s=221e502345be01d8517b8ec38e1a4f0b49783731",2228,1759853816.0,
1nopbhh,10 Years ago my net worth was $0,"Got lucky in crypto and hit big last year. Have since been slowly moving(trying to hold for those LT Gains) funds from that into stocks(and Savings of course) and just exceeded $100k in gains for my combined 2025 realized + unrealized gains. There have been a few option plays throughout the year but for most of it the combined gains relate to standard stock plays. My current big ones being:

MU - $13,483.76 (84.21%)

NVDA - $16,072.01 (41.14%)

OKLO - 30,016.55 (420.24%) 

QS - $12,492.40 (138.59%)

Big Ls

LUNR - -$7,386.70 (41.33%)

My fake girlfriend and her boyfriend are tired of hearing about it so was hoping to get some praise from rando degens on the internet. 10 years ago I was starting my entry level job with a fresh $68,000 of student loan debt attached to my name so just know anyone can get lucky.",1539,1758652195.0,
1o18pxg,30K YOLO on uiPATH - The $PATH to generational wealth,"Greetings fellow crayon eaters, if you’ve been missing this AI bubble that is just getting started, then you’re a pathetic loser. *BUT you’re in luck*, because i’m here to present you with a play that is ready to run 1000%, and is actually… dare i say, UNDERVALUED in this market environment. Only up 18% YTD? Pathetic. This has the potential for upwards of **$40-50** ***THIS YEAR***

The ticker? $PATH

And it's your PATH to finally getting a  taste of the big gains this market has to offer.

**What the fuck does PATH do?**

In short, PATH builds Robotic Process Automations (RPAs) to automate repetitive tasks. Meaning, path will probably build the AI that runs the robot that replaces you, so hopefully your wife’s boyfriend can support you both. For more details, search the fucking internet, idiot. I gotta keep it short enough for your attention span. 

**Why is PATH so beaten up?**

It came too early… *just like you*, loser. 

PATH went public in 2021 at $65.50 per share. It was seen as a next generation darling by Aunt Cathie Wood, and pumped to an all time high of 90. BUTTT…  the overall market and economy was not ready for what PATH had to offer: Robotics and AI. If you’re not brainrotted too much to remember 2021, the hype was EVs and green energy. Nobody gave a shit about AI or robotics. Then the 2022 bear market came and wiped the speculative stocks. PATH was a victim of that.

The nail in the coffin was May 29, 2024, when the company announced a CEO change and lowered their yearly guidance. The stock dropped 30% that day and still has a gap there. Aunt Cathie ended up selling for a loss… (you know what that means!) 

Since then it found a floor of $10 a share which it has tested multiple times.

https://preview.redd.it/rmbrdz23ovtf1.png?width=938&format=png&auto=webp&s=f59af1605fcf421a3264968abe2ef0eef65d4ecd

**Today is a completely different story**.

PATH has stumbled into a fucking golden opportunity…. AI, robotics, and automation. They have weathered the storm of CEO change, and have established reliable income streams.

**2025 Partnerships:**

**As of October 2025, PATH has established new partnerships with:**

**Nvidia, OpenAI, Salesforce, and Snowflake. Yeah thats right, the motherfucking work horses of the modern market, NVDA and OPENAI**

This is IN ADDITION to their existing partnerships and clients: Microsoft, Google Cloud, SAP, and Amazon. 

**Earnings trends:** *PATH has beat revenue expectations 8 times in a row… and beat EPS expectations 7 of the last 8 earnings.* 

https://preview.redd.it/d8x0jx17ovtf1.png?width=917&format=png&auto=webp&s=2e38c9aa90ea87072a1fe66d38c756b2a98dbe32

**What’s next?**

PATH has projected both EPS and revenue growth. The best part? Projections have not been raised since the new partnerships, meaning PATH is poised to surprise to the upside for earnings in December, and the market is *just now beginning to price that in.*

**TA / Options pricing - THIS IS BIG**

Bullish all time macD reversal with a gap to fill at $19. Resistance at 15, but setup to break through it after four tests by bulls in the past year, and recently with incredible volume not seen since the gap down from the CEO leaving, indicating big money is poised to capture the upside. 

***IV is considerably low at for at the money options when compared to the IV of other AI stocks, it’s currently sitting at 60-75%. This is HUGE. Options are currently critically undervalued for a stock that is poised to break to the upside and be major AI play for the year.*** 

In comparison, other market AI darlings like RZLV iv 141% for at the money, APLD 137%, SOUN 110%, RR 190%

*For you smooth brains, this means call option prices have room to absolutely skyrocket once this breaks out.* 

Current short interest per fintel is 12%. Short interest can help drive the upside breakout as shorts look to exit near 5 year lows as Bulls once again take charge.

Since dropping to $10 a share, we can see from the volume profile that there has been significant accumulation of shares in the $10-14 range, and we are just beginning to break away from that into a volume gap that will eventually take the stock into the $20's

It's just broken over the 200D MA and backtested it, bouncing hard following a small dip from profit taking after the NVDA partnership announcement.

[Just like your mom, it's desperate to have it's gap filled](https://preview.redd.it/bh4w96fiqvtf1.png?width=1369&format=png&auto=webp&s=f6a8460f055ec3041c6e75824cc2ec74413ff3e6)

**Share ownership:** 76% of shares owned by institutions

https://preview.redd.it/ofp8arvgovtf1.png?width=921&format=png&auto=webp&s=d1de3ea3e0d5a8d125815002c1f75924d255d711

**Ziptrader** (800k subs on youtube) made PATH his #1 pick

**My Position:** November, December, and January calls + shares. Planning to add more, as the calls are still very cheap compared to other AI or robotics stocks. I'm using my gambling account, and I got permission from my wife's boyfriend to use her account and start another position.

https://preview.redd.it/be5wwo5povtf1.png?width=371&format=png&auto=webp&s=085f819ce6466761de9a6600b021287e5ed6ef1d

https://preview.redd.it/821xmxdgpvtf1.png?width=466&format=png&auto=webp&s=860e6a18d23502e26764bfb42e0cc59aa0bcd5fe

**TLDR: PATH is an established player in AI and Robotics, has signed major deals with NVDA, openAI, CRM, SNOW, and MSFT, but the stock price has not reflected their potential growth. PT: 50+**",1301,1759925531.0,
1ntdzcr,TLRY,"Rescheduling will lead to de scheduling 

Medical cannabis will be legalized at the federal level soon

More cash than debt 

Consistent growth 

Currently ranked number 4 in craft beer and spirits sales

Worldwide leader in 100% hemp wellness products w/ products carried at Whole Foods, Sprouts, Target, Wal-Mart, Amazon

This is just the beginning. $30 price target",607,1759140062.0,
1nhanqj,"+600k this weeks, thanks GLXY","Galaxy Digital was getting crazy undervalued the last couple weeks. Tons of extremely positive news on both the crypto side of their business and data center side. Looking to roll these into 2026's when they should get a portion of their 2.7GW understudy approved by ERCOT (on top of the 800MW they already have approved/leased) and leased out to a big hyperscaler like Oracle, Google, Microsoft, Amazon, or Meta.

If the full 3.5GW is approved and leased out at the same terms as their current CoreWeave deal, Galaxy could generate ~$5.25B/year in average annual revenues at 90% EBITDA margins (market cap Friday was ~$11B (@~$30/share), subtract their $3B balance sheet and you get ~$8B in equity value attributable to their crypto and data center business).

Think a fair price in the short term is $54/share (w/no additional approvals) and then gets into the $100's of dollars / share range if they can execute on their 3.5GWs + future power/site acquisitions.

I truly believe this is only the beginning of the journey and we are still so early. Just this week the senior management of the company met with 50+ institutions and I’m expecting we catch a bid in Q4, please keep in mind Galaxy has only been listed on the NASDAQ since the middle of May.

The ticker is GLXY.

It’s the ultimate beneficiary of the current AI infrastructure + Crypto tailwinds.

Thank you for your time. Godspeed!",451,1757905118.0,
1nvpvso,$SNAP – The Only Specs That Matter 🚀,"Alright, listen up smoothbrains. While you apes are busy lighting your grandma’s retirement funds on fire buying quantum vaporware stocks with zero revenue and YOLO’ing into Opendoor like it’s the next Amazon instead of a failing real estate pawn shop, I’m looking at a stock that could 10x if this plays out. Yes, the ghost app you use to send nudes to your ex is actually a once-in-a-decade moon ticket.

[“JPow told my wife this was safe”](https://preview.redd.it/a84d6o9qglsf1.png?width=934&format=png&auto=webp&s=374dc3ecc175dde106a5375911dff2da3083c33b)

Now let me explain why your mom’s boyfriend is bullish:

1. **ATH Collapse** – SNAP’s all-time high was \~$80 before Tim Apple slapped them across the face with iOS privacy changes. Ads went limp, Wall Street bailed, and SNAP cratered harder than your mom’s Tinder date. But that’s the reason the stock is sitting at 5-year lows today: **the decline was external, not because the company is fundamentally trash**.
2. **Spectacles = The Real AR Play** – SNAP has been grinding on AR spectacles for a decade. While Zuckbot embarrassed himself with his laugh-track VR demo, SNAP dropped a prototype that actually looks **usable**. Their consumer “Specs” are dropping in 2026, lighter and cheaper than the dev versions. They even built **Snap OS**, a full-blown platform optimized for AR, but you wouldn’t know that because you were too busy watching anime lolis instead of reading investor decks and paying attention to product demos.
3. **8 Billion Daily AR Lenses vs Google’s 14 Billion Searches** – On mobile alone, SNAP’s AR lenses are used **8 billion times a day**. Let me say that again: **8 BILLION WITH a ""B""**. Google search does \~14 billion daily. That means people are snapping AR dogs and anime filters like crazy at HALF THE SCALE OF GOOGLE SEARCH. When Specs launch, SNAP controls **both the hardware and the software**. That means unrestricted ad targeting, a user experience way better than the janky mobile AR crap, and here’s the kicker: they demoed **collaborative AR** between Specs users and mobile users. Imagine shoving ads in both realities at once. That’s a money printer even Papa Powell would respect.

I’m early into this play. Specs aren’t out until 2026, but the market is asleep at the wheel. SNAP’s been buying back stock in 2025, cutting costs with layoffs (10% in 2025), and getting their comp structure under control. They’re quietly setting the stage for the next wave while you guys YOLO weekly SPY puts like brain-damaged chimps.

Now, I’ll keep it real with you:

* Competition exists. But except for Meta, **Google and Apple don’t have social platforms** to tie AR into. Meta is bleeding billions on legless VR Sims. Apple’s Vision Pro flop shows that having the social layer is critical.
* Stock comp was a headwind, but layoffs and buybacks are stabilizing things.
* User growth is slowing but that’s true for all social media platforms. SNAP has 900 million monthly active users. The key is jumping onto the next big thing that feeds into revenue.
* CEO Evan Spiegel has majority voting rights. Which means if he wakes up one day and decides to turn the ghost into a furry NFT, we’re screwed. Expect some WSB level decisions at times.

**Bottom line:** SNAP is sitting near its 5-year low, the market has priced in zero upside, and the next catalyst (Specs) is massive. From here, this can only go up. Not financial advice. I am jacked to the tits.  
  
**Position:** 81600 shares bought over the last 2 weeks. ",336,1759366434.0,
1nlw4qk,Netflix to bid on $WBD,"[https://screenrant.com/netflix-bidding-warner-bros-report/](https://screenrant.com/netflix-bidding-warner-bros-report/)

>EDIT:   
  
  
After Paramount CEO David Ellison's ""presumptive all-cash bid for Warner Bros. Discovery,"" Puck's Dylan Byers has followed up to reveal that ""a well-placed Hollywood source called to suggest \[...\] that Netflix was also considering a bid for David Zaslav's \[WBD CEO and president\] assets.""

>Byers acknowledges that this scenario was once ""implausible,"" but that ""Ellison's seemingly limitless cash and ambition have accelerated Hollywood's consolidation process, and his decision to bid for all of WBD now—in an attempt to preempt potential rivals—is forcing nearly everyone to dust off their models.""

>These potential bids are coming after Warner Bros.' historic summer with a streak of successful movies at the box office. However, Puck reports that Steven Cahall of Wells Fargo ""does not expect WBD stock price to move much beyond $19 a share"" and that ""neither Apple nor Amazon will go for all of WBD.""

>Thinking along the lines that Netflix would be interested only in Warner Bros.' studio and streaming operations, Byers says: ""\[...\] as I discussed on Sunday, Zaz would need to convince his board and WBD shareholders that there would be more value coming from the split than from the Ellisons—that two in the bush is worth more than a bird in hand.""

>As far as what Paramount's possibly buying Warner Bros. means, the merging of two of Hollywood's oldest studios could result in a powerful new institution in the industry. Ellison seemingly wants to go all in on this idea, as his goal is to buy all of Warner Bros.' assets, including games, comics, and more. Netflix's offer might mean splitting up parts of the company.

TL:DR - they probably want to spin-off parts of WBD which may be a tougher sell to their shareholders than a huge bag of $ from the Ellisons for the whole thing.

Seems like Netflix is trying to take a final stab at grabbing part of WBD before they sell to PSKY. Ellisons offered $22-24/share, think some analysts were calling 21/share bullish so my take away is that the Ellisons seem likely to get this done.",296,1758368984.0,
1ndis0f,Why would hyperscalers spend so much with $ORCL instead of just spending themselves?,"UPDATE: It's apparently$300B just from OpeniAI. So yeah, like I hypothesized, the hyperscalers don't need shit from Oracle and there is a high chance most of this doesn't happen. OpenAI can't afford $300B.

I don't get it. They say they got $400B in backlogs from only a few customers, which means like $100B+ per customer. Apple, Nvidia, Microsoft, Meta, Google, Amazon...

There are a handful of companies on the entire planet which that describes, and they can build their own stuff. Why, for example, would Meta or Amazon give Oracle $50B just to build a data center that doesn't even exist yet anyway?

It's one thing to buy infrastructure that already exists and that you want right now, it's another thing to order infrastructure that doesn't even exist when you already know how to build your own.

The whole cloud revenue/order backlog thing looks like bullshit to me. It's going to grow $144B in cloud revenue in 5 years? Uh, I don't see Google, Microsoft, or Amazon doubling cloud revenue every year, so how the fuck is Oracle?

",287,1757521254.0,
1nm0a5q,Huge Micron Bet,"Hey everyone,

First time with a DD so forgive me if I sound regarded. 

This is the biggest trade I am set up for and wanted to share my thoughts. 

I believe we are going to see a huge run up next Tuesday with Microns earnings call. Current price is $162 with the pull back with Samsungs announcement spooking the market but I believe this won’t affect Microns future capabilities with HBM.  

So Micron Q4 earnings are coming up… and I’m bullish. I took up a huge position with the underlying prior to the pump on Thursday. 

Yesterday with the drop I loaded up at the bottom on 200 calls $175 expiring October 17. 

My logic is this. 

Seeing what happened with Oracle over their guidance gives me confident we may expect something crazy from Micron, especially when their customers Nvidia, Amd, Microsoft, Amazon, Google all had record years. All of them just crushed it on AI and cloud growth.

If they’re winning, Micron is too. Every GPU and every data center relies on Micron’s memory to run. While there are 2 main competitors in the memory landscape (Samsung and SK Hynix) I believe Micron is well positioned regardless. 

Last quarter: $9.3B in revenue with nearly 50% growth in high-bandwidth memory sales.

Next up: Management is guiding ~$10.7B for Q4 with stronger margins. I think they may beat expectations. 

In all of the last 5 reported fiscal quarters listed above, Micron has beaten EPS expectations.  ￼

The beat amounts range from ~+$0.13 to ~+$0.34 in recent quarters.

The most recent (Q3 FY2025) was the largest beat in that sample, +$0.34

However with this upcoming Q4 FY 2025, EPS consensus estimates are around $2.78-$2.86 per share. Year-over-year that’s a big jump from ~$1.18 in Q4 FY2024.  ￼
	
Gross margin expectations have been revised up, reflecting tight supply + improved pricing (especially DRAM).

Analyst Quotes & Price Targets

Wedbush (Matt Bryson) – PT $200

“Wedbush analyst Matt Bryson raised the firm’s price target on Micron Technology to $200 from $165 and kept an Outperform rating on the shares. The firm notes that demand from cloud service providers has come in stronger than expected, which could significantly boost Micron’s future sales and pricing power. Wedbush believes that the ongoing AI build-out is creating a structural uplift in demand for DRAM and high-bandwidth memory that will continue through 2026.” 【Barron’s】

Barclays – PT $175

“Barclays analysts raised their Micron target price to $175 from about $140, while maintaining an Overweight rating. The analysts acknowledged that some of the recent NAND chip orders coming out of Silicon Valley may be short-term in nature, but they believe Micron will likely exceed its current guidance. They also expect the company to offer a strong forward outlook as hyperscaler spending on AI infrastructure continues at an aggressive pace.” 【Barron’s】

Deutsche Bank (Melissa Weathers) – PT $175

“Deutsche Bank analyst Melissa Weathers lifted her price target on Micron shares from $155 to $175, reiterating a Buy rating. She noted that favorable market conditions for DRAM and high-bandwidth memory, particularly products tied to artificial intelligence data centers, are a major driver of upside. Weathers added that DRAM pricing has remained firm, supply is constrained, and demand for HBM in GPUs and servers is accelerating faster than the Street had anticipated.” 【Investors.com】

Mizuho (Vijay Rakesh) – PT $182

“Mizuho Securities raised its price target on Micron to $182 and kept a Buy rating. Analyst Vijay Rakesh wrote that momentum around artificial intelligence and strong demand for high-bandwidth memory should continue to drive Micron’s results higher. He cited tight supply in both DRAM and NAND, with pricing moving upward, as well as Micron’s increasing share of AI-focused products. Rakesh emphasized that Micron is one of the few companies positioned to deliver both volume growth and margin expansion in this environment.” 【MarketWatch】

UBS (Timothy Arcuri) – PT $185

“UBS analyst Timothy Arcuri raised Micron’s price target to $185 and reiterated a Buy rating. Arcuri pointed to confidence in DRAM and HBM supply tightness and sustained AI-related growth as the core reasons for the higher target. He noted that Micron’s technology roadmap has been executing well and that the company is positioned to capture outsized share of the high-performance memory demand wave driven by Nvidia, AMD, and hyperscalers.” 【PriceTargets.com】

Susquehanna – PT $200

“Susquehanna Financial upgraded its Micron target to $200, keeping a Positive rating. Analysts cited tightening DRAM and NAND supply, improving average selling prices across memory, and accelerating AI adoption as reasons to expect Micron’s earnings power to surprise to the upside. The firm believes current Street estimates remain too low given the structural tailwinds in AI-centric workloads.” 【PriceTargets.com】

JPMorgan (Harlan Sur) – PT $185

“JPMorgan analyst Harlan Sur raised Micron’s price target to $185 from $160 and kept an Overweight rating. Sur highlighted upside to revenue, gross margin, and earnings in the near term, driven by better-than-expected pricing across multiple end-markets including AI data centers, smartphones, and personal computers. He said the company is likely to announce November-quarter guidance that comes in solidly ahead of consensus expectations. JPMorgan believes Micron’s HBM3E ramp and DRAM cost reductions are ahead of schedule, which will further support earnings acceleration.” 【Benzinga】

Rosenblatt Securities (Kevin Cassidy) – PT $200

“Rosenblatt Securities analyst Kevin Cassidy reaffirmed a Buy rating on Micron and boosted the firm’s target to $200. Cassidy wrote that Micron could report a modest beat to its preannounced results, but the real story will be the outlook. He expects Micron’s November-quarter guidance may come in much higher than consensus estimates of $11.8 billion in revenue and non-GAAP EPS of $3.00. Cassidy emphasized that constrained DRAM and NAND Flash wafer supply through at least 2026, alongside accelerating demand from AI workloads, positions Micron for outsized profitability.” 【Benzinga】

Zacks Investment Research – Avg PT $155.59 (Range $75–$200)

“Zacks recently upgraded Micron from Hold to Strong Buy, giving the stock a Zacks Rank #1. Their analysts cite accelerating demand for DRAM and NAND, stronger-than-expected revenue in AI/data center markets, and consistent earnings surprises as the drivers. Zacks’ consensus 12-month price target from ~34 analysts is $155.59, with estimates ranging from as low as $75 to as high as $200. They highlight Micron’s strong Growth and Momentum scores, though its Value score is weaker given the higher multiples.” 【Zacks / MarketBeat】

Micron Management Quotes & Context

“Micron’s strong competitive position and solid execution delivered record revenue in fiscal Q3, with revenue, gross margin and EPS all exceeding the high end of our guidance ranges.” — Sanjay Mehrotra, CEO.  ￼

“Data center revenue more than doubled year over year and reached a record level, and consumer-oriented markets had strong sequential growth.” — Mehrotra.  ￼
	
“We generated substantial free cash flow in the quarter, even as we continue to make strategic investments critical to sustain long term growth.” — Mehrotra.  ￼
	
“Micron delivered record revenue in fiscal Q3, driven by all-time-high DRAM revenue including nearly 50% sequential growth in HBM revenue.” — Mehrotra.  ￼

“We are on track to deliver record revenue with solid profitability and free cash flow in fiscal 2025, while we invest to build on our leadership to address growing AI-driven memory demand.” — Mehrotra.  ￼

“Fiscal Q3 DRAM revenue was $7.1 billion, up 51% year over year, and represented 76% of total revenue. Sequentially, DRAM revenue increased 15%, with bit shipments increasing over 20% and prices decreasing in the low single-digit percentage range, primarily due to a higher consumer-oriented revenue mix.” — Mark Murphy, CFO.  ￼

“NAND revenue was $2.2 billion … Sequentially, NAND revenue increased 16%, with bit shipments increasing in the mid-20s percentage range and prices decreasing in the high single-digit percentage range.” — Murphy.  ￼

“Gross margin … was above the high end of our guidance range, primarily due to better prices for both DRAM and NAND, partially offset by a higher consumer-oriented mix.” — CFO Murphy.  ￼
	
“Ending inventory for fiscal Q3 was $8.7 billion, or 139 days. Inventory was down $280 million sequentially, and inventory days were down 19 days sequentially, driven by strong sequential bit shipment growth in both DRAM and NAND.” — Murphy.  ￼
	
Guidance for Q4:
“We expect revenue of $10.7 billion ± $300 million; gross margin non-GAAP of ~42% ± 1%; operating expenses approx $1.2 billion ± $20 million; non-GAAP EPS of ~$2.50 ± $0.15 per share.” — Micron management.  ￼

“With another quarter of shipment growth forecasted in fiscal Q4, we expect to exit fiscal 2025 with tight DRAM inventories, significantly reduced NAND inventories and overall company DIO near our target levels. With low inventories on hand and a constructive demand environment, we will continue to focus on improving pricing and further strengthening our product mix.” — Management.  ￼

Source: https://www.insidermonkey.com/blog/micron-technology-inc-nasdaqmu-q3-2025-earnings-call-transcript-1559366/ 

TLDR

Best Case (Bullish)

Revenue: ~$11.2B+ (above top of guidance)

EPS: $2.90+ (beats revised $2.85 guide)

Gross Margin: 45%+ (tight supply + strong DRAM/HBM pricing)

Guidance: Raised again for FY2026, pointing to sustained AI/cloud demand
	
Stock Impact: Could rally +20–30%, pushing toward $180–$200 as analysts hike targets

Worst Case (Bearish)

Revenue: < $11.0B (below guide midpoint)

EPS: < $2.70 (miss vs Street ~$2.78–$2.85)

Margins: Slip toward 42–43% (pricing softness, higher costs)

Guidance: Conservative, signaling slower demand or inventory concerns

Stock Impact: Could drop −10–25%, retracing toward $120–$130

The biggest risk I see is the cyclical narrative but given the demand this year and how we are seeing AI and data centers scaling up, I think we have reached a point where the market transitions from cyclical to more secular. 

Right now PE is ~24-25 with the drop but if EPS expectation is hit $10-12 for FY 2026, and PE drops to 18-20 we are still looking at $200+ price target. I believe $175-185 is a lower range.

Of course this all depends on how Micron Management forward guidance looks but I think we are in for a surprise. 

Good luck 🙏",228,1758380062.0,
1ntyifa,DD: why i am all in BITF,"Bitcoin Mining to Gov-Grade AI Cloud?

1. Board Appointment Signals a Pivot

On Aug 18, 2025, Bitfarms appointed Wayne Duso (ex-AWS & Dell) to its Board.

Why this matters: Duso helped scale AWS GovCloud and Dell’s $B+ businesses. His expertise is hyperscale cloud + government compliance (FedRAMP, FISMA, DoD IL5/IL6).

Speculation: Bitfarms may be lining up federal certifications for its Panther Creek (PA) site. These are must-have for handling sensitive workloads like defense AI model training.

Quick primer:

FedRAMP High → secure federal cloud for sensitive but unclassified data.

FISMA High → compliance for “severe consequence” data breaches.

DoD IL5/IL6 → Controlled Unclassified Info (IL5) and Secret (IL6) – critical for DoD AI workloads.

Add Duso’s background → very plausible Bitfarms is positioning Panther Creek for Gov/DoD AI contracts (think AWS-style premium pricing).

2. Revenue Potential – AI Cloud vs. Mining

Industry benchmarks (2025):

AI Data Centers: ~$12.5M/MW gross → ~$5–7M/MW net in PA.

Colocation: ~$1.3–1.5M/MW (TeraWulf).

CoreWeave (PA): ~$6M/MW.

Texas & NY AI Cloud: $4–6M/MW (more volatility + higher energy costs).

Panther Creek specifics:

1 GW potential → scale to 500+ MW.

Nuclear + hydro power at $0.02–0.03/kWh via PJM grid (super cheap).

80% NOI margins if certified + locked with a hyperscaler (Amazon, etc.).

At $5–7M/MW, Panther Creek could generate $2.5–3.5B/year net if 500 MW is deployed.

3. Quebec Pilot – AMD MI300X Advantage

Early 2025, Bitfarms repurposed part of its Saint-Hyacinthe (QC) site (~50 MW) for AMD MI300X racks:

Memory Edge: 192 GB HBM3 vs. H100’s 80 GB → fewer GPUs needed for large models.

Cost: $15–20K vs. $30K+ H100 → ~20–30% lower TCO.

Efficiency: 750W TDP; Quebec pilot hit 85% GPU utilization on vLLM inference.

Software: ROCm 6.0+ now supports PyTorch + Hugging Face.

If scaled at Panther Creek:

Revenue boost → $6–8M/MW (thanks to AMD’s pricing + cheap power).

Quebec tests already yield 2–3x mining margins.

4. Talent & Partners Lining Up

James Bond (yes, real name) hired as SVP of HPC on Mar 26, 2025 → likely behind the Quebec AI pilot.

T5 Data Centers provides lifecycle ops, certifications, and multi-year contracts → exactly the type of partner hyperscalers demand.

Locations = edge:

Pennsylvania: Cheap/stable nuclear, undersea fiber routes to EU/Africa, political support for data centers.

Washington: Hydro < $0.03/kWh, West Coast hub with fiber routes to Asia.

5. The Big Picture

Bitfarms is quietly building an AWS-style AI/GovCloud pivot → with nuclear-backed capacity, AMD MI300X pilots, and GovCloud talent.

If certifications + hyperscaler deal land (Amazon is the obvious candidate), Panther Creek could turn into one of the highest-margin AI data centers in North America.

Bitcoin mining may become the “side hustle”; AI cloud could be the real money printer.


TLDR:

Wayne Duso (ex-AWS GovCloud) joins Bitfarms → signaling FedRAMP/DoD ambitions.

Panther Creek (PA) could net $5–7M/MW/year, scaling to multi-B revenue.

Quebec pilot proves AMD MI300X racks = cheaper, more efficient vs. NVIDIA.

Talent + partners (James Bond, T5 Data Centers) strengthen the case.

Locations in PA + WA give Bitfarms strategic energy + fiber advantages.

Speculation but very plausible: Bitfarms is morphing from BTC miner → AI cloud Gov/DoD player.",223,1759191131.0,
1o07wkd,TLRY,"Q1 Earnings Thursday BMO (10/9)

More cash than debt

More trump posts on benefits of cannabis & CBD

Rescheduling leads to de scheduling, leading to federally legalized medical marijuana

SAFE regulated banking (schedule 3 dependent) for cannabis leads to profitability soaring overnight. Better interest rates, less taxes, and more tax write-offs for investments and expenses

Cannabis (Canadian & EU) is FCF positive (Largest market share in CAD & GER)

Craft beer & spirits will be FCF positive this quarter (4th largest craft brewery market share in the U.S.)

Wellness division is the worldwide leader in hemp infused natural products carried in Whole Foods, Sprouts, Target, Walmart, Amazon

Beverages growing at 36% YoY

International cannabis growing at 19%
YoY

Wellness (packaged food) growing at 10% YoY

Hi-Ball natural energy drinks growing at 50% YoY

Once rescheduling is confirmed, TLRY (grow facilities worldwide) will enter the
U.S. market with unrivaled supply and logistics 

Big pharmaceutical and big tobacco will come in w/ huge offers for exposure to the worldwide leader in cannabis

Some of you have been burned before, but TLRY is one dollar and change now.
Price and timing is everything. $30 PT",159,1759821091.0,
1ndfwkt,CHEWY Oversold on Solid Eearnings,"Dear Regards,

I'll keep it short. Check my earlier posts on WSB to see my trackrecord of picking stocks. My previous pick was Droneshield right before it went up by a multiple.

Right now I am long on CHEWY. The online animal food and animal pharmacy retailer that cultivates customer loyalty like no other. Look them up online, look up the reviews. You will find loads of extremely positive reviews and almost no negatives. Except from FedEx transporters that hate them because they have to ship so many Chewy packages. No joke.

And at the same time they match the prices of Amazon. Most of their customers use the auto shipping service. Meaning they are locked in, loyal customers with no reason to leave. Another plusside is that right now, their main focus is on the US and a bit on Canada. In time they plan to sell in Europe too. A lot of room to grow. 

Cons:

\- Their CEO and CFO take home too much compensation compared to the size of the company. 

\- They're slow on the EU expansion. It was announced in 2023, yet no concrete plan has been presented.

\- Their businessmodel of excellent customerservice is expensive and cannot be replaced by AI. So when others do replace more of their customer service with AI, they will have to squeeze their margins to stay competitive. However this may also convince people to buy from Chewy. Because AI customers service sucks.



I believe in their longterm potential and that the current price drop is a nice discount on the price.

Stock chart over the years: 

https://preview.redd.it/cthgkaemecof1.png?width=1075&format=png&auto=webp&s=3e00da645f04a3afecf297dffef2c47ab56fbfb4

  
One of my favorites, the PS Ratio:

https://preview.redd.it/r2zxa5j5fcof1.png?width=1086&format=png&auto=webp&s=013e0f8cbaffcd88e419486d0219b08ad1ad94de

  
Revenue TTM: 

Revenue increases steadily YOY. Yet the stock price does not. 

https://preview.redd.it/pflxhxoefcof1.png?width=1080&format=png&auto=webp&s=5d2141c65f1504ce3155fc47102dcb350d11a856

  
Net income:

They've been profitable since a few years.

https://preview.redd.it/c2dnlgvrfcof1.png?width=1094&format=png&auto=webp&s=04d17d790ff57724831096e306cf9e0f9265b32a

  
Disclaimer: No AI was used for this post.",159,1757514904.0,
1njcfnv,GOOG ONE-TRICK FREE MONEY BULL CASE,"Jpow might fuck us today so let me give you a generational buy opp. I've been picking up goog $GOOG on every dip, and i'm here to tell you why this shit is literally free money.

**POSITION: 75% OF MY PORT.**

# THE CORE

* **SEARCH & ADS (NOT A MONOPOLY KEK).**  This is the free-money printer.
* **THE WAR CHEST (CASH AND BUYBACKS)** They're sitting on **$100B+ IN CASH** making billions in interest. AND they're pumping their own stock with a **$70B BUYBACK** program.

# THE HYPER-GROWTH

* **GEMINI: #1 APP ON THE APPLE STORE.** Their model is already the best. Rumor is **Gemini 3.0 is going to eat even more ass**. They have the best photo editing, best video generation, and just bought windsurf. They are winning the AI race right now, and it's not even close. GPT5 worse than Gemini pro v2.5 lmaoooo.  Flash cost nothing and gemini will always offer this for free
   * ""**Transformers was one of research leadership. They gave the blueprint to the entire world in June 2017, and within 12-18 months, the entire AI industry, including Google itself, was building on it.**""
* **TPUs.** This is the hardware *literally built for LLMs* (which is half the stock market now).  They can start selling the shovels in a 20-trillion-dollar gold rush.
   * ""Google was using its own large-scale, custom AI hardware for two full years before its main competitor""
* **AI INCREASING MARGIN**  They're plugging this LLMS *directly into the ad engine* and this means higher margins on their main money-printer. They're using AI to make the printer go *faster*.
* **CLOUD** \- GCP is growing at **30%+ YOY** and is ripping market share straight from AWS and Azure. This is the growth engine.

# THE MOAT

* **YOUTUBE.** This is video, streaming, TV, *everything*. It's the most-watched platform in the world, and Shorts is knee-capping TikTok BY ORACLE
* **ANDROID + PLAY STORE :** hey own the OS for **70%+ of all phones on earth**. Every app, every in-game purchase Google gets a cut. Bless apple
* \*\*CHROME .\*\*They own the browser that literally everyone uses.  They literally PAY firefox to exist.
* **GOOGLE MAPS:** It's a monopoly. Every other app (Uber, Zillow) pays Google to use their maps. Plus, it's the front door for all local ads. They own navigation.
* **WORKSPACE (Gmail/Drive)** They own the productivity suite for half the planet, and now they're plugging Gemini right into it.
* **SEARCH-DATA:** Yes they know everything about you.  Yes they have the most data in the world

# THE MOONSHOTS

* **GOOGLE VENTURES (The In-House Degen Fund)**  Did you know Google is basically a VC fund?
   * **14% of ANTHROPIC** (Valuation $200B 🚀)
   * **8% of SPACEX** (Valuation $400B 🚀)
   * ...plus they free-rolled into **UBER** and **SLACK**.
* **WAYMO:** Self-driving cars. The private market says this bet has **4x'd since last year**. This is the future of transport.
* **DEEPMIND & ISOMORPHIC LABS:** This is the AlphaFold shit. They are using AI to discover new drugs and cure diseases. This alone is a multi-trillion-dollar lotto ticket.
* **VERILY** The life-sciences bet. This shit already raised **$3.5 BILLION**. It's only going up.
* **QUANTUM** This is the long-term bet. If this pays off, they win....and they will.

# THE ""OH YEAH, THEY OWN THAT TOO"" LIST

* **HARDWARE (Pixel, Nest, Home)**
* **INFRASTRUCTURE (Google Fiber, Voice)**
* **REAL ESTATE (The Landlord)** They own infinite prime-ass real estate. Chelsea Market in NYC? That's theirs.
* **CRYPTO:** Yes. They're building a L1.

TABLE GENERATED WITH GEMINI

    **Hypothetical Google (GOOGL) Price at Other Mag 7 P/E Ratios**
    *(Based on GOOGL TTM EPS of ~$9.48)*
    
    | Company   | Ticker | Approximate P/E Ratio | Hypothetical GOOGL Price (at $9.48 EPS) |
    
    | Meta      | META | 27.20  | $257.86 |
    | Amazon    | AMZN | 34.80  | $329.81 |
    | Apple     | AAPL | 36.03  | $341.56 |
    | Microsoft | MSFT | 37.16  | $352.28 |
    | Nvidia    | NVDA | 51.50  | $488.22 |
    | Tesla     | TSLA | 237.46 | $2,251.27 |

**TL;DR: THIS SHIT IS FREE. Buy the dip if JPOW fuck us**

DOWNLOAD GEMINI IT WROTE SOME OF THIS

DOYR. Not financial advice.  🚀🚀🚀",136,1758113862.0,
1o07crz,AMZN YOLO,"I gotta feeling…
Godspeed fellow regards!!",108,1759818994.0,
1nnwhd0,Doubling Down: $IREN $CIFR $GLXY 🚂💎🙌,"Follow-up on my original bet [here](https://www.reddit.com/r/wallstreetbets/comments/1niojyo/you_say_i_missed_the_train_i_say_the_train_is/). People told me to size smarter and grab longer-dated calls on $IREN, so I did. Also added some $GLXY to the mix.

Postion Before:

10k IREN  Nov Options

10k CIFR Jan Options

**My positions now:**

* **$IREN – $48k** (main conviction play)
* **$CIFR – $13k**
* **$GLXY – $7k**

# Why I’m in:

* These names are perfectly positioned for the **AI + Bitcoin + Datacenter** melt-up.
* If even *one* of them lands a big hyperscaler contract (Microsoft, Google, Amazon, w.e), it’s an instant **2x+**.
* My bet is on **$IREN** leading the pack. They’re scaling fast, and the “AI miner pivot” narrative is just starting.

# The Setup:

We’re heading into year-end with **AI mania + BTC halving narrative + risk-on rally** all converging. Once this sector catches another bid, people are going to be chasing hard.

If it goes right, I’m printing. If it goes wrong… well, let’s just say I’m riding this train until the wheels fall off. 🚂💥

**TL;DR:** Loaded heavy on $IREN, sprinkled $CIFR and $GLXY for exposure. Betting big that AI/crypto datacenter demand triggers a monster leg up before year end.",100,1758570298.0,
1nl4g6m,$TTD DD: The Tendie Desk,"If you’ve seen my last couple posts I’ve been pretty good at picking stocks near the bottom before a bull run. CRDO, NBIS, ENTG, GLXY and most recently MNDY which I did a DD on. The problem is I’m a regard and mismanaged all of them for a loss except MNDY, but I’m rolling those gains into what I present before you today: $TTD. 

TTD is an ad tech company that has received a series of aggressive prison beatings in the market on its way to becoming S&P 500’s worst performing stock of 2025. They act as the Don Draper of advertising, so if you’re a company that wants to advertise on platforms outside of the walled gardens you don’t call each company individually you call TTD and they help you find the best spots for your money across the channels they have access to. Most of TTD’s slide this year is in reaction to the walled gardens (GOOG, AMZN, META) getting bigger because TTD doesn’t have access to youtube, prime video and ig.

[Shanked by Google, jumped by Amazon, and left holding META's lunch tray. ](https://preview.redd.it/j4cdi2znn4qf1.png?width=1080&format=png&auto=webp&s=5a3a6bef7e1489a97126b63dca60e2c49fe2ff07)

They aren’t taking this lying down, TTD bought back $647 mil between the first two quarters of 25 and have $375 mil left to use under that approval. Buybacks like this are bc the c suite is either putting their dicks on the table and saying “we’re undervalued” or they want to cook the books and boost eps. I don’t care either way because I think they’ll buoy the share price at the 52 wk low. The fed cuts also boost valuation models making future earnings look better for a growth stock like TTD. 

The DOJ vs. Goog ad tech remedies case begins next week. Guilt for Goog has already been decided, this is now about how they will change their monopoly on digital advertising by controlling both the publisher and ad exchange. DOJ is pushing for a breakup of the stack, which would give TTD access to premium inventory and be a huge tailwind. Most of the c suite for TTD has testified at one point in this trial and the CEO said “TTD managed to win in an unfair market, imagine what we could do in a fair market”. Well I’m putting my $$ on CEO Jeff Green’s imaginings. 

[Got flamed last time for posting after my position was already up so this is hot off the press.](https://preview.redd.it/m6lu0fd3o4qf1.png?width=1080&format=png&auto=webp&s=7d54a33d6a6fbefca78b474a478c3e828bb6b776)

Final considerations are for their new AI tools and the possibility of M&A. Kokai and OpenPath will be fully launched by the end of this year, these are meaningful next gen innovations. Brands using Kokai so far have seen a 43% lower cost per household reach on ads and OpenPath has led to 39% bump in CTV revenue for clients like Vizio. If the remedies case forces Goog to make major changes, the rest of big tech could say fuck it and buy TTD given the current depressed valuation, giving better reach in the open internet and picking up a competitor. Big media like Disney or Roku could also integrate or partner to control supply path and reduce dependency, like what we just saw with Amazon and Netflix. 

Also incredibly small flyer chance TikTok’s walled garden is opened up in the US acquisition giving TTD further opportunity.",101,1758290591.0,
1nl8km0,Duolingo DD," Dear, Ladies, gentleman and degenerate market regards

I’ve been doing a deep dive into one particular public company called Duolingo. You might be saying “wtf the language learning app?”. Yes correct, that app with the green owl. A company can be selling dog food for all I care, but if the numbers and the narrative are good, I'm buying. That being said, Duolingo ($DUOL) is slowly presenting an amazing opportunity as the stock price continues to fall. Opportunities like this is how life changing wealth is made. When everyone is betting on the downfall, you take the other side of that trade and bet against them all. The risk to reward ratio on this is too good to ignore.

Would also like to mention, if you’re an ape who has been buying into the hype of palantir with a disgusting 600 PE ratio, so high that you might as well buy your local pizza shop thats makes 100k a year for 50 million, then duolingo should not be a problem for you to take a chance on.

**The Narrative**

The bubble has officially popped on Duolingo due to rising fears of competitors entering the market. The two main competitors as of right now are OPENAI, and the tech giant GOOGLE. People are discovering through OpenAi that you can create your own language learning game and are rumoring that people will no longer need duolingo. Google had also announced that they will be entering the language learning app space with google translator utilizing ai for live language conversion. Duolingo did also damage their PR by announcing they would be utilizing AI as well, which the public did not take lightly as they misunderstood it for replacing their employees with AI. Users also had reason to believe that AI will create poor quality content in comparison to having humans manually make the courses which may be true; however, if other companies are in the race utilizing AI for language learning, then Duolingo must compete. Those 3 narratives were enough to pop the bubble of duolingo as it has fallen from $542 to $282 as of today. Can the stock fall further? Yes it can, but it's one of those scenarios where you want it to.

The P/E ratio of Duolingo was over 300 at its peak on May 15th 2025. Yes the company was way overvalued at the time for a growth company, (a fair valuation for growth companies range between (40-80) however the company is consistently beating earnings expectations and their free cash flow continues to rise higher and higher. Today that P/E ratio has dropped to 122 and its price to sales ratio has dropped to 15:1. Yes those numbers still do seem high, but 

as their free cash flow continues to rise, that P/E ratio will drop into fair valuations. Understand that this company is growing on average 40% year over year. For those who don't understand, markets are always forward looking. The institutions and retail investors who are buying into this company are betting on the fact that the over valuation numbers will drop as they consistently report good earnings, revenue and forward guidance.

**The Bull Thesis**

So before being able to predict the future, you first need to look into the past where history doesn't always repeat itself, but it sure does rhyme. Take a look at the success of Netflix. Even when Amazon, Apple, Disney and Google (youtube) entered the space of video streaming, people thought Netflix would be in serious trouble. In 2011, Amazon announced that they would offer Amazon prime video for free with their subscription; while at the same time Netflix decided to increase their prices by 60%. 

Customers were furious and Netflix lost over 800 000 subscribers in 1 quarter. This resulted in their Free cash flow dropping from 59 million in quarter 2 of 2011, to 15 million in quarter 3 of 2011. Eventually their free cash flow did fall into the negatives and recovered in 2013 (you can see how the stock follows that on the charts).

**The Moat**

There is no moat. Just branding. “How is this bullish?” Well lets think, what’s Spotify's moat? What about Netflix? Literally just branding is the moat, so people who think duolingo’s demise is due to a lack of a business moat are delusional. It’s like saying in the year 2000, “why would anyone buy into amazon when anyone can make a website and sell books?” fucking regards. 

**User Experience**

When you look at music streaming services, spotify ($SPOT) was the first to the game publicly. Eventually, Apple, Google (youtube), Amazon and about 20 other music streaming platforms nobody gives a fuck about had entered the game. Yet to this day, spotify is what’s most popular among them all taking 36% of the music streaming market. Why? User experience is the answer. The spotify platform itself is what carries them and separates them from the rest for both artists and customers. 

**The Brand**

The infamous green owl logo is famous across the world. Duolingo is a world wide icon for language learning. When people hear that “ding\* sound completing a duolingo game, everyone knows instantly that it's duolingo. When people ask about learning another language, they instantly point people in the direction of duolingo. It's literally the rank #13 app on the app store for apple and on the front page of “essential apps.”

	When people talk to each other about music they ask “what's you’re spotify?” Nobody asks whats your “apple music, amazon music or youtube music”

	When your wife’s boyfriend is asking her to come over and watch a movie, he says “netflix and chill” NOT “amazon prime, disney, or apple tv and chill?” the fuck?

I'm listing these examples, because they all have a subscription business model just like duolingo. That being said, duolingo’s subscription model is actually better than theirs.

**Business Model**

Ad revenue and subscriptions, that's it. People pay a yearly subscription for their ability to learn new languages which has been proven to be more effective and enjoyable than any other method through gamification. You got kids who are using this damn app in school, recommended by their teachers and you have parents buying it for their kids. Lets not forget that this company is now going to expand out of just language learning as they have included learning subjects like music, math and chess. 

Wait? Chess? Wtf? 

Yes that's exactly what I'm thinking, but if you look beyond that, Duolingo is expanding to hit the whole education market. Why pay for chess lessons from elsewhere when you can get it on duolingo with 100+ additional learning courses. Ideally, duolingo is expanding into a whole education platform, more directed towards the youth for everything. I wouldn't be surprised if they included courses like science, finance, health etc…

	They have utilized AI in addition to help the teachers/course makers create new courses at a very accelerated pace. Their first 100 courses took them 12 years. Now with AI, they are generating 153 new courses in 1 year.

	There is NO FRICTION.

* No governments/regulations trying to stop this
* No maintenance on their assets (courses)
* No real competition in user experience

All they have to do is create a great product (a course), add it into their catalog of other courses that comes with the subscription. The more they add, the more incentive there is to go with duolingo instead of buying learning programs elsewhere.

**The Bear Thesis**

Go fuck yourself?

On a serious note, looking at Google live translation app which they offer for free; it does seem to be very reliable, but strictly for translating. They claim to be offering language learning practice tools on their google translate app which would be free. Not to mention, there are already over 1 billion downloads of google translate. Comparing it to Duolingo, yes both of them are free, however; google has not announced whether they would  put a pay wall behind learning/using their practice tool. However what google is missing in comparison to Duolingo secret formula of success would be gamification. 

If the companies continues to show slower growth, or continues to show a decline in active user for the few quarters; well then, we’re fucked. But as of right now, the decline in free cash flow from last quarter to this isn’t ""catastrophic,"" but rather a typical overreaction to the narrative. 

**External Risks**

Rising interest rates. Lets be real, trump is calling for lower interest rates but obviously Jerome Powell doesn't want to follow through with it. In the long term event that they can’t afford to lower rates but rather might  increase rates; the broad market does face the risk of a downturn just like in 2022-2023, which of course would most likely add more downward pressure to the stock and market as a whole.

Another external risk that may present itself is a massive bull market in gold, and extreme volatility in government bond markets, more specifically the 10 year yield bonds. For those who don't understand, a massive bull market in gold has always signaled warning signs that something is about to break in the financial system, because gold has always been considered the safe haven asset. Extreme volatility in bond markets signal panic when the yields spread too far apart from the benchmark rate of the federal reserve, which stands at 4.25 as of right now.

Cash from Operations

2025(Q2)       2025(Q1)       2024(Q4)       2024(Q3)      (2024)Q2     2024(Q1)      2023(Q4)

||
||
|90.675M|105.631M|83.344M|56.267M|62.388M|83.514M|49.214M||

Capital expenditures

||
||
|\-4.351M|\-2.619M|\-2.44M|\-5.023M|\-8.656M|\-5.021M|\-4.184M|

Free cash flow = cash from operations - capital expenditures.

Notice how their free cash flow keeps on rising? Notice how free cash flow has dropped in Q2 compared to Q1 of 2025? That small decline in free cash flow, paired with the narrative of the company's demise in the future has resulted in a crash from $542 to $282. Let me tell you right now, if this company reports an increase in free cash flow in the next few earnings calls; Not only can the narrative change from negative to positive, this stock can very well turn around and go bullish very fast. 

**The Numbers (QUARTER OVER QUARTER) (2024/2025)**

**Shares outstanding**: 45.6 million (Plenty of room for future stock splits)

**Beta(TTM)**: 1.7 (over the past trailing twelve months, the company moves 1.7x more volatile than the Nasdaq)

**Revenue growth QoQ**: 41%

**Subscription growth QoQ**: 46% 

**Free Cash flow growth QoQ**: 61%

||
||
|**(in millions)**|**Q2 2024**|**Q2 2025**|**YoY**|
|**User Metrics**||||
|Monthly active users (MAUs)|103.6|128.3|**24%**|
|Daily active users (DAUs)|34.1|47.7|**40%**|
|Paid subscribers (period end)|8.0|10.9|**37%**|
|**Operating Metrics**||||
|Subscription bookings|$156.5|$227.3|**45%**|
|Total bookings|$190.1|$268.0|41%|
|**GAAP Financial Measures**||||
|Revenues|$178.3|$252.3|**41%**|
|Subscription revenues|$143.9|$210.7|**46%**|
|Gross profit|$131.0|$182.6|39%|
|Gross margin (%)|73.4%|72.4%|\~(1) pts|
|Net income|$24.4|$44.8|84%|
|Net cash from operating activities|$62.4|$90.7|45%|
|**Non-GAAP Financial Measures**||||
|Adjusted EBITDA|$48.1|$78.7|64%|
|Adjusted EBITDA margin|27.0%|31.2%|\~4 pts|
|Free cash flow|$53.7|$86.3|**61%**|
|Free cash flow margin|30.1%|34.2%|\~4 pts|

The stock price of Duolingo hovering at $270 is basically assuming the company’s growth over the next 5 years would only be at about 25%. If you take a look at the numbers above, the only thing that's under 25% are the monthly active users. The Company is projecting on its forward guidance about 35% YoY growth; which means the stock price is falling towards undervalued territory. The company has been growing at about 45% annually over the past 5 years, so yes a 35% growth on forward guidance does signal a decline in growth. But if you want to take the contrarian approach to the company, believing that AI will accelerate the growth of the company and Google means fuck all; this would be an amazing buying opportunity. 

P.S -This is not financial advice, I'm not a financial advisor. This is just my opinion on my projections of this company's stock price. If you buy high, panic, then sell low, too bad, sucks for you. Would recommend buying and holding the stock as we don't know how long this negative narrative will play out. (maybe **WRITING** covered calls OTM for a passive income) If you're a regard and you choose to gamble your life savings **Buying** OTM call options, good luck.

https://preview.redd.it/8jy1qbkig5qf1.png?width=1148&format=png&auto=webp&s=fa02e88ce375e98ba727a56a9753288d18a20ce0

  
",56,1758299992.0,
1o0gw6w,DD for Games Workshop (Warhammer),"*No ChatGPTs were killed in the making of this, my first DD. This is chiefly for UK investors but I think it's a decent stock for internationals too.*

**Ticker:** GAW/[GMWKF](https://finance.yahoo.com/quote/GMWKF/)/GMWKY  
**Market Cap:** 4.72 billion GBP, or 6.35 billion USD  
**Revenue:** 617.5 million (reported June 1, up 17.46% yoy). 828.9m USD.  
**EPS:** 7.99  
**Why I'm Bullish:** 

**- Growth Potential from TV**  
Warhammer and Amazon have agreed to move ahead with a TV show based on the Warhammer franchise. In Dec '22 the deal was made, in Dec '23 they announced they had settled creative differences and locked in the deal, in Dec '24 Henry Cavill (obviously) announced via socials and interviews that the project was moving forwards, and that he would be acting and producing. It's now apparently still moving forward, though firm news may still be some time away. [Source](https://www.ign.com/articles/games-workshop-says-its-contract-with-amazon-prevents-it-from-revealing-any-details-on-the-warhammer-40000-cinematic-universe-but-shares-promising-sounding-update-on-scope-and-scale)   
If this happens (and lots of money has already gone into it) then it could significantly expand the earning power of the already popular franchise in a similar style to Game of Thrones or even, dare I say it, the LOTR movies. That's a long shot and it will be some time away if it ever happens, but the potential is there, and if we start getting news, then the vibes-based market will push the price up fast. Major expansion opportunity.

**- GAW is also a good hedge; it's profitable; it pays dividends**  
Everyone ursine expects a market dump at some point, but GAW's not some shitty SPAC that will lose 80% of its value overnight. This is a very profitable company that offers a decent dividend (2.4%) paid quarterly. As a UK company it also offers some protection against fluctuations in the value of the USD that most of us have 90% of our money wrapped up in. Just in case the market comes to its senses at some point in the future, maybe. Eh, it probably won't.

**- Growth Potential in General**  
Warhammer has expanded in popularity steadily. This is a google trends search for the term over the last ten years:

https://preview.redd.it/n7kyryau8ptf1.png?width=2885&format=png&auto=webp&s=68eb0a436022c2ab552d2e3d758bb356a53c5d30

It's almost at peak popularity right now, and it's been expanding out into novels, comics, and the aforementioned tv show/film. The franchise had a crossover with MTG, too.  
  
**- Current Dip / Insider Buying**  
It's a good time to buy, relatively speaking. The stock recently hit ATH of 166.42 GBP, and has since dipped to 143.90. This dip is apparently based on profit-taking, not some fundamental problem (unless it's one which has yet to be announced). If there is some problem, then CEO Kevin Rountree is unaware of it, as this year he purchased 381k worth of stock at a price of 163 a share. The stock is currently at 143.  
  
\- **Downsides**  
Well, there's the distinct risk of the Amazon deal falling through, and the stock is slightly pricey without it in traditional terms. It also probably won't double overnight, it's a long-term hold which offers steady returns, if that's what you're into. If Russia nukes England then it'll be worthless, I guess. UK companies typically grow slower than US (although GAW has had very decent growth over a number of years). That's all I've got, but I'm sure someone will come up with some more in the comments.

**TLDR**

Little toy orcs are cool, and so is Henry Cavill. Insiders are buying, the stock is very profitable, and they're trying to expand their market through TV and film. There's also a dividend so you can get some useless crumpet money every three months.

  
**Positions**

I started buying at 114 and haven't stopped since, currently have a little over 10k USD of my wife's hard-earned money invested. Hopefully she will not become the next Nana of WSB.

https://preview.redd.it/kzcv2wkicptf1.png?width=1080&format=png&auto=webp&s=cdc692d9c6f97885b45ffdd1fcec9bf0cf7c6cd8

",27,1759848581.0,
1nx5s3w,63.5K YOLO — Amazon 2X Leverage,,31,1759513102.0,
1nzorms,Jeff pleaseeeee make this stock move an inch,,17,1759770068.0,
1nzjyb1,GRAB a friend… $50K Options bet,"Holding some cash cause it didn’t get filled at the price I wanted. Like Amazon this is just a riskier bet, could see some OKLO, RGTI, RKLB movement. High growth company!!",18,1759759423.0,
1o3inbq,"$2,200,000 loss in one week! Thanks Google!","Well here is some loss porn for you all. 

My previous post was taking $10,000 to $1,500,000 in 5 months from April 3rd to September 3rd. 

Well I took that $1,500,000 to $3,800,000 peak this week on Monday. 

LOSS PORN: $3,800,000 to $1,600,000 in 4 days. 

Let’s see what Monday brings boys. Have a great weekend behind Wendy’s!

Positions: 4000 contracts of 255 Google calls 10/31 and 900 contracts of 260 calls Apple 10/31. 

Godspeed fellow regards. This is not financial advice. I don’t have money to give you nor good advice. Play at your own risk. 


",3252,1760145279.0,
1o2ccdq,Did someone say 60000%?,660€ costbasis,1638,1760031203.0,
1nimsa7,All in on GOOG,"Google should be worth as much as Apple if not more yet Apple market cap is a half trillion more. Every human being on the planet with internet uses a Google service, can’t say the same about Apple. Leggo",1609,1758041258.0,
1nv93we,I did it again,"Hello, it’s ya boy… you know the one from last week with Apple 10/17 calls, the one who didnt understand “Fuck you” 
Yeah… well now I do! I bought more LLY calls with my apple gains at 8$ watched it go to 2$ and bought 6k more
Anyways long term calls and getting lucky is the way!",968,1759327488.0,
1o2zf8d,"[DD] RDDT $2.3M Full Family Port Yolo - BTFD, Betting The Family Dynasty","**TL;DR:** This selloff wasn't based on reduced ChatGPT citations. It was linked to political news (**Charlie Kirk** **RIP** → **Revenge of the 🌈 Bears** → **""Antifun""** (I don't want to end up on the FBI watchlist) **Terrorist Executive Order** → **Congressional hearing postponed** → **🌈 Bears cover before earnings** → **2x Fed rate cuts** → **December S&P 500 inclusion** → **Dynasty**).

As a redditor of 16 years, I decided to cash in my years of redditing by full porting not only my account but my parents' as well into RDDT after having completely missed the 2024 rally. From the peak at $282, I expected a ""moderate"" pullback of 15% but was kicked in the balls with a 30% drawdown, wiping out $1mil in profits. Dad calls me asking me, should we should sell? I tell him, no, we buy more, and so we did.

Despite all the price target raises to $300, PT reiterates at $300, talks of negotiating a new AI deal with Google, high likelihood of settling with Anthropic in mediation, massive earnings beat, and guidance raise far beyond what the Street was expecting, RDDT continued to sell off far beyond a normal range when the rest of the market was continuing to rip to new ATHs day after day. The reduced ChatGPT citation news then came out of nowhere and dropped RDDT another 15% despite having already corrected 15% from the peak. And over the past few days, RDDT continued on the struggle bus with the market ripping.

Something felt off. And so, I decided to add some *wrinkles* to my smoothe brain.



# 🧠 What My Smoothe Brain Thought Was the 🌈 Bear Case

* **“RDDT was overbought.”** *Sure, the stock had run up a lot (relative strength was high). A cooldown was expected. This might explain a* ***normal*** *correction, but not a 30% crash on high volume. Even the 0 revenue quantum stocks hasn't corrected this much in this rate cutting cycle environment.*
* **Decrease in DAU** on sites like Semrush:
   * *Google eliminated the num=100 parameter which broke search result tracking sites and resulted in web traffic drops across all sites.* [Citizens](https://markets.financialcontent.com/stocks/article/marketminute-2025-10-3-reddit-rebounds-analysts-dismiss-ai-fears-as-data-licensing-and-ad-growth-drive-optimism) *even pointed this out in their report, but still no sustainable bounce.*
* **ChatGPT reduction in citations**:
   * [Sam Altman directly/indirectly owns 8.7% of RDDT](https://www.cnbc.com/2024/10/29/sam-altmans-reddit-stake-now-worth-over-1-billion-after-earnings-pop.html)*, so a complete reversal of his opinion on reddit seemed unlikely to me, unlike what several headlines and analysts suggested.*
   * *ChatGPT citations alone don't bring that much traffic to reddit and only account for 5% of RDDT's revenue, so another 15% drop seemed too much especially in the context of a* [new deal being negotiated with Google](https://www.investors.com/news/technology/reddit-stock-ai-deal-google-openai/)*. OpenAI doesn't want Google to have a monopoly relationship over reddit like it does with* [Apple](https://www.barrons.com/articles/apple-stock-price-google-search-trial-774f4774?gaa_at=eafs&gaa_n=ASWzDAi2Aepz4YfkUzHlyW43XKFw5jYgLonf0RqC-XMCO1XblHovzKcMOxODMv7rkOY%3D&gaa_ts=68e8ec3f&gaa_sig=aoxKHEAywLIAKYAhJQLXOxevRchLEJ2gA5pO3e7p5VMHy7uJWtgMMSjRJ6U0IHEz5ppiUJPdvwSLlSbFSJdOUQ%3D%3D)*.*
   * *We all learned in high school not to cite Wikipedia, but we still use it because it's useful. Imagine our teachers' faces when reddit comments were being cited by ChatGPT as primary sources. Just because reddit isn't cited, doesn't mean it's not being used at all.*

This entire selloff just seemed too much for RDDT to drop after such stellar earnings and even stronger guidance in this environment where the [MEME ETF ](https://finance.yahoo.com/news/meme-stock-resurgence-prompts-return-184355645.html)returned from the grave and ARKK is up 61% YTD. It just didn't make sense.

This was when my smoothe brain formed its first wrinkle. I then remembered there was a non-sense hearing scheduled for 10:00am on Oct. 8 which I ignored the first time around. It sounded like it'd be a meme hearing when I imagined u/spez, Gaben, Discord, and Twitch testifying in front of Congress. I also figured out it wasn't going to happen due to the government shutdown as this was the most non-essential government hearing that I've ever heard of.

Despite all this, RDDT continued to dump 5% and on Oct. 8 right at 10:00am on the day of the originally scheduled hearing when it was clear the hearing was postponed, RDDT bounced. I thought to myself, did we actually bounce because the hearing was canceled. **Then it clicked. My second wrinkle** popped into existence. I downed my Red Bulls and put together this timeline.



# 🕓Timeline of Events

* 9/4: [Nepal bans](https://cpj.org/2025/09/nepal-orders-ban-on-major-social-media-platforms/) 26 social media platforms
* 9/7: Reddit announces it is [sunsetting public chats](https://support.reddithelp.com/hc/en-us/articles/41918962981908-Changelog-October-7-2025)
* 9/8: Start of Nepalese Gen Z [protests organized over Discord](https://www.newsweek.com/morocco-nepal-gen-z-is-using-discord-rise-up-10821410)
* 9/9 Nepalese Gen Z protesters [burned alive](https://www.newsweek.com/wife-ex-nepali-prime-minister-burnt-alive-parliament-set-fire-live-updates-2126979) the Prime Minister of Nepal's wife
* 9/10: RIP Charlie Kirk. Promptwatch notices a big drop-off on ChatGPT reddit citations.
* 9/17: Reddit, Discord, Twitch, Steam invited to [testify in Congress](https://oversight.house.gov/release/chairman-comer-invites-ceos-of-discord-steam-twitch-and-reddit-to-testify-on-radicalization-of-online-forum-users/) on the radicalization of youth. Massive swings on this day.
* 9/18: RDDT peaks at $283
* 9/19-9/21: RDDT starts a seemingly healthy correction
* 9/22: Trump declares ""[Antifun](https://www.whitehouse.gov/presidential-actions/2025/09/designating-antifa-as-a-domestic-terrorist-organization/)"" a foreign terrorist organization
* 9/23: RDDT drops another 7.8% and closes at $237.45
* 9/29-10/1: RDDT drops from $245 to $202.60 while the rest of the market was breaking to new ATH
* 10/8: RDDT bottoms out at 195.01 at 10:30am, 30 minutes after the originally scheduled 10:00am hearing. ""Antifun"" round table discussion led by Trump and other Republicans discuss.
* 10/9: RDDT breaks out of the bull flag and begins its road to recovery



# 🤯From Smoothe Brain to Wrinkley Brain

After putting together this timeline and matching it up against the way RDDT has been moving over the past 3 weeks, everything made so much more sense. There were enough examples of global radicalism linked to social media, to the point it spooked bulls.

The smart money took profits and the **🌈** Bears shorted RDDT bigly, betting that u/spez would be crucified at the hearing. At the hearing, **Spez would be in a lose/lose situation** where his only option would be to confirm that reddit does not allow doxxing, bans users who threaten violence, etc. and **agree to do whatever the Congressional circus** demands him to do, otherwise, **they would threaten to remove reddit's** [**Section 230 immunity**](https://www.congress.gov/crs-product/R46751) which would **result in reddit being liable** as a publisher for what redditors post. **A death sentence ☠️ for reddit and all social media companies**.

This would of course be perceived by redditors as a capitulating on free speech, and I'm sure many redditors would threaten to leave. Spez also can't pull a Zuck and donate to Trump as this would piss off most redditors even more.

The concession I speculate Spez made was by proactively sunsetting of public chats. While I find this feature is helpful at times for subreddits like r/redditstock, I don't use it much personally but I know other redditors love it. What I can see happening is bad actors using it for nefarious purposes. It wouldn't surprise me if there may have been a few ""Antifun"" individuals who abused this community function which resulted in getting this feature disabled for everyone.

In the context of these outbreaks of violence with social media being used by bad actors, I speculate that Sam Altman, an 8.7% shareholder of RDDT and former reddit CEO of 4 days, may have expedited an update to reduce reddit citations given that only a month prior, reddit was frequently cited making up 41% of LLM citations. Or this was pure coincidence but the timing just seemed a bit sus. Either way, Altman wouldn't want to risk being on Trump's shitlist and risk Trump accusing ChatGPT of being woke due to a high citation percentage of reddit. That would risk development of Star Gate.

What I completely disagree with is commentary from some analysts who argued that reddit data and OpenAI's relationship with reddit is any less valuable after this change. Reddit is incredibly valuable for sentiment analysis and for verifying if a product with thousands of 5 star reviews is actually legitimate. Like random ass Chinese bluetooth headphones from Xyrbx with a 4.95 rating and over 3,000 reviews. Reddit sentiment analysis would easily flag that as being fake af.



# 🔬Testing My Theory

If my interpretation of the timeline holds true, I thought that one way to test this is to see how META moved during this time, even though they weren't invited for the hearing. And look, META and RDDT's movement look quite similar. The major risk to all social media companies is if Trump were to threaten the removal of Section 230 immunity . But with the ""Antifun"" terrorist designation, well, that causes an even bigger problem for all social media companies.

AMZN (Twitch/Hassan Piker) and NFLX (streaming service of Money Heist which popularized the song Bella Ciao which was declared to be the anthem of ""Antifun"") also moved similarly to RDDT and META since September. All 4 stocks started to recover yesterday as I believe ""Antifun"" short covering started.

And if there was a lot of fear with civil uprisings, I thought, why not look into opening up a trade in guns and gold if you have govenment topplings happen. Gun stocks are up 30% from September, and GLD is at the moon. So yes, there was a clear systematic trade that bet on all this and those trades are reversing.



# 💎💰🚀The Trade Thesis

The **🌈** Bears positioned for an Oct 8 hearing without realizing that the hearing was postponed due to the government shutdown. After seeing that the ""Antifun"" roundtable didn't trigger a full on collapse below yesterday's support, this signaled that the ""Antifun"" trade bottomed out and the covering started. Options flow yesterday showed a lot of puts being sold and the return of 🐂🐳Bull whales with **$7.5M** in **210 and 220 strike June 2027 calls** which sparked a lot more call buying and confirmation of the bull flag breakout.

There are still a lot more **🌈** Bears who haven't made this ""Antifun"" short connection and still think all of this is related to RDDT being a meme, is no longer useful to AI, and will miss on earnings. They're about to get blown out as **Polymarket puts the shutdown ending after 10/15 at 85% odds**. RDDT earnings is on Oct 30, so there is only a limited window for the hearing to be scheduled before earnings. I actually see **RDDT as a hedge for a prolonged shutdown** as this just delays the upcoming hearing.

With \~16-18% short interest, RDDT's tiny float, and an earnings blackout period coming up, the time is now to give the **🌈** Bears a new gap. With an expected earnings blow out and the hearing having already been priced in, I think we'll break to new ATHs post earnings. I do expect a moderate pullback once the hearing is officially rescheduled but view the hearing as a buy the news event.

After a new ATH and 2 back-to-back rate cuts, this would make RDDT a top contender for S&P 500 inclusion in the December S&P 500 balancing. RDDT was skipped in September despite the 4 consecutive quarters of profit. Just look at how APP and HOOD ripped after the inclusion. Except this would be during the Santa Claus rally and complete index rebalancing in the last trading day of December. 🚀🚀🚀

# 😶‍🌫️Conclusion - Make Money Doing What You Love

There isn't a more wrinkle-brain move than to make millions from my 16 years of redditing. If you've reached the end of this post, ask yourself. What compelled you to read through to the end? Maybe, just maybe, you can add some wrinkles to your brain and make money doing what you love. [BECAUSE I FUCKING LOVE REDDIT. I'M NEVER GETTING OFF OF REDDIT.](https://youtube.com/shorts/E3hy6HGm2wo?si=xNc5_z8Kh2ZOJRec)",755,1760099015.0,
1ntp1z6,$1.7M INTC bet for NANA,"TLDR: 

Trump will rig $INTC to go up, forcing companies to partner with them and build their foundry business, for national security and his pride.  


INTC has a trump put, if he sees the stock starting to struggle, he will manipulate it back up.  It’s embarrassing for him to buy a stock with the governments money and watch it go down, especially since he’s known as a business man.  A lot of bad press will occur.

WSJ Reports that the Trump Admin has committed to help intel “find new customers to bolster the foundry business”$TSM is at $1T vs $INTC $150b, a lot of room to runA single meaningfully 14a foundry contract by Apple, xAI, open ai, etc will send INTC up 30%+ overnight.  Why would these companies not at least baby commit to this, to appease trump and get favorable treatment in the future?The US is the most powerful country in the world, and to have that in your back pocket of a company is a scary cheat code.  US takes their national security seriously, and they will insure Intel wins.

Reasons for it to go down

Trump announces he doesn’t care about onshoring US semi manufacturing anymore and shifts policy to globalist mentality and allows free trade of semis

US sells 10% stake in INTC

Reasons for it to go up

Announcement of new investor

Announcement of big company supporting intel 
with orders to appease trump

US policy announced about onshoring more US semi manufacturing

Really big call option flow on INTC, a lot
of bets placed in last 2 weeks on calls. ",740,1759168633.0,
1nnoawe,Best trade of my life,Bought Apple Calls July 31st when it was 203$ a share on the hopes on them being too big and smart to get hit by tariffs as well as their AI program getting better,687,1758552015.0,
1nrg8bo,Apple a day keeps the doctor away,"You don’t need to go full regard with options, but semi-regard with margin on a quality safe stock and still make some good gains.

I sleep a lot better knowing time decay won’t screw me like options. I have all the time in the world other than paying margin interest (current = 8%).

Apple is 30% margin requirement ($57k equity = $189k exposure)
Apple 2x ETF is 50% margin requirement ($410k equity = $821k exposure)

Both requirements up until a $500k position, which anything above $500k is 100% margin requirement.

In summary, I am borrowing $542k, paying 8% or $43k interest over a year.",320,1758929314.0,
1ng2qrk,In 5 days i gained back 9 months of losses.,"That pump mid chart was April 8th-9th. Got lucky with NVDA and SPY puts for liberation day, then on the 9th I got in midway on apple calls for about 2k. Proceeded to lose big from either buying in at a bad time and selling for a loss, buying and it going in the wrong direction immediately, holding out on hope for the next day to crush me, being greedy wanting more profits and watching it all fall. All those reasons led to that bottom point on september 4th.

This past 2 weeks I got luckier than all fuck on my option picks. Wish I held the oracle calls but the euphoria of going from being over leveraged by 1k, (hence why my account reads into the negative after pulling out my money) to earning 15k in 7 trading days. I took out 12k, and bought myself essentially a free trip next weekend. 11k in the savings, 3k on OPEN 13C for 9/26, which i sold some already for a profit. 

My next goal is to get to -50% on my All time chart. But thats after I upgrade my life.",251,1757782981.0,
1npn2rh,Watch Intel Said to Approach Apple About Securing Investment - Bloomberg,"Jump in fellow regards.

Thank you nana 

",161,1758745660.0,
1nluat8,"Apple Calls, it was a nice play one of my longest plays",,109,1758362777.0,
1ng3z8f,Apple and IPhone launch,"I was bearish and bought 20 230P for Fri Sept 19 because of the negative sentiment generated from the big new lineup reveal earlier this week.  I am thinking to load up on calls 2 or 3 weeks out instead because of the parabolic pre-order numbers coming out of China even with the Air delay... I have a feeling that North American numbers are going to be stupid high too and shift the haters to join the pack... 

Apparently in one minute China pre-orders surpassed the last iphones pre orders on first 24 hours... if this is real then APPL may just crush this quarter harder than we have ever seen.

https://finance.yahoo.com/news/chinese-pre-orders-apples-iphone-093000782.html

",109,1757785851.0,
1nvs275,Apple tables Vision Pro sequel to pursue smart glasses: report,"Apple has tabled its efforts to produce a follow-up to its Vision Pro headset in favor of developing a new line of smart glasses powered by artificial intelligence, according to Bloomberg.

The Cupertino company has moved staff from working on its new, lighter and cheaper Vision Pro to focus on its smart glasses, which would be similar to those offered by Meta Platforms, the report said, citing people close to the issue. Apple engineers are working on at least two types of the smart glasses. One is being crafted to be paired with an iPhone and will lack its own display. This could be revealed as soon as 2026. The other version will contain a display similar to the recently released Meta Ray-Ban Display.

Apple's smart glasses are expected to utilize voice interaction and AI capabilities, the report said. It would also rely on an upgraded Siri, which is projected for a March release at the earliest. They would also feature a much lower price tag than the Vision Pro, which started at $3,499.

Meta released its Meta Ray-Ban Display smart glasses on Tuesday, Sept. 30. They start at $799 and feature the Meta Neural Band. The AI-powered glasses allow users to ""interact with digital content while staying fully present in the physical world.""",74,1759372549.0,
1nddyqw,$CRWV DD - CoreWeave is Low Balling Their Year End Guide by 22%-40% while $NBIS Has their Microsoft Deal Already Max Priced for 2025,"Contracts are nice but there is a major caveat -- How much can you actually scale to realize those revenues. Now, I am fully disclosing upfront that I expect NBIS to run a lot higher from here. I may be wrong but that's what I expect and that's my bet.

Still, Nebius trades at a premium when it comes to CoreWeave based on core cloud revenues. The price to annual recurring revenue is quite telling.

**Cloud revenue ratio**

* Metric | Q2 CRWV | Q2 NBIS | Ratio
* Cloud rev | $1.213B | $105.1M | \~11.5–12×

**Run-rate valuation (apples-to-apples)**

* Company | Market cap (we’re using: CRWV $48B; NBIS $22.9B) | ARR (cloud) | P/ARR
* CRWV | 48B | \~$4.85B | \~9.9×
* NBIS | 22.9B | \~$0.43B | \~53×

To be fair, post IPO lock-up there has been selling by insiders for CoreWeave that have had their share for a very long time. The disparity of the P/ARR is most likely due to that and not the debt financing. Sure people rail on that because they have nothing better to due but I assure you when the selling stops this stock will pop. Selling as of now is a momentum killer for CoreWeave.

With that being said, there is a reality and to me that reality is grounded by one fact alone. How much MegaWatts of power can you stand-up by end-of-year. Then to normalize that we can take current Q2 known revenues and apply them to what we know as being current standing powered shells or MW's.

It doesn't matter what the contracts are that are put into the backlog the game here is what can you actually bring online in terms of actively running powered shells. Literally the contracts are written this way. You don't come online-no pay, no delivered throughput of GPU'S - you don't get paid. If it's bad enough you can lose the entire contract.

Now, I am not totally sure what Nebius's current standing powered shell capacity is in terms of MW's but I am estimating somewhere between 40 - 55 current MW's. Remember the NJ Vineland rollout, which Microsoft just contracted to, is for that facility. If someone knows of another one please let me know. As of now, it's phase 1 2025 \~100 MW and phase 2 2026 \~100 MW although it is said can expand up to 300-MW and perhaps there will be great motivation for this. After all, Mark Zuckerberg did say he was putting up GPU tent cities.

The last thing before we get into graphs and figures. You'll begin to question the Microsoft contract for Nebius and how they will actually be able to achieve that without perhaps rolling into capacity handovers to CoreWeave or others just to buy them more time perhaps. Meaning, $17 billion can't possibly be a revenue for Nebius recognized in their quarters for probably 3 years or more.

This would be the major analyst question on upcoming Nebius calls that I want to hear the answer too. 100,200,300 MW isn't going to bring in more than what you are kind of guiding to on the top end of 2026 at 200 MW \~$500 - $700 M quarterly revenues by end of 2026. Surely that is not coming anywhere close in 2025. The contract is through 2031 but if they want to realize more of that revenue now then they are going to have to hurry and build and procure power as fast as humanly possible.

Again, this is a bit of an advantage for CoreWeave because they have so many data centers up and running and so many more coming online even in this year.

**NBIS NJ Vineland rollout and corresponding MSFT contract**

* Phase | Year | MW | Notes
* Phase 1 | 2025 | \~100 | contracted
* Phase 2 | 2026 | \~100 | contracted
* Expandable | Future | up to 300 | site design cap

**Baseline inputs of revenue generated per known MW's**

* Company | Q2 cloud rev | Active MW (Q2) | $/MW/qtr
* CRWV | $1.213B | \~470 | \~$2.58M
* NBIS | $105.1M | \~40–55 (use 50 midpoint) | \~$2.10M (range \~$1.91–2.63M)

https://preview.redd.it/5pcgvchk4cof1.png?width=2616&format=png&auto=webp&s=0ddfce7ea4f21947704c643845420b095a1eb2c7

So now that we have a normalized Revenue per MW or R / MW now we can analyze our second graph in earnest. For the Year-End-2025 this is where each company would be for their respective MegaWatt online completions.

Simply, CoreWeave is expected / guided to bring online > 900 MW of total power active YE'25 and Nebius is expected to bring on \~100 MW of total power active YE'25.

**YE’25 MW & implied Q4 cloud revenue**

* Company | YE MW target | Low/Mid/High $/MW | Implied Q4 rev
* (CRWV: >900 MW; NBIS: \~100 MW)

https://preview.redd.it/ddmwt45o4cof1.png?width=2856&format=png&auto=webp&s=969a0198016c211b09af93d70da0a04a7dd3888b

Now what's interesting here is that one has guided to the top and one has low balled to the bottom.

If you use the $1.91 - $2.63M for Nebius you would assume on 100 MW of year-end power they would be at a Q4 revenue projection of $.19B - $.263B and their corresponding guide is $.225-$.275B per quarter. That is right in line and a little higher even for the maxed out scale of 100 MW by ye'25.

On the other hand, CoreWeave has a 22%(top)-40%(bottom) upside on their current ranged guide. So if we're tracking that's a massive whisper number that if they meaningfully bring more than 900 MW online we could see some pretty wild beats on the earnings heading into 2026.

* **CoreWeave:** Our implied **Q4 ≈ $2.32B**/qtr vs. guidance: **Q3 $1.26–$1.30B** and FY’25 **$5.15–$5.35B**, which implies **Q4 need ≈ $1.66–$1.90B**. So our figure is **\~22–40% above** the guidance-implied Q4.
* **Nebius:** Our implied **Q4 ≈ $0.19–$0.26B**/qtr vs. YE’25 **ARR guidance $0.9–$1.1B** (**≈$0.225–$0.275B per quarter**). So our figure is **within or just below** their guided band.

Visually this is what CoreWeave's surprise guides may yield.

https://preview.redd.it/9ieydcgq4cof1.png?width=2223&format=png&auto=webp&s=36683ef74b32c8604fe94c57a2a3057eb79a9362

https://preview.redd.it/vgjez2er4cof1.png?width=2104&format=png&auto=webp&s=94f6dbbfc99515a399cf88299f24f6d035dc4c0a

Look at the comparison between both CoreWeave and NBIS in terms of where they are guiding per predicted active powered capabilities by year-end.

To illustrate the point here are two Q4 predictive sensitivity guides based on increases/decreases in R / MW.

CoreWeave could whisper out to a major upside because they're MW projection for revenue is coming in lowballed. Red is the current guide and black squares are the reasonably expected guide with powered shells coming online.

https://preview.redd.it/pztqi2nt4cof1.png?width=2001&format=png&auto=webp&s=c9a9bba8db0c4a99e3b749b21c7c4de473d1b6c1

For Nebius because they've guided so high you only can see an effective top end of their guide range.

https://preview.redd.it/mdnstgcw4cof1.png?width=2001&format=png&auto=webp&s=2aa3212d3e485cd3f396d68d13aca4fb9a2a1a04

With all that said, and again with the caveat of CoreWeave is post IPO selling. How is the P/ARR not more normalized. At some point they either all go to \~10 or one raises and the other recedes. The sky is blue and the sun is white; yeah I know.

BUT can CoreWeave not have the luxury of a little more leeway to their P/ARR once the selling stops?

Here is what would happen if you averaged the too P/ARR's based on a stock price of $100 which is close to where they are today. Effectively, if CoreWeave had half of the P/ARR today this would give a multiple of x 3.34 on the stock price while reducing NBIS's share price by 1/3.

https://preview.redd.it/ugoj5opy4cof1.png?width=4132&format=png&auto=webp&s=db3f116ec66411ca98debacca0496f03f41dd0d1

This is as of today what the stock price would be if CoreWeave had even close to what NBIS's P/ARR was. Overtime I expect they both settle into a P/ARR and then a P/E of about 15 - 25 if they are still aggressively growing.

If you have anything to add or corrections I will update the model forecasting.

This is not financial advice or advisor. 

https://preview.redd.it/clm4jivg7cof1.png?width=1729&format=png&auto=webp&s=cf3e74afc7d2bdc2cfaa3cdfc7ae78dd3b1cc05c

https://preview.redd.it/ng90qboh7cof1.png?width=1735&format=png&auto=webp&s=8f061ece0688d9e6c89bd0b0cd2c2816bb308526

",47,1757510243.0,
1nw95qr,INTC YOLO / DEGEN DILIGENCE (DD) 1/3 of my PORT,"Intel is critical for America as it represents the backbone of domestic semiconductor manufacturing, so that the glorious U.S. has secure and advanced chip production rather than relying heavily on bitch made foreign supply chains (TSMC). Donald Pump has pushed for Intel’s expansion, making it the greatest part of his push to bring high-tech jobs and manufacturing strength back to ‘Mueica. Not to mention, their Foundry Services are undergoing major upgrades, with alleged partnerships with rivals like AMD, which shows how vital its infrastructure is becoming to the entire industry. At the same time, major players like NVIDIA have invested in Intel’s foundry roadmap, while persistent rumors suggest Apple may also leverage Intel’s capacity in the future. This combination of political support, industry collaboration, and investment underscores Intel’s role as a strategic pillar for U.S. technology leadership. Never price in ANYTHING against America and its desire to be self-sufficient. Needless to say. I’ll be coked up and bringing flowers to Nanna’s grave.",37,1759423894.0,
1nkmwth,$GOOG leaps up 150%,"Quite happy with this one , 110k in 2 weeks and a bit. Goog will be the Android in the AI race to OpenAI’s Apple. 
Also its search business doesn’t seem to be impacted. Read the OpenAI paper , people use ChatGPT only 2.1% for shopping , and that’s where Google gets its money from

",38,1758235778.0,
1nnxqti,AAPL calls bagholding since May,,32,1758573162.0,
1npwdlf,AAPL YOLO. Paging Tim Cook,Another $70k YOLO on AAPL calls. Smooth brain. ,31,1758770931.0,
1nzofvz,Meta to pop up next?,"Been observing some trend in big tech where every time a ticker lagged behind others , it pops up quite big.

  
TSLA, then saw Apple, then TSLA, NVDA, then AMD. During this pattern, Meta been lagging behind while others.

I got in apple on time but sold too early, caught TSLA for a bit, missed AMD though it kept popping up on my filters and I got annoyed and totally kept ignoring AMD.

The price you pay when you ignore solid signals :/",0,1759769345.0,
1nhwmdl,Tax refund 3k to 300k,5 months ago in april i decided to use my tax refund to full port puts. This made 3k into 30k. I then took 30k and full port it into google to 300k today LOL. ,8028,1757966895.0,
1nyexfn,$QUBT - Huge upside potential with very little downside risk.,,2191,1759639053.0,
1nwif2h,$GOOGL getting ready to enter PC and operating software space to compete $MSFT $AAPL,"Think this isn't getting enough views.

Appears that $GOOGL $GOOG will be entering the P/C/Laptop world with a Operating system based on Android that allows for Apps to be downloaded directly onto the PC.

Think this was much needed and will help break the monopoly that Microsoft has.

I current have to pay $70 for personal Microsoft office products (word/excel). I stopped paying last year and have since used Google office products which have been free and seen no issues.

Would love to see more Google apps available more easily on the home screen.

Not a easy task going against Microsoft - but lets see how it plays out. They did this with Chromebook in 2011 and made it the biggest laptops for education in the world. A gamble that paid off.   
",1298,1759444867.0,
1nhplmr,I will prob hold this too long and it will go to zero,But there’s so much hype around GOOG right now I’m going to hold for at least another month or two with hedges. ,1198,1757951467.0,
1nnlrvm,"4,720% Portfolio 1 Year Return","Started a portfolio on June 20th, 2024 to see how much I could grow $2500 in a year. Finished with 4,720% return at $120,503. I took out $4,400 to pay myself back and buy a reward for myself. It has been fun and there have definitely been ups and downs. I attached screenshots of the withdrawal/deposit page so you can see there was only one deposit and one withdrawal. Last two screenshots are some of the big wins.",1092,1758545916.0,
1ngcooq,Goal is 100k by EOY,"So far so good, I haven’t nuked my account playing earnings like i did last year. ",430,1757808111.0,
1nkow7c,[GAP]PING UP,"Alright, listen up you degenerates - while everyone is fomo-ing over AI, Semiconductors, Opendoor & New/Old-age tech memes - there's some real $$ to be made on some lesser focused, social arbitrage, value plays that have real potential to make 20, 30, 40%+ moves. I don't know where the rest of them are, but I'm talking about $GAP. This is a weird one but hear me out and look at my dd and let me know if I'm regarded.  
  
So why **$GAP?** I first thought about $GAP after $AEO's most recent earnings, where they shot up 40%+ after hours on results. This got me interested because the headlines for the earnings move were ""Sydney Sweeney"" related and the controversy her campaign generated, which translated into billions of impressions and many new customers. For anyone not on social media, $GAP capitalized on $AEO's controversy with their own denim ad in collaboration with KATSEYE - a global girl group which had recently been gaining insane traction with their own Netflix show, performances, and viral songs (Gnarly, Gabriela, etc.). The $GAP Denim ad went mega-viral across all social media and spawned videos everywhere of everyone replicating the dance in Denim - free advertising for $GAP. At this point, it's just an idea - so let's do some digging:  
  
**WHY DID AEO SURGE AFTER EARNINGS?**

To better understand the potential value $GAP - I wanted to better understand what made $AEO move so much after earnings. Here's what I found:

* Better than expected earnings, EPS $0.45 v $0.20 – 125% surprise beat and 15% YoY increase. They were beaten down after pulling their initial guidance, causing major uncertainty amongst investors.

* Revenue at $1.28B – beat expectations by 4.07%. Revenue was flat compared to prior year but still beat expectations and profitability surprise drove the run-up.

* Share buyback program YTD has reduced outstanding diluted shares by 10%, which contributed to increased EPS.

* Successful Marketing campaign wins in collaboration with Sydney Sweeney & Travis Kelce. According to the earnings call – 40 billion impressions, 700k new customer count, selling out of Sydney’s labeled AE products.

* Cost control which contributed to surprise EPS beat – SG&A down from last year & lower promotional activity.

* Optimistic commentary from management – they noted that they saw “nice upticks” in the AE business in Q3 – signaling an optimistic Q3 outlook – coupled with a relatively strong guidance than expectations (low single digit growth vs a small YoY decline). The revenues remained flat this quarter, which was surprising from how they talked about the success of their campaign, but this was explained by some of their core products being laggers (shorts). The lag was offset by the influx of new customers via the Sydney Sweeney ads.

* They noted that they saw “nice upticks” in the AE business in Q3 – signaling an optimistic Q3 outlook – coupled with a relatively strong guidance than expectations (low single digit growth vs a small YoY decline) 

They were also at a depressed valuation, especially after their poor Q1 Results, with P/E hovering between 9x-11x months after their Q1 earnings and before Q2 earnings. Understandable as the CEO also pulled their guidance for the year, which was a big red flag.

They are now trading at a TTM P/E of 18, and forward earnings above 14+ (I keep getting different estimate numbers, but it seems estimates are being repriced). A bit high in my opinion for a retail brand that hasn't shown stable, consistent growth - *but also not entirely unreasonable* \- and they are coming in with a more positive outlook. The markets are hungry for equities and multiples on average are higher.

They did also have relatively high short interest at \~18% before earnings, which likely also contributed to the sustained price movement upwards with shorts covering their positions. The last short interest data I looked at was on Fintel from 8/29/25 - right before their earnings. Once 9/15/25 data comes out, could validate this assumption.

Overall, the huge run-up doesn't seem to be completely ridiculous. The stock was at depressed valuations with a lot of negativity priced in. Earnings came at a huge beat, hugely successful ad campaign, and upbeat outlook from management. The price is now at an elevated multiple (maybe a little higher than it deserves, but only time will tell), but is not out of the normal for where AEO has traded historically and is not absolutely farfetched (look below:)

https://preview.redd.it/n7w09xaxk0qf1.png?width=881&format=png&auto=webp&s=359535c2340cbffd059ce947d3cf5aca44b39d02

https://preview.redd.it/fnnd4azxk0qf1.png?width=936&format=png&auto=webp&s=ed35e9943398b9a00043e51d4c540240c54c5cd4

**NOW THAT WE UNDERSTAND WHY AEO MOVED THE WAY IT DID, WHY ARE WE LOOKING AT GAP?**  
  
First - I looked more into $GAP as a business. They’re much larger than AEO, generating nearly 3-4x their revenues. They also have a larger reach globally – operating in 40 + countries. They also include multiple brands under their umbrella – GAP, Old Navy, Banana Republic, and Athleta. The big driver for GAP is their attempt to reinvigorate their brand, which has been showing slightly positive results in 3/4 brands over the past few quarters.  
  
I wouldn’t say their plan has yielded anything overly positive - UNTIL their most recent KATSEYE ad. For those of you that are unaware, it has gone insanely viral – similarly to the Sydney Sweeney ad, which is when I began looking into the stock for a potential beat / revised outlook on the brand. GAP collaborated with KATSEYE, which is a multicultural POP girl group that has been growing significantly in popularity with the younger demographic.

Their collab has already reached over 100M views on tiktok – just the main video alone (when I first checked, it was at 90M - then 2 days later, it was over 100M). People have been remaking, stitching, re-uploading the ad and those videos have also hit many millions of views (some individual video remakes have hit 40M+ views themselves, and I’m sure I probably haven’t seen all of them). IG has over 60M views ,Youtube has over 20M+ views, the shorts video has 5M+ views.

If we compare that to $AEO's Sweeny campaign, GAP has vastly outperformed in viewership (and probably engagement) across all platforms. $AEO also did pull the main ad off their social media and the supporting ads are also in the multi-millions of views, but they still don't compare to what $GAP has done in a shorter period of time.

\***Note: I did this research last week so the numbers may have shifted higher. Just checking tiktok & IG alone - the main video alone is now at 133M views on TT and \~70M views on IG.**

GAP's vids on tiktok previously were only hitting anywhere between 10-100k views. I think the more recent ones that were towards the top left gained traction as they were closer to the actual ad debut - being brought up by the launch of the ad itself. When a video goes mega viral on a page, it typically lifts the views of the other videos as well.

https://preview.redd.it/ayoqszi0l0qf1.png?width=936&format=png&auto=webp&s=dc89f30dfe141cd7109bac05ab4ba2d82f7acb5c

There are also endless video remakes tagging $GAP & Katseye hitting insane numbers:

https://preview.redd.it/jogcin72l0qf1.png?width=925&format=png&auto=webp&s=2504e259f6010f5ea29b1ba1dea4d7cad3572cc6

https://preview.redd.it/cgos84y2l0qf1.png?width=898&format=png&auto=webp&s=f46a57f7eeba387001adcddd5cff85132c3e6503

The ad became the most searched query on tiktok and was also mentioned on GAP’s earnings in late August. The CEO stated they reached over 8 billion impressions, which I believe was probably **understated** as it was likely gathered before the actual date of the earnings for the CEO's interview on Mad Money.

***NOTE - earnings came out 9 days after the ad was released and the Q2 earnings were reporting figures from August 2nd, 2025 - before the ad was released.***

**GAP HAD AN AMAZING AD, WHAT'S THE POTENTIAL IMPACT ON GAP'S UPCOMING NUMBERS?**

If we look at total sales as of FY 2024, GAP was about 22% of their sales (3.3b/15.1b). I couldn’t find the sales mix numbers on how much Denim they sell annually, but according to ChatGPT – the expectation is that they sell between 10-20% of their revenues in Jeans. At a midpoint, we can extrapolate that GAP sells approximately $400-$500M annually in denim – which I think is reasonable assumption.

Retail typically does not perfectly sell through all of their items, and GAP is not to be excluded from this observation. They'll likely have much more denim to sell beyond what they typically do, and in preparation for a large ad campaign - retailers often adjust inventory for this.

Since it's not easy to find concrete figures online about sales mix - let's use $AEO's earnings as an example to potentially gauge the impact the Katseye ad will have on $GAP. Quote from the earnings transcript ***""Sweeny Signature jeans sold out within a week and some products within 1 day. Demand for her curated online shop of Syd's Picks has been very strong.""***

Prior to their Q2 Earnings - Zacks' consensus estimate for AEO's earnings was $1.23b (about a 5-6% decline from the prior year), while their actual revenue was $1.28b (representing a \~1% decline YoY). This was a beat on revenue expectations of \~$50M. The decline expectations seemed in line with their Q1 report, which was quite depressing. The CEO spoke of all the new customers / eyeballs they got, how they plan on retaining and converting more of these new customers, and had an upbeat outlook going into the second half of the year.

So how can we think about this with GAP? The Ads are clearly different, but I believe GAP's strategic timing and content leveraged the controversy AEO created to boost their own campaign - **and it worked amazingly**. Aside from the screenshots shown above, IG has over 60M views, YouTube has over 20M views, and 5M views on YouTube Shorts - all platforms the Katseye GAP campaign has garnered more views & engagement while being up for a shorter duration of time.

According to GAP’s earnings call, their outlook is to grow Q3 at 1.5-2.5%. At 2%, this would mean an increase in sales of \~$72 million from Q3 2024. GAP had been teetering between decline and flat revenues in the past few years but has seen slight improvements in revenue growth due to their “reinvigoration” efforts **BEFORE the KATSEYE ad** brought on an insane number of impressions to their business.  
  
Now after the Ad, it's blown any of their campaigns thus far out of the water - with reception from the Ad being overwhelmingly positive and garnered even more support as it’s been touted as “the right way” to do an Ad in comparison to AEO’s campaign. The ad itself is just much easier to talk about and spread in younger circles - what kids / young adults are going to be talking about Sydney's AE monologue over the dance and catchy song from GAP?

I believe their outlook (1.5-2.5% Q3 revenue growth) **does not meaningfully include the impact from the campaign becoming mega viral** as GAP had already been growing at similar rates in other quarters (2% increase YoY last Q3 and beat expectations by 2.5%, and similar to the past few quarters). This makes sense to me as well since the campaign launched only a week before the Earnings call.

From glancing at their website and using LLMs – their denim products seem to average near $60 (they run sales / promotions often). Assume they sell $450M annually at an average $60 price point per item - that’s about 625,000 pieces of denim they sell monthly on a regular basis.  
  
Knowing they typically have excess inventory and that this was a large campaign, let's assume a similar number of new customers come to GAP as AEO (personally, I think GAP's campaign will probably be more effective, but won't know 'til Q3). On 700,000 new customers, I think it's a conservative guess to say a million additional items will be sold (about 1.4\~items per new customer), which would translate to about $60M in additional revenue. That alone would be about an additional 1% of revenue. If we assume less conservatively, we could see an additional 1.5-3% beat on top line revenue on their Q3 estimates.

Here are a few reasons why I think they may sell more than a million additional pieces:

* A segment of shoppers that will have purchased additional items outside of the KATSEYE specific products just from browsing the page / walking through the store and seeing other things they may like.

* Shoppers that bought multiple pieces / whole outfit sets – we can see this just scrolling through something like Tiktok.

* The KATSEYE ad being on trend with younger consumers (catchy song, lyrics that are directly comparing themselves to AE and using it to their favor, easy to learn dance) and women/girls – who are the primary target demographic, and this influencing them towards a brand. Even sororities are using it for rush videos, doing the dance in Denim, gaining tens of millions of views, and tagging GAP.

* The videos seemingly performing better in a shorter time frame. In the past 2 days I’ve checked (These are not the latest numbers, I checked a few days ago, they are likely higher now): \*\***NOTE - this is from last week and checking today on 9/18 on just TT & IG quickly, the views have continued to ramp up**

   * Tiktok’s original GAP ad has already gained +10M views, reaching over 100M views now. AE’s main ad was pulled from their pages, but the remaining ads have around 2-8M views. GAP has supporting ads that have outperformed AE’s best ads.

   * Instagram’s original GAP ad gained +5M views, with over 60M views now. AE’s main ad was pulled, and the top residual ad has 12M views.

   * Youtube’s Video is at 20M views, shorts at 5M views. AE’s remaining ad has 8.8M views and 2.4M views on shorts.

* Q3-Q4 is historically stronger for GAP and retail overall

I also went on GAP and clicked into some of their Denim items and put in a Manhattan (10002) / California Zip code (90001), which gave me 40 GAP locations each, both areas were **out of stock for the products in store.** Earlier in the week, the shipping was **also out of stock**, but it seems it is once again available. I tried clicking multiple sizes, colors, and fit combinations – and they all showed up as sold out in store. A lot of them were still not available online, though it does look like they restocked a bit. I also checked other zip codes like 73301 (Texas) and 60007 (Chicago). I did not have the patience to check all the products / zip codes in the world, but I saw enough that convinced me they are likely selling through the KATSEYE collab items. The first ones I found that were in stock was a “Crop Tank Top”, which you’d have to scroll down to find – but seems like the denim items have been majorly successful.

https://preview.redd.it/pmvki5i4l0qf1.png?width=894&format=png&auto=webp&s=6ca4e4e4d557ab7c70158cb66d76505665147137

https://preview.redd.it/pqdf7225l0qf1.png?width=931&format=png&auto=webp&s=c6bb9d5dec3ff073daae6948293615e583891c4a

https://preview.redd.it/ohefzjv5l0qf1.png?width=932&format=png&auto=webp&s=442ccb5072700fe5f08e3ece3811e9a0e511a60c

With a potential revenue beat, and similar renewed optimistic outlook off the back of a wildly successful ad campaign that's even being studied in college marketing classes - it's a recipe for a nice turnaround retail story - the one GAP's been trying to tell for the past few quarters.

**GAP'S VALUATION & PRICE TARGET**

Like AEO before the Sweeney pump - GAP is trading under a 10 P/E and forward earnings of under \~11.5. This gives them **room to move** from both an EPS beat, and a multiple re-rating (similar to what we saw with AEO).

GAP has consistently beat EPS (past 10 or so quarters), meaning management has been diligent about costs / been much more conservative in their guidance.

Based on the current TTM earnings (2.34), a 12x P/E ratio would bring GAP stock up to \~$28. Average analysts forward estimates (\~2.07), a 12x P/E ratio would bring it to $24.84.  
  
Now this is not much upside on the stock, but as we have seen before - GAP has been consistently **beat** earnings expectations and being roughly on target with revenue expectations. **With the ad campaign, I'm expecting a revenue beat, which should help with an earnings beat** **(which I would have expected regardless of the ad campaign as stated above), meaning the $24.84 price target is unlikely and is not my target for the stock.**  
  
Then, if we consider that the stock may rerate based on a more positive outlook and that the P/E is already very low - we could very reasonably see a 13-15x P/E.

* At a 2.34 EPS, a 13x P/E would be $30.42 and 15x P/E would be $35.1

* At a 2.07 EPS, a 13x P/E would be $26.91 and 15x P/E would be $31.05

* Assume the forward earnings estimate beat by 5% (conservative beat) - that's a 2.17 EPS, a 13x P/E is **$28.21** and 15x P/E would be **$32.55**

I'm not delusional - I understand that this is a retail company that's been stagnant over the years - but stocks move when the future of a company looks better than expected. The valuation is low, expectations aren't out of the world, & a decent amount of shares short which may have to cover - which is great for a potential beat and subsequent stock price move.

**If sales and overall outlook improve off the KATSEYE campaign and they continue to beat EPS estimates like they have (boosted by an increase in sales) I would say a $28 price target is realistically achievable and good odds landing somewhere between $30-32.**

*TLDR:*

*- $GAP is trading at low valuations with low expectations and decent short interest, leaving less room for downside and more room for upside.*

*- They have an insanely successful ad campaign running currently for Q3, which has arguably outperformed $AEO's campaign. $AEO's campaign contributed to the stock moving 40% after earnings and had a similar valuation / expectation as $GAP now.*

My current position - may add more leaps:

https://preview.redd.it/y6i9uni9l0qf1.png?width=1375&format=png&auto=webp&s=8f5110827b52413f69a70e44f52749fd4663dca7

\------------------------------------------------------------------------------------------------------------------

**I DID A BULK OF THIS RESEARCH THE WEEK OF 9/7/2025. ON 9/18/2025 - HERE ARE A FEW OTHER OBSERVATIONS THAT MAY BE OF INTEREST TO YOU:**

1. They restocked their GAP KATSEYE hoodie 2 days ago AND ITS GONE IN ALL SIZES AND COLORS.

https://preview.redd.it/l2dxio8cl0qf1.png?width=982&format=png&auto=webp&s=de8d43841109486037b9c5ca95e3f5b6e97d2d9a

https://preview.redd.it/mk2jnfwcl0qf1.png?width=461&format=png&auto=webp&s=9f2e3a22750f0ded5af0b76d225e4ba86f53cde3

2. GOOGLE Trends also looks solid

https://preview.redd.it/ygzsw4iel0qf1.png?width=1040&format=png&auto=webp&s=bb76deec33de551ca965a58c487c822885014c1c

https://preview.redd.it/ddjvwz9fl0qf1.png?width=999&format=png&auto=webp&s=8a786ef51cacdf690ffabc008d85228a2d6cb895

Videos posted recently are still getting insane engagement and viewership from random TT accounts

[Posted one day ago - the main account doesn't get these views regularly](https://preview.redd.it/0gcits5hl0qf1.png?width=738&format=png&auto=webp&s=033f39bd752ce7c5b9d505fc72ce78ae1ac4edb8)

[Posted 3 days ago - the main account doesn't get these views reguarly](https://preview.redd.it/v0enx38kl0qf1.png?width=731&format=png&auto=webp&s=24539ba6c314f97a8ef8b768ebc9b8b9d6260fea)

***\*MODS PLEASE LET ME KNOW IF I NEED TO TAKE DOWN THE TIKTOK SCREENSHOTS - THANKS***",412,1758241177.0,
1nh7pb3,"ACHR, here we go again.","Alrighty, no chatgpt just me calling out ACHR again. So, ACHR is getting ready to have a deal with President Trump administration, as well as other EVTOL and drone companies(JOBY,AIRO,RCAT) etc. HOWEVER, I am more focused on ACHR,  ACHR has collaborated with United Airlines, Anduril and Stellantis. CEO Adam Goldstein has been uploading stories on his Instagram having dinner with Donald Trump with other CEOs, and now today with another story in DC. Trumps administration wants to “unleash American drone dominance” this shows great strength towards ACHR, the company is trying its hardest to work with the US. We can possibly see deals, grants, or even more collaborations/partnerships in the future. Oh and let’s talk about the fact this started as a Air Taxi company, they are getting ready and have been testing their helicopters for months, and a recent article(https://www.tipranks.com/news/archer-aviation-achr-set-to-begin-u-s-air-taxi-trials-with-faa-backing?utm_source=webullapp.com&utm_medium=referral#google_vignette) THIS IS HUGE!!! I don’t think I have to explain my self since it’s self explanatory. 
They are going to be serving in the 2028 Olympics giving transport to VIPs, fans and stakeholders.The future for this company is absolutely exciting, I’m not sure when but it will take years.",377,1757896533.0,
1nzq74q,15k to 250k as of today,"I’m so fucking proud of myself. Started with about $15,000 in March 2020 Made a number of mistakes along the way from not knowing a damn thing about stocks and how much to invest to having a nice balance of ETF and some more risky high growth stocks. have taken some profit over the years and then use that money to diversify. Including 100 stocks of Exxonmobil of 30 bucks that I had cashed out at $115.

I’ve got a good mix of old faithful like IBM Microsoft and Google with a hefty amount of quantum and energy stocks really taken off from me for the last 18 months. 

",318,1759773259.0,
1nkqs0i,Phishy phishy BEWARE,"Just got a mod mail telling me to pair my account with Coinbase. It seems to have come from the official mod account but if it smells like your moms vagina, and looks like your moms vagina - it’s probably fish. 

I followed the link for curiosity and it brings you to a google powered site that asks you for your wallets recovery code. 

BEWARE 
",306,1758246496.0,
1ny1vem,"Long on $RDDT, 4xed my positions after the recent drop","Reddit RDDT suffered a sharp pull‑back in early October 2025, with shares tumbling nearly 12 % on Oct. 1 and about 14 % over five trading days, after a Promptwatch study found that ChatGPT cited Reddit far less often when its web‑search mode is enabled ; citations dropped from more than 14 % of responses to under 1 % by Sept. 30 , sparking fears that reduced referral traffic from AI tools could hurt engagement and advertising.  Analysts noted that ChatGPT makes up a tiny fraction of Reddit traffic, and Piper Sandler’s Thomas Champion said the company’s relationship with Google—its main traffic funnel—remains intact ; Citizen JMP’s Andrew Boone added that concerns over search‑engine optimization are “noise” and highlighted momentum in Reddit’s core advertising business .  Trefis attributed the broader decline to concerns about slowing user growth and traffic headwinds tied to changes in Google’s search algorithms and AI‑generated answers , pointing out that Reddit’s valuation is rich with a price‑to‑sales multiple around 12x .  Nevertheless, the company’s fundamentals remain strong: Q2 2025 revenue rose over 20 % year‑over‑year and advertising revenue surged 84 % to $465 million , while data‑licensing deals such as a $60 million‑per‑year agreement with Google and may be a similar pact with OpenAI provide a growing revenue stream .  
Piper Sandler reiterated an overweight rating with a $290 target   and RBC Capital described the AI‑related worries as a “healthy reset” . 

My positions attached. Not financial advice. 

I would love to hear points against and for $RDDT so we have a healthy discussion from all perspectives. ",293,1759603212.0,
1nk4n8k,China drops $GOOGL anti-trust investigations as part of tarrif deals and business expansion.,"https://www.google.com/amp/s/www.business-standard.com/amp/world-news/china-closes-google-antitrust-probe-as-trade-talks-with-us-advance-125091800526_1.html



China has dropped all anti-trust investigations on alphabet, parent company of Google as an explicit part of a US tarrif trade talks. The hopes that this will then allow Google to engage in more business across China being beneficial for all countries involved and Google .

THERE IS A DOJ CASE PENDING IN USA FOR AD TECH MONOPLY 
",270,1758191431.0,
1nvaezf,200k on RDDT,"Reddit keeps asking AI companies to stop scraping their data or they’ll sue, recently announced to be in talks with Google and OpenAI, ChatGPT’s visits to Reddit drop and investors freak tf out? Seriously, how do people not see the clear links? Reddit is about to get major dollars from OpenAI and Google for licensing their data for AI training and usage. Easiest buy the dip ever",236,1759330485.0,
1nikd8o,G😀😀GLE,Fly like a bumblebee sting like a bee ,231,1758035860.0,
1nhph84,GOOGL Leaps,,232,1757951205.0,
1nd1roq,Turned $21k into $41.5k on GOOGL calls. Diamond hands actually worked?!,"Alright you smooth-brained degenerates, gather ‘round.

Back in February, I got horny for tendies and loaded up on GOOGL $150 LEAPS (01/16/26) for a fat -21k debit. My boomer brain thought, “Google basically owns the internet, AI is juicing the stonk, how bad could it be?”

Fast forward to last week, and those bad boys went vertical harder than my uncle after a couple blue pills. I panic-sold (because I’m still a paper-handed coward at heart) and locked in +41,500 on the same contracts. Net? Walked away with about +20.5k profit.

For once, the WSB prophecy came true: buy calls, wait, ???, profit.

TL;DR: Bought GOOGL $150 LEAPS for $21k → sold them for $41.5k → walked with $20.5k gain → still don’t know what I’m doing.

Where should I YOLO the profits next, fellow autists? TSLA? NVDA? Straight into 0DTE SPY for max pain?",162,1757469366.0,
1nzp9nl,"$150K+ in Snap, Upward Doggy Style Ghost Bull Formation, $10+ Breakout","This is why I'm buying Snapchat.  
  
It all started with Aerodyne international. I watched Wulf of Wall Street and ever since then, stock has been going down.

I was thinking either it was because the stock was bad or because I wasn't Leonardo Davicni or Decaprio. Both are the same to me, but I think it's the latter. 

Either way, I started using the Snapchat dancing hotdog filter, and then it dawned on me. It wasn't the person that made Decpario cool. It was his girlfriends.

So I went to ask our Miranda Kerr, she said no. Coincidentally, the stock went down even more.

Maybe it wasn't meant to be? So I Dmed Sydney Sweeney. She laughed as I bought her bath water, but at least I had a shot. So stock went up.

Then, the government shutdown happened. I wanted to ask out Nancy Pelosi, but she wasn't at work anymore. So stock price went down.

I realized, maybe it had to do with my appearance. So I used the dog filter on myself, and I suddenly became attractive. Then I went to Google to confirm, but randomly saw a Ghost Bull on the images.

Bull means stock go up. Ghost means like Snapchat. And then it also had a halloween costume, and it's October now. That means this next two months is meant to be.  
  
I'm peak attractiveness, Ghost Bull means the stars are aligned, and the next person I ask out will say yes and the stock price will go up.

For all those reasons, Snap will breakout above $10 and I bought $150k worth. ",161,1759771182.0,
1nvcnke,$GAP - My Market Research,"**NOT FINANCIAL ADVICE. DO YOUR OWN RESEARCH**

\---

Lots of people been asking me for my DD on gap - so here's a weeks worth of insights & market research into $GAP. I think there's potential, but we won't know the result until ER's.

Traditional metrics at a glance before diving in.

**Price & Value:** It's currently trading at a P/E of \~9.5 which tends to signal ""undervalued"" or ""something is wrong"". Which one is it here? I compared to competitors -- LULU has a P/E of 12 & AEO: P/E of 16.5. We need to rule out ""something is wrong"" -- which I discuss below (is GAP dead?). It's trading at a significant discount... why?

**Stability**: GAP has a solid dividend (\~3% at the time of posting) & has been around since the 1960s. It is a very well known and recognized international brand that's not going anywhere.

**Sentiment**: Everyone I chatted with was bullish on GAP. I didn't see many real big bear arguments other than ""it's a dead brand"" and ""insiders sold 500k shares"". I commented on those below & would like to hear more views on why this is a bad investment or my thesis is wrong / will not play out.

**Team:** You can do your own research into the executive team here, I had a glance over a few people. They have a solid team who can execute & who I believe are genuinely interested in turning the company around. Current CEO ran Mattel for a long time & was heavily involved in growing barbie, hot wheels & fisher-price. He's been CEO of GAP for \~2 years and doing well via his playbook. The rest of their executive team also has an impressive history. Price hasn't really moved in the last 2 years despite good execution (imo).  [https://www.gapinc.com/en-us/about/leadership/executive-leadership-team](https://www.gapinc.com/en-us/about/leadership/executive-leadership-team)

**Current Average Analyst PT:** \~24.4

**Catalyst**: They just launched their most successful ad campaign ever -- I validated it was real myself. I haven't seen too many in the investing world talking about it. See the reference source below (another WSB's DD) for tik tok impressions - it's over 100 million views on just one video. Their youtube ad has over 3x the number of impressions as the AEO ad did and the campaign is considered by many to be ""more successful"". They got over half a billion views in aggregate. **The ad campaign started on AUG 19th, ONLY 9 DAYS BEFORE THE LAST ER's & resulted in an 8.5% increase in foot traffic during the first week.** The rest we don't know (we can only speculate). We won't know the true results until next ER's. I looked at the google trends for bullish terms related to this campaign / ad -- see below. We won't know if this was a one off event or the start of a trend until ER's.

**Similar Events:** AEO launched a highly successful ad campaign (Sydney Sweeney has good jeans). I looked at their google trends & diffed them. The trends on this one actually did jump on this ad campaign, similar to how AEO did. And the jumps seemed more pronounced on GAP.

\---

**Trends (correlated to online sales):** \~40% of gaps sales come from online, some search terms spiked by 200-400% interest. GAP order spiked by \~450%, GAP buy by \~500% & some other related terms I looked up had similar spikes. We're operating on incomplete information here -- I can't quantify how the trends map to sales (they do tend to be correlated tho). Search interest != sales

[Various terms to buy gap online spiked by 200-400&#37; - shown 5 year average](https://preview.redd.it/j3kfhe7jukrf1.png?width=2476&format=png&auto=webp&s=083a51a039a23b3b63ca54b0a43209e12b1e6b33)

\---

**Trends (correlated to in store sales):** \~60% of sales comes from in store (citation needed -- someone clarify numbers please). This jump in august (ie: before school season) doesn't typically occur. There is a periodic trend that can been seen spiking in November (what happens in nov???). I noticed this across all search terms. Search interest for ""Gap location"" spiked by a staggering 800% and ""Gap store"" spiked \~300%. The Aug / sept spike doesn't usually occur - it's a unique event (which I suspect is related to the ad campaign).

[Google trends ](https://preview.redd.it/ux3xmsra0orf1.png?width=2326&format=png&auto=webp&s=7e5080f72af3b4fdd24920fbb4e145d1ef61eb94)

\---

Relative spike / comparable one for AEO (It also lasted a similar amount of time). For comparison purposes. For reference -- AEO is up from $11 to $17 (55% since they started their ad campaign). GAP is up... \~2% (\~$21 -> 21.7)

https://preview.redd.it/sk2fr4jekdsf1.png?width=1175&format=png&auto=webp&s=95ab5cf48b4a14738c314d89c55a0e9f1f273ac6

\---

**ER's Call:** I listened to the entire ER's call. You can find it on youtube here. [https://www.youtube.com/watch?v=dQpVaT0MNpA](https://www.youtube.com/watch?v=dQpVaT0MNpA) . Transcript can be found here: [https://finance.yahoo.com/quote/GAP/earnings/GAP-Q2-2026-earnings\_call-351764.html](https://finance.yahoo.com/quote/GAP/earnings/GAP-Q2-2026-earnings_call-351764.html)

**Insights**: TLDW: Focusing on growth, brand. Mentioned ad a few times -- but didn't push it or mention potential impacts much. CEO dropped some hints, but I don't think they were picked up on by many

**\~28:40** (Katrina O'Connell, CFO): ""Last quarter, we previewed an estimated net tariff impact of fiscal twenty twenty five of approximately 100,000,000 to 150,000,000 from the April trade policy. I am proud that the teams have since mitigated the majority of that impact. Reflected in our outlook today is the estimated incremental impact related to the latest trade policies effective August 7. Starting with full year 2025 net sales, **we continue to expect net sales to be up 1% to 2% year over year**. Our outlook assumes ongoing strength at Old Navy, Gap, and Banana Republic, and a longer recovery at Athleta.""

**\~42:40** (Richard Dickson, CEO): ""This campaign, which launched last week starring Katseye, has driven record breaking response for the brand. Early reads. This is striking range of probably being one of the most iconic brand campaigns certainly that we've done, but that is out there. People aren't just watching, but they're actively joining and **suggesting that this is actually a cultural takeover**. These are great proof points and elements that, again, the playbook is working"".

**My read / take:** They are forecasting not a huge jump in net sales & didn't push the ad super hard as the results were unknown. They mentioned their ad got 20million views in the first 3 days. I don't think people paid too much attention to it on the call, via the Q&A at the end. Search for ""eye"" in the transcript - it was only mentioned twice as far as I can tell. GAP has had a beat on the last 8 ER's. You can validate this yourself. They seem to undersell themselves on guidance / projections each time (ie: I think CEO might sandbag guidance to get beats every time). Tariffs were mentioned \~30 times on the call - I think that's the concern most analysts had (risks) & was a major discussion point (dominating the ad campaign)

\---

**Bear Arguments:**

**Insider Selling (recent 500k):** For people worried about the recent 500k share insider sale. I looked into it. As per google: ""Following the transaction, Mr. Fisher directly owns **12,835,433 shares**, indirectly holds 2,829,502 shares by trust, 132,257 by spouse and 22,015,000 by limited partnerships"", ie: **he owns \~38million shares** still. He's been a director of GAP since 1990 & he sold \~1.5% of his stake. **He's 71**, probs just want a house on the water or something. **I give him a pass.**

**GAP IS DEAD:** I asked around a bit (including talking to girls in the bar, and had 3 friends go to the store and talk to employees / view foot traffic). I don't believe this is true. Several of the girls I chatted with were into GAP (aged \~24-28) and two had even heard of the katseye ad. I asked a few investors to chat with their kids / wives / etc, and several were into GAP right now (who previously were not). I don't have a large enough sample size to say much about this -- but talking around I don't think it's true. I even went as far as had a few friends physically go to the stores and chat with employees. I got some mixed reviews on how much busier gap is, but the general consensus was ""its been getting a little busier these last few years""

**Low Trade Volume:** Welcome to buying things market hasn't noticed yet (or just be completely wrong, both are possible). Nobody was talking about GAP on the investing forums I frequent / lurk. It has very little volume, IV is super low. It's cheap via all traditional metrics as compared to competitors. I suspect people will start to look at / evaluate GAP as we get closer to the ER's. I really have no idea tho -- low volume just signifies to me that not many people are looking at it (yet) - which gives me a little more confidence in my thesis. It means I'm either early or just wrong. The catalyst outlined \*already occurred\* and I'm just trying to price in the effects of it. The general consensus I got from other investors (who hadn't looked at anything) was ""gap is dead I thought?""

**Tariffs:** As per above, tariffs were mentioned \~30 times during the last ER's. It was a major talking point, and although it is a risk, imo it's been priced in already. Literally everyone already knows about them & all the analysts considered them when coming up with their existing estimates. ie, imo, priced in.

**I need more bear arguments, please comment bear arguments or correct / highlight misinformation in my thesis. Why won't this thesis play out? I'm aware that trends != sales, I'm operating on incomplete information. If we all knew the results of this it'd be perfectly priced in already**

\---

**Some sources (WSB DD):** [https://www.reddit.com/r/wallstreetbets/comments/1nkow7c/gapping\_up/](https://www.reddit.com/r/wallstreetbets/comments/1nkow7c/gapping_up/)

TLDR of the DD: Super successful ad campaign (similar to how AEO used sydney sweeney) - but GAPs is looking more successful. Their Youtube ads got over 3x the number of views in a shorter period of time compared to the sweeney ads & GAPs ads have also been insanely successful on tik tok - generating hundreds of millions of impressions. It went viral with the younger generation. Inventory related to the campaign was sold out across the board everywhere the original DD guy looked.

**Comparison of AEO vs GAP campaign (ie: fighting for cultural relevance).** [https://www.brandvm.com/post/gap-vs-american-eagle-ads-2025](https://www.brandvm.com/post/gap-vs-american-eagle-ads-2025)

TLDR: Looks like GAPs campaign had larger impact & even resulted in increased foot traffic during the first week.

**Another high level source / thread:** [https://www.reddit.com/r/wallstreetbets/comments/1n8annm/american\_eagles\_earnings\_blowout\_is\_bullish\_for/](https://www.reddit.com/r/wallstreetbets/comments/1n8annm/american_eagles_earnings_blowout_is_bullish_for/)

TLDR of the DD: Similar catalyst for GAP as AEO.

\---

**Realistic price targets:** Putting a P/E target of \~12 (imo it is growing after what I looked into) puts the price target up to \~27.5-28.0. They've beat their last 8 er's and market isn't rewarding them for it yet. Their executive team has been delivering ever since Richard Dickson took over as CEO. I also suspect sales may come in hotter than expected resulting in a beat, suggesting even higher targets. I don't see much more downside here, I've been averaging into more calls

\---

**Poker room:** I posted my positions to WSB's. I was doing DD / market research in the comments with some other investors. Mods silently removed it after a week without telling me. A lot of people picked up on this & asked me why it was removed. Mods didn't give me a reason -- I'll let you guys decide why they would do that

\---

If you can't stomach the volatility in my positions - then my trading style is not suited for you. I'm either early or wrong, we will know at the next ER's.

Goodluck chat, tell me why this is regarded -- $GAP",154,1759335454.0,
1nkiu3q,GOOG YOLO - 100% Roth IRA,100% of Roth IRA into Google. My logic is that over the next 10 years Google will produce a higher % return than SPY. ,137,1758226013.0,
1ne8vin,"$GLXY $CRWV- A massive deal for StarGate between CoreWeave, Galaxy and a Hyperscaler - Additional New 2.7 GigaWatts of Power Unaccounted For","StarGate is here and one does not just bring on GigaWatts of power to a building without massive expertise, knowhow, land rights and government help for expediency on permitting. I have no idea on the timing of this but the tea leaves are all right in front of us.

**TL;DR:** I believe a massive new deal is brewing for Giga-Scale AI Factory capacity between CoreWeave, Galaxy, and an AI HyperScaler. New Government regulations are lightspeeding the permitting process and allowing companies to start building while air permits are being obtained. This should lead to new massive deals sooner in the near term rather than later. Even if the projects are years out. Giga-Scale powered AI Factories are here and the opportunity has never been better for companies like Galaxy. The providers (OpenAI, MSFT, Google, AWS) don't want to be landlords or data center builders and the data center builders don't want to be landlords-This is where Galaxy fits in.

First, who the hell is Galaxy and why are they important? Turns out, they are an up and coming Crypto (we have lots of space and power) to AI infrastructure play based out of Alfont, Texas.

Specifically, Helios is the is the campus where they have initial power and upcoming powered AI shells and newly closed land deals and power requests that are reportedly bringing **an additional 2.7 Gigawatts of fully functional powered AI GPU data center shells**.

To note, Oracle just closed a $300 Billion deal with OpenAI that is tied to StarGate and the quick notes on that are

* 4.5 GigaWatts of power
* Scheduled for first delivery by 2027\*
* $300 Billion contract over 5 years

Again, nobody just has GigaWatts of power on the US grid. It is rare earth mineral levels of concern right now. There is so much work and permitting on that amount of power scale that the government had to issue new executive orders to try and help expedite the process.

For Oracle they have about \~$10 Billion in cash and they are [reportedly (Bloomberg) preparing a $38 Billion debt package from various banks](https://www.bloomberg.com/news/articles/2025-09-04/banks-ready-38-billion-of-debt-for-data-centers-tied-to-oracle). Roughly to get 4.5 GigaWatts of power is going to cost you about $38+($32B - $60B) Billion and yield you $300 Billion over 5 years... Not bad. And it gives us a baseline of how to think about this. **\*Note this figure does not include Nvidia GPUS.** That's extra.

For Galaxy, they are already starting this process of bringing on massive new power for land acquisitions now giving them over 1500 sq acres of land in Texas with clearly the ability to add on more throughout the years even over the current amount. Literally, this is big new oil in the making right there in big ole Texas.

Here's the kicker, CoreWeave has been buying all (100%) of their announced and soon to be ready power for their initial phases I,II,III of totalled 800 MW of active compute power.

Just take a look of all the deals and power CoreWeave has committed to and it's not just partial. It's ALL OF IT.

**CoreWeave & Galaxy / Helios Phases & Timing**

* **Phase I**
   * **Critical IT:** 133 MW | **Gross power:** \~200 MW
   * **Contract:** 15-yr lease signed **Mar 28, 2025**
   * **Delivery window:** **1H 2026**
   * **Sources:** Galaxy FY24/Q1’25 PR; Q2’25 call transcript. [Galaxy Digital](https://investor.galaxy.com/news/news-details/2025/Galaxy-Announces-Fourth-Quarter-and-Full-Year-2024-Financial-Results/default.aspx?utm_source=chatgpt.com)
* **Phase II**
   * **Critical IT:** 260 MW | **Gross power:** \~400 MW
   * **Contract:** Option exercised **Apr 23, 2025**; lease **executed Aug 2025**
   * **Delivery window:** **throughout 2027**
   * **Sources:** Galaxy Apr 23 PR; Newswire copy; Aug 15 financing PR. [Galaxy Digital Newswire.ca+2](https://investor.galaxy.com/news/news-details/2025/Galaxy-Announces-Commitment-with-CoreWeave-to-Host-Additional-Artificial-Intelligence-and-High-Performance-Computing-Infrastructure-at-Helios-Data-Center-Campus/default.aspx?utm_source=chatgpt.com)
* **Phase III (final option)**
   * **Critical IT:** 133 MW | **Gross power:** \~200 MW
   * **Contract:** **Final option exercised (Q3 2025)**
   * **Delivery window:** **starting 2028**
   * **Sources:** Galaxy Q2’25 results PR; Aug 15 financing PR. [Galaxy Digital](https://investor.galaxy.com/news/news-details/2025/Galaxy-Announces-Second-Quarter-2025-Financial-Results/default.aspx?utm_source=chatgpt.com)

With Phase III exercised, **CoreWeave has committed to the full 800 MW of gross power approved at Helios**. **Sources:** Galaxy Q2’25 results PR; Galaxy newsroom PR (Aug 15). [Galaxy Digital](https://investor.galaxy.com/news/news-details/2025/Galaxy-Announces-Second-Quarter-2025-Financial-Results/default.aspx?utm_source=chatgpt.com)

**Footnotes / context**

1. **Gross vs. critical IT power:** Galaxy explicitly footnotes that Phase I/II/III equate to **\~200/400/200 MW gross** to deliver **133/260/133 MW critical IT**, and the schedule is **Phase I by end 1H26, Phase II in 2027, Phase III starting 2028**. [PR Newswire](https://www.prnewswire.com/news-releases/galaxy-announces-second-quarter-2025-financial-results-302521785.html?utm_source=chatgpt.com)
2. **Campus, not a single deed:** Galaxy’s April 23 release describes **800 MW gross already approved at the Helios project substation** (campus-level), and (at that time) **1.7 GW** more under load study. [Galaxy Digital](https://investor.galaxy.com/news/news-details/2025/Galaxy-Announces-Commitment-with-CoreWeave-to-Host-Additional-Artificial-Intelligence-and-High-Performance-Computing-Infrastructure-at-Helios-Data-Center-Campus/default.aspx)
3. **Update on expansion pipeline:** By **Aug 15, 2025**, Galaxy says it has **2.7 GW of additional power capacity under various stages of load study**, with **potential to 3.5 GW** at full build-out; this is separate from (and **in addition to**) the 800 MW already contracted to CoreWeave. [Galaxy Digital](https://investor.galaxy.com/news/news-details/2025/Galaxy-Closes-1-4-Billion-Project-Financing-Facility-to-Accelerate-Helios-AI-Datacenter-Development/default.aspx)
4. **New land + 1 GW interconnect request:** In the **Q2’25 earnings call**, Galaxy said it entered a **PSA for 160 acres** and submitted a **1 GW load interconnection request** adjacent to Helios (this 1 GW is part of the broader “under study” pool). [Q4 CDN](https://s201.q4cdn.com/407453138/files/doc_financials/2025/q2/Galaxy-Digital-Inc-2Q25-Earnings-Transcript.pdf?utm_source=chatgpt.com)

The question becomes - Who is committing to that additional 2.7 GigaWatts of power?

And it's not just in Galaxies thoughts and ideas. They recently closed on land adjacent to Helios in 2024 of 160 acres and very recently an agreement mentioned in their Q2 earnings call alluded to another 160 acres is now a done deal. So from their Q2 we have an agreement to the now signed and recorded deed this is a very real acquisition and commitment for Galaxy. Especially, the 1 GW power interconnect request that came with the property.

https://preview.redd.it/y505m06zejof1.png?width=2305&format=png&auto=webp&s=bb8458d05d64a8369fd23786ab928b606ac02c26

https://preview.redd.it/dk4gtg6zejof1.png?width=2317&format=png&auto=webp&s=b2bb232f8e1fd2f61dbbc0319c786c7b23ba50d3

Both of these deeds are from 2025 and are for the plots below in the large red square with green circles 33, 39 and I believe 37 give a total of another 160 acres. Everything that is highlighted or squared below is what Galaxy owns. The current Helios setup and committed 800 MW of active power is in the yellow square.

https://preview.redd.it/c14simu1fjof1.png?width=1248&format=png&auto=webp&s=ae1daeb6417548f90ef3474d5c99f17c95171cce

Even the neighboring plots are just a bunch of old people selling farmland. So the question becomes. Who is Galaxy building all of that active powered AI ready shells for? Again, at every turn CoreWeave has been the one to buy up the leases at a 15 year commit.

Now, if you remember there are additional tea leaves to follow here too. In the Q2 call Michael and team alluded to another extension that would be realized in Q3. We haven't heard about that as of yet. That is still a major Q3 catalyst we are all waiting for.

What we also know is that yesterday at the Goldman Sachs conference call the CoreWeave team was asked a question, ""are there or do you see any more multi-billion dollar deals being done?"" How CoreWeave replied was telling, they neither confirmed nor denied but what they did say is this.

* What they are seeing now is an inflection point in demand.
* Customers are coming to them for longer contracts (extended time periods)
* And customers are requesting the very highest end GPU's which are currently the GB Ultra 300's NVL72 racks.
* **We talked to insiders and even the NBIS deal as large as it is still doesn't fix the problem - They need still need more**
* **There is an insatiable demand for AI**

To me, what this is all saying is that reasoning models are burning through GPU's. Empirically I know this to be true but the comment from CoreWeave just outright confirms this. And to that point the very next hours of yesterday during Oracle's earnings call they reported a massive 300B data center deal and need.

So right there, only hours later another major multi-billion dollar deal was being done.

And Michael alluded to that whatever the NBIS deal is that still isn't enough. But why? Reasoning models while so much better than before they are slower than hell at returning an answer. Sam Altman literally said, ""we have even way larger and better models but we don't have the capacity (GPU'S) to give them to you.""

Tracking it all, there is still an insatiable demand and obvious capacity constraints.

Again, what is Galaxy doing buying all this land and land studying 2.7 GigaWatts of additional power for? To me, that has to be some NDA'd customer that is committing to that data center scale. So, why not CoreWeave? They are already a preferred customer and have commited to 800 MW already from Galaxy.

And it gets even better.

Remember that the US power grid is so strained right now anyone gaining access to it is basically given contract. Literally, that is the Vineland NJ deal for NBIS and Microsoft. The initial deal from MSFT is you have 200 MW - 300 MW of power coming online, ""We'll take that right now."" No questions asked.

What if at some milestone i.e. permit checkmark or otherwise Galaxy says we are ready to establish Phase 4, 5, 6, 7 to commit/contract out? That I know is going to occur but the only real question I have is how fast can that unbeknownst to me milestone occur to give an official deal channel from CoreWeave with Galaxy and thus CoreWeave to Hyperscaler?

Well, if you remember, President Trump and the EPA now have an official fast track AI infrastructure plan which is to remove hurdles and obstacles to get AI powered shells up and going as fast as possible. That's net new from just a couple months ago.

The largest benefit that will shave off 18-30 months of a normal project is letting the landlord build first without have any emissions and working in parrell for the other land and water regulations that have to occur whilst trying to fast track those parts and pieces too.

https://preview.redd.it/m7wfsck4fjof1.png?width=750&format=png&auto=webp&s=a33d66c4065dc93933a4174a66d95321146b6ee3

**Current Understanding of New EPA Rules**

* **Executive Order is in force.** EO **14318** “Accelerating Federal Permitting of Data Center Infrastructure” was signed **July 23, 2025** and published in the Federal Register **July 28, 2025**. It directs agencies to use FAST-41, NEPA categorical exclusions, and other shortcuts for large (100 MW+) AI data centers and their power infrastructure. [The White House](https://www.whitehouse.gov/presidential-actions/2025/07/accelerating-federal-permitting-of-data-center-infrastructure/?utm_source=chatgpt.com)
* **EPA has announced rulemaking (proposed).** On **Sept 9, 2025**, EPA said it will revise the “**Begin Actual Construction**” definition under Clean Air Act NSR so **non-emitting work can start before air permits are issued**; formal rule text isn’t final yet. [US EPA](https://www.epa.gov/newsreleases/epa-announces-permitting-reform-provide-clarity-expedite-construction-essential-power?utm_source=chatgpt.com)
* **FAST-41 dashboard exists but no AI data centers listed yet.** The Permitting Council’s dashboard shows covered/transparency projects; as of today there’s **no clearly labeled AI data center project** posted. (Categories are public, but specific AI DC entries aren’t there yet.) [Performance.gov Permitting Council](https://www.permits.performance.gov/projects/fast-41-covered?utm_source=chatgpt.com)

The update of you can begin construction now before needing the Clean Air Act NSR air permits are needed to begin non-emitting work. That's massive. I believe this could usher in commitments and deal sign-offs a lot sooner.

You show the hyperscaler you have a powered shell commit and they are ready to contract up; right way. For these reasons I believe we may get a massive new deal in the range of $22 - $50 Billion dollars to assure that whatever capacity Galaxy and CoreWeave yield is committed to throughout a longer 7 - 10 year capacity commitment.

This is the only thing that makes sense for what Galaxy is doing. Of course I could be wrong or my timeline could be way off so we shall see.

Here is Helios in 2024

https://preview.redd.it/1xnbc7o6fjof1.png?width=1491&format=png&auto=webp&s=0e0cc8822e2da508d1f6f22ff0731f17439bf719

If this looks crude and unorganized but effective that's because it is. This is mostly the power Galaxy's Helios had up and running for coin mining operations converted now over for the AI new big oil gold rush.

Interestingly Nvidia (NVDA) has released a new blog post on September 9th 2025 giving reference designs for what Giga-Scale AI Factories should look like and as you see the comparison they are nothing what the current Helios design looks like today.

[NVIDIA Partners With AI Infrastructure Ecosystem to Unveil Reference Design for Giga-Scale AI Factories](https://blogs.nvidia.com/blog/ai-factories-reference-design/)

At the AI Infrastructure Summit, NVIDIA’s Ian Buck introduces a reference design and partner-driven strategy to transform global infrastructure for high-performance, energy-efficient AI.

https://preview.redd.it/crm4amz8fjof1.png?width=1280&format=png&auto=webp&s=5a727438a89a019d52ad6e012a73f53ec06da4f2

Data center Giga-Scale factories are here and Galaxy has a front row seat to massive income and incoming AI capex. Hyperscalers are paying out huge amounts of cash to anyone and everyone who can procure massive amounts of power. Galaxy is actively doing just this.

**My current positions:** I've opened a small position in GLXY and will be adding more Today!

https://preview.redd.it/loxvr7kbfjof1.png?width=1801&format=png&auto=webp&s=1302fe5d76d95546311fe7b791e1fa3c48842b29

https://preview.redd.it/fyfld7kbfjof1.png?width=1735&format=png&auto=webp&s=1b813ff58b8362500eed18a1f6175fca8218295f

https://preview.redd.it/vq3p08kbfjof1.png?width=1729&format=png&auto=webp&s=cb76ca1a082281873078f596d0e5ac0cfac6e17b

",121,1757597412.0,
1nems3r,GOOGL day trade,"It’s not sustainable but I keep hitting on intra day google dips.

If I notice GOOGL trading opposite the general market, I’ve been buying same week ITM calls and selling them before close. I immediately set a 10-20% stop loss which you can see canceled in the screenshot. GOOGL’s relative strength is insanely high at the moment and it won’t last forever, but it’s worked well the last couple months. I went very bold on my sizing today because I liked the setup. 

This is not financial advice 😉",116,1757630258.0,
1nybong,Betting on big boats to get a big boat,"Hello there nerds, ladies, and gentlemen, 

I want to get yacht money, so I am buying up a boat business (CCL). They've already got big boy boats. Cutting out the middlemen sales people seems like it'll save some money in the long run.

Given I need a boat that I can take the whole family on, I had to do what any reasonable person would do and put some money towards a [177,800 ton](https://www.prnewswire.com/news-releases/star-princess-sets-sail-on-maiden-voyage-from-barcelona-302575263.html) cabin cruiser. 

The boring stuff:  
Repeated quarterly earnings records  
Debt is being reduced and consolidated to lower borrowing costs  
New boats (i.e. large capital expenditures) now taking paying customers  
2026 already half booked and at higher prices than 2025  
Stable EPS increases and adjusted net income trending upward at double digit rates

Q&A:  
Q: Why CCL stock?  
A: Only boats that have enough tonnage to support my mother. 

Q: Are you dumb?  
A: I can't read the question, can you ask it out loud? 

Q: Have you considered the fact it's hard to trade while at sea?  
A: Do you see how much [internet ](https://www.carnival.com/internet-plans)costs on these boats? That's called filthy profit margins. Truly disgusting.

Q: What else is in your portfolio?  
A: already long on PLTR, NVDA, MSFT, GOOGL, and QCOM.

Thoughts? If this goes well I should be able to get a nice kayak to trade up from into a bigger boat. 

",73,1759628727.0,
1nnps1s,$25K into RZLV $5 Feb’26 calls,"RZLV has partnerships with Microsoft and Google, huge institutional backing (citadel, ark) and has massive earnings the CEO is hyping up next week. Hoping these print. Wish me luck 🤞anyone else is on RZLV? ",73,1758555307.0,
1np10yv,Just bought TTD,"I saw a DD here on TTD a few days ago and decided to jump in. They are the market leader in what they do. Some will say it’s overvalued. Well, in my experience market doesn’t run on overvalued or undervalued, only on emotions. 
Price seems pretty low currently so I bought in.

The Trade Desk (TTD) continues to demonstrate its strength as a long-term investment in the evolving digital advertising space. The company’s robust demand-side platform enables advertisers to manage and optimize data-driven campaigns across various channels, including connected TV (CTV)—a segment growing rapidly as traditional TV declines. CEO Jeff Green has previously stated, “We process more transactions in one day than Visa does in a year,” underscoring the scale and efficiency of their real-time bidding architecture. TTD’s platform is built on transparency and independence, positioning it well against walled gardens like Google and Meta.

Institutional confidence in TTD is also rising. Notably, Intech Investment Management LLC boosted its stake by over 5,700%, Los Angeles Capital Management LLC initiated a $68.6 million position, and ARK Invest (Cathie Wood) recently added 210,664 shares (~$29.5M) to its ARKW fund. LaFleur & Godfrey LLC and several others have also increased exposure. These large bets from respected hedge funds signal strong conviction in TTD’s scalability and future cash flow.

Given its proven leadership, deep industry integration, and consistent innovation in programmatic ad tech, TTD is well-positioned for long-term growth—especially as advertisers shift more spend toward measurable, real-time channels like CTV.

My positions included. This is not financial advice. Invest or not, at your own risk.",52,1758682075.0,
1nqnfgj,RGTI - Am I cooked or going to be rich? (Many puts),"I’m confident that RGTI (and all) of quant is about to collapse because it’s so insanely overvalued. The public is realizing the Google outspends these smaller competitors in quantum many times over. Also, RGTI specifically has effectively no revenues. The RGTI bulls are about to get burned, but when? ",57,1758846930.0,
1nx4rvq,All time gains ( mostly options on SPY),As you can see there were a few dips - but I held on and rebalanced a few positions and at 180% return over the last four years ,41,1759510846.0,
1nhts5l,Closed positions before holidays,"Greece, here I go!

Thanks Google. May a dip happen so I can hop on again 🙌🏻💥

One year after I gave back all my gains because of NVDA. Finally recovered my profits.",27,1757960660.0,
1nd5tsw,Thanks again Goog,+43k realized YTD on goog. +65k if realize latest position. Holding til $300.,19,1757482158.0,
1nd2vy4,WMT - now or never,"https://imgur.com/a/kvTffNS

I dont usually hold options for more than a couple of days. I realize after I sell if I would have hold on longer I could have made alot more profit. I had bought leaps on UNH and google and sold them too soon. Let's see what happens here.",15,1757472605.0,
1nnzquy,To Valhalla.,Bought a bunch of moonshot stocks last Wednesday. Positions in pics,15,1758577951.0,
1o1ftxv,YOLO on $AI,"Pray for me.

EDIT: **DD: $AI (C3.ai) – Why I’m Bullish**

**Price Context:**  
Current Price: \~$19  
52-Week Range: $14.7 – $45

# 1️⃣ Strategic Partnerships Driving Growth

[C3.ai](http://C3.ai) has locked in some heavyweight partners that could accelerate enterprise adoption:

* **Microsoft**: Preferred enterprise AI partner – huge reach.
* **AWS & Google Cloud**: Strong cloud infrastructure + co-selling.
* **McKinsey QuantumBlack**: Combining AI expertise with consulting muscle – serious enterprise credibility.

These partnerships are not just logos; they’re pipeline multipliers.

# 2️⃣ Financial & Business Model Tailwinds

* **Subscription revenue = 86% of total revenue** → strong recurring cash flow.
* **Shift to consumption-based SaaS** → revenue scales with client usage, aligning incentives and improving financial stability.
* **Cash > Debt** → buffer against AI hype swings and market volatility.

Basically, the company has a runway to execute without burning out.

# 3️⃣ Market Opportunity

* Enterprise AI adoption is still in **early innings**.
* [C3.ai](http://C3.ai) targets **industry-specific AI apps**, not generic AI tools – harder to displace and sticky revenue.
* Big enterprise names trust their platform – the network effect matters.

# 4️⃣ Risk vs. Reward

* **Current Price = Lower risk entry point** (50%+ from 52-week high).
* Short-term execution hiccups exist (pilot conversions, margins), but these are normal growing pains in enterprise AI.
* CEO & leadership transitions could be uncertainty, but also opportunity if new strategies stick.

Bottom line: downside is somewhat contained at current valuations; upside is huge if enterprise AI adoption accelerates.

# 5️⃣ Why Now

* Price has already retraced massively → good risk/reward.
* Strategic partnerships & McKinsey deal signal **enterprise confidence**.
* Market volatility = opportunity for patient bulls.

**TL;DR:**  
[C3.ai](http://C3.ai) is a **low-risk entry** for bulls who believe in enterprise AI. Partnerships, recurring revenue, and consumption-based SaaS are strong tailwinds. ",6,1759942013.0,
1o3dbm7,Enjoy the weekend,"🔴 Dow           -1.9%

🔴 S&P            -2.7%

🔴 Russell      -3.0%

🔴 Nasdaq     -3.6%

Enjoy the weekend",34975,1760131052.0,
1nudpyu,I’m going to stop gambling,Didn’t sleep for the past 4 days. I bought the top of $CRWV last week at $138.. saw my calls evaporate to -95% & eventually the news today with $META saved my calls.. closed out at $6.00 this morning. I’m going to stop gambling and just DCA. Thank you for your attention to this matter! ,1630,1759240161.0,
1nj4z5z,JP Morgan Analyst said buy $OPEN . And i went all In,Trust JP Morgan 📈💰😉,617,1758088088.0,
1nucixc,$CRWV climbs 10% with announcement of $14billion AI deal with Meta.,[https://www.cnbc.com/2025/09/30/coreweave-meta-deal-ai.html](https://www.cnbc.com/2025/09/30/coreweave-meta-deal-ai.html),582,1759237159.0,
1o3vwnl,Anyone hiring? Willing to do charlie work,"It's always sunny reference. Been betting on a correction for the past 2 weeks and lost most bets. Recently turned bullish and got wrecked friday. Mostly lost on qqq 0dtes, meta & app & oklo puts, Amzn & iren calls",119,1760189984.0,
1njeymd,"$SNAP - Chats in, I'm in","NFA, DYOR

\---

Paperhands pick of the day. Really that simple chat - seeings a lot of this one and no bers. I do no research, I blindly follow the crowd. Buy now, DD later. Why is this a bad investment? Tell me it's horrible. Charts look like good entrance after a dip, 470m daily active users, 13b market cap, was trading over $10 literally 2 months ago. With tik tok rumors / stuff, perhaps this one has some upside too. No idea, I monkeyed in and am doing my dd later.

\---

Update: Tripled down today after posting + doing some DD with chat. As per GPT: ""A recent Snapchat advertising bug in Q2 2025 allowed some ads to be sold at significantly discounted rates, impacting the company's revenue growth and causing its stock price to fall"". Popular with the younger generation and revenue is going up (ie: growing).

Chat told me bug was fixed, it's popular with young generation & just saw a massive dip. I blindly trusted chat. 3k leaps. Max risk exposure for me.

\---

Update #2 (more DD): ""I coach a 13-18yr old basketball team at my ymca and every single kid uses Snapchat exclusively as their primary messaging app. No instagram or X. (In Texas)"". All the young people love / still use this one. More bullish than ever. This one is gonna have a meta moment.

\---

Update #3 (more DD / some handwaved numbers): Valued at like $20 / DAILY user and all users are teenagers. That's undervalued on that alone. I'm sure they can figure out a way to extract more than $20 in revenue from that market. Lots of people have streaks exceeding 1000 days. You just gotta make (quite literally) 2cents off a DAILY user a day to justify it. That's like a single ad. This one is hella underpriced

\---

$SNAP about to have a meta moment. Paperhands 1m long on leaps.

Paperhands +2.1m, 35 days. How's the cino been treating you?? Plays posted as I made them. Max bet size $800k, sans this one ($1.1m). 10 bets made - see post history.

\---

Goodluck in the casino.",57,1758119966.0,
1o1f7zi,Figma cuz Ligma ballz haters,"Meta needs to join the AI circle jerk
",46,1759940655.0,
1nqd7cr,Single Cell Analyst couldn't be more wrong about INTEL and AI,"# Single Cell Analysts and Investors are fucking wrong, and NVIDIA interest in INTEL proves it

AI runs on GPUs, right? RIGHT?

The answer is it depends. And most people (including developers) don't know that, but they will know, eventually

Let's begin with memory bandwidth from now on BW

Each token generation requires accessing ALL model weights, that means for each output token you need to load the entire model so how fast you load that model in memory, for that bw was the major limitation of CPUs ultill the next gen

The current top xeon has 0.614TB/s which is a ton, and could be working on dual configuration with 6TB RAM at 1,7TB/s but Top GPUs like A100 have 2TB/s and H100 has 3TB/s, the next generation of Intel Xeon 18A is expected to have \~2TB/s. Positioning near A100.

BW tl;dr: \*\*Usually doubling bandwidth roughly doubles token generation speed  
BW deepdive:  [https://www.reddit.com/r/LocalLLaMA/comments/1brcnps/is\_inferencing\_memory\_bandwidth\_limited/](https://www.reddit.com/r/LocalLLaMA/comments/1brcnps/is_inferencing_memory_bandwidth_limited/)



Let's keep going, usually big chunk papa models cannot and will not work on a CPU period, but advances in quantization(from now on Q\_) made possible to run big papa models like gpt-oss 120b run on a CPU with a loss in accuracy near to 2%

Usually models are based on 16B and Q\_ down to 8 or 4, each time you half the number of bits, it halves the model size. For example GPT-OSS could run Q\_8 with only 60GB what makes possible to run at any modern workstation CPU RAM. You have 2 modules of 32GB DDR5? Boom you can run Q\_ big papa models

Q\_ tl;dr: CPUs can run big models on RAM now

Q\_ deepdive: [https://developer.nvidia.com/blog/optimizing-llms-for-performance-and-accuracy-with-post-training-quantization/](https://developer.nvidia.com/blog/optimizing-llms-for-performance-and-accuracy-with-post-training-quantization/)

[https:\/\/developer.nvidia.com\/blog\/optimizing-llms-for-performance-and-accuracy-with-post-training-quantization\/](https://preview.redd.it/xjqr7wqojcrf1.png?width=1080&format=png&auto=webp&s=7b50372aec5d17a684cfa3882534067d4bd58844)

Let's talk about money, while a GPU is the king and surpasses the CPU in every metric possible, CPUs are crazy energy efficient and versatile, but what does it mean? It means that server providers are more prone to buy a CPU because they have a wider set of applications, and not only inference so they can have less idle time and more money back from their chips, since we discussed earlier, not everyone needs the biggest model available and token generation speed in new Xeon processors with CPU tokens per second sucks vs GPU they are not even close, but! Look at performance:

[https:\/\/www.nscale.com\/blog\/cpu-inferencing-why-not](https://preview.redd.it/8h79t8kqjcrf1.png?width=1080&format=png&auto=webp&s=6e3f3f23a5491adf4064be81e5af3be9a53dd86c)

Oh boy, you can bet small to mid-sized businesses are going to notice this, since this graph is not suitable for large environments where inference is handled by a cluster using vLLM or other software that allows load distribution and pipeline parallelism.

And they are not only crazy efficient but Intel is positioning at the most competitive chips for LLM inference per dollar:  
[https://www.reddit.com/r/LocalLLaMA/comments/1jxwk05/intel\_6944p\_the\_most\_cost\_effective\_cpu\_solution/](https://www.reddit.com/r/LocalLLaMA/comments/1jxwk05/intel_6944p_the_most_cost_effective_cpu_solution/)

Lastly, the necessity of private LLM execution for small and mid-sized businesses is a niche that perfectly meets CPU inference.

[https://openmetal.io/resources/blog/private-ai-cpu-vs-gpu-inference/](https://openmetal.io/resources/blog/private-ai-cpu-vs-gpu-inference/)

On top of all of this, Intel and NVIDIA reached an agreement which announcement literally says: ""For data centers, Intel will build NVIDIA-custom x86 CPUs that NVIDIA will integrate into its AI infrastructure platforms and offer to the market.""  
[https://newsroom.intel.com/artificial-intelligence/intel-and-nvidia-to-jointly-develop-ai-infrastructure-and-personal-computing-products](https://newsroom.intel.com/artificial-intelligence/intel-and-nvidia-to-jointly-develop-ai-infrastructure-and-personal-computing-products)  
So you can bet every board in a data center that works with Nvidia will have an Intel-manufactured CPU, which means that NVIDIA could be one of the first clients of the new Foundries that could be followed by other manufacturers and fabless chip designers.

tl;dr: buy intel

positons: [https://www.reddit.com/r/wallstreetbets/comments/1fw14ev/in\_intc\_i\_trust/](https://www.reddit.com/r/wallstreetbets/comments/1fw14ev/in_intc_i_trust/)

",39,1758821806.0,
1nqmmm7,"SNAP, crackle, POP","Pretty committed here. Timing is everything, but want to get everyone’s thoughts that is currently invested.

Nearly 900mm active users with a path to monetization. The snap glasses are tapping into wearable technology (alongside meta) and a growing subscription based model.",23,1758844686.0,
1o3ww6x,First day of options ever,,16,1760192568.0,
1nztvwr,It’s been a good week,"TSLA options last week, 435c for 10/17 sold today
Bought META 700c and RDDT 200c that just ripped today as well ",14,1759781411.0,
1nx1q6l,Upcoming plays,"*Can’t predict the market this short term*

Ok so I was looking for new ones since my AAPL LLY CIRCLE and FIGMA plays

Spotify and Meta seem oversold IMO and META has earnings 10/29, I think their AI game/plans is 2nd best around. I think they will grab more ad rev due to it, META is very well run and I think they are cheap rn, I have shares as well. I THINK (not know) they will have a little run up up until their earnings at the end of the month!

And yes I wish I held LLY, I got talked into selling them because I was up so much, I really thought they would hit 830 since July…",15,1759504094.0,
1njqvfw,Juicy Netflix Gain today.,Bought NFLX calls around the 1190-1120 range when my algorithm popped a buy signal. Good hit here. ,21,1758147025.0,
1nf3z28,$150K on AMC:  2026 Blockbuster Movie Slate Could Be Historic,"AMC has been left for dead but as we have just observed in OPEN, a Phoenix can always rise from the ashes.

I believe the 2026 blockbuster movie slate is going to set records for movie theater revenues.  In addition to the Paul Thomas Anderson/Leonardo DiCaprio film “One Battle After Another” that is coming out September 26, 2025, check out what’s coming out in 2026:

The Super Mario Bros. Movie 2
Toy Story 5
Avengers: Doomsday
Dune: Part Three
Spider-Man: Brand New Day
The Mandalorian and Grogu
Moana (live-action remake)
A new Christopher Nolan film, The Odyssey

2026 could be the redemption arc for AMC just like 2025 has been for OPEN.

Good luck out there.  I’m shooting my shot.",10,1757685489.0,
